#! /usr/bin/vvp
:ivl_version "10.3 (stable)";
:ivl_delay_selection "TYPICAL";
:vpi_time_precision - 12;
:vpi_module "system";
:vpi_module "vhdl_sys";
:vpi_module "v2005_math";
:vpi_module "va_math";
S_0x56153329c500 .scope module, "tb_soc" "tb_soc" 2 3;
 .timescale -9 -12;
P_0x561533245d80 .param/str "MEM_FILE" 0 2 4, "src/smoke.hex";
v0x5615333745e0_0 .var "clk", 0 0;
v0x5615333746a0_0 .var/i "cycles", 31 0;
v0x561533374780_0 .net "gpio_out", 31 0, v0x56153332dae0_0;  1 drivers
v0x561533374880_0 .var "rst_n", 0 0;
v0x561533374920_0 .net "tohost_data", 31 0, v0x561533374230_0;  1 drivers
v0x561533374a10_0 .net "tohost_valid", 0 0, v0x561533374310_0;  1 drivers
v0x561533374ae0_0 .net "trap", 0 0, v0x56153332c8e0_0;  1 drivers
E_0x561533276c40 .event posedge, v0x561533249930_0;
S_0x561533299560 .scope module, "dut" "simple_soc" 2 16, 3 1 0, S_0x56153329c500;
 .timescale 0 0;
    .port_info 0 /INPUT 1 "clk"
    .port_info 1 /INPUT 1 "rst_n"
    .port_info 2 /OUTPUT 1 "tohost_valid"
    .port_info 3 /OUTPUT 32 "tohost_data"
    .port_info 4 /OUTPUT 32 "gpio_out"
    .port_info 5 /OUTPUT 1 "trap"
P_0x5615332f14f0 .param/l "GPIO_ADDR" 1 3 13, C4<00010000000000000000000000000100>;
P_0x5615332f1530 .param/str "MEM_FILE" 0 3 3, "src/smoke.hex";
P_0x5615332f1570 .param/l "MEM_WORDS" 0 3 2, +C4<00000000000000000001000000000000>;
P_0x5615332f15b0 .param/l "TOHOST_ADDR" 1 3 12, C4<00010000000000000000000000000000>;
v0x56153332cd60_0 .net *"_s1", 29 0, L_0x561533374bd0;  1 drivers
v0x56153332ce60_0 .net *"_s10", 31 0, L_0x561533384fb0;  1 drivers
v0x56153332cf40_0 .net *"_s13", 29 0, L_0x561533385080;  1 drivers
L_0x7fd546f700a8 .functor BUFT 1, C4<00000000000000000000000000010011>, C4<0>, C4<0>, C4<0>;
v0x56153332d000_0 .net/2u *"_s14", 31 0, L_0x7fd546f700a8;  1 drivers
v0x56153332d0e0_0 .net *"_s2", 31 0, L_0x561533374cc0;  1 drivers
L_0x7fd546f70018 .functor BUFT 1, C4<00>, C4<0>, C4<0>, C4<0>;
v0x56153332d210_0 .net *"_s5", 1 0, L_0x7fd546f70018;  1 drivers
L_0x7fd546f70060 .functor BUFT 1, C4<00000000000000000001000000000000>, C4<0>, C4<0>, C4<0>;
v0x56153332d2f0_0 .net/2u *"_s6", 31 0, L_0x7fd546f70060;  1 drivers
v0x56153332d3d0_0 .net *"_s8", 0 0, L_0x561533384e40;  1 drivers
v0x56153332d490_0 .net "clk", 0 0, v0x5615333745e0_0;  1 drivers
v0x56153332d530_0 .net "dbg_instr", 31 0, L_0x561533387d00;  1 drivers
v0x56153332d5f0_0 .net "dbg_pc", 31 0, L_0x5615333878c0;  1 drivers
v0x56153332d690_0 .net "dmem_addr", 31 0, L_0x561533387510;  1 drivers
v0x56153332d730_0 .var "dmem_rdata", 31 0;
v0x56153332d7d0_0 .net "dmem_valid", 0 0, L_0x561533387a60;  1 drivers
v0x56153332d870_0 .net "dmem_wdata", 31 0, v0x56153332b2c0_0;  1 drivers
v0x56153332d940_0 .net "dmem_we", 0 0, L_0x561533387b70;  1 drivers
v0x56153332da10_0 .net "dmem_wstrb", 3 0, v0x56153332b460_0;  1 drivers
v0x56153332dae0_0 .var "gpio_out", 31 0;
v0x56153332db80_0 .net "imem_addr", 31 0, L_0x561533387380;  1 drivers
v0x56153332dc50_0 .net "imem_rdata", 31 0, L_0x5615333851a0;  1 drivers
v0x56153332dcf0_0 .var/i "k", 31 0;
v0x56153332ddd0 .array "mem", 4095 0, 31 0;
v0x561533374140_0 .net "rst_n", 0 0, v0x561533374880_0;  1 drivers
v0x561533374230_0 .var "tohost_data", 31 0;
v0x561533374310_0 .var "tohost_valid", 0 0;
v0x5615333743d0_0 .net "trap", 0 0, v0x56153332c8e0_0;  alias, 1 drivers
v0x561533374470_0 .net "trap_pc", 31 0, v0x56153332c980_0;  1 drivers
v0x56153332ddd0_0 .array/port v0x56153332ddd0, 0;
v0x56153332ddd0_1 .array/port v0x56153332ddd0, 1;
v0x56153332ddd0_2 .array/port v0x56153332ddd0, 2;
E_0x5615332774a0/0 .event edge, v0x56153332b040_0, v0x56153332ddd0_0, v0x56153332ddd0_1, v0x56153332ddd0_2;
v0x56153332ddd0_3 .array/port v0x56153332ddd0, 3;
v0x56153332ddd0_4 .array/port v0x56153332ddd0, 4;
v0x56153332ddd0_5 .array/port v0x56153332ddd0, 5;
v0x56153332ddd0_6 .array/port v0x56153332ddd0, 6;
E_0x5615332774a0/1 .event edge, v0x56153332ddd0_3, v0x56153332ddd0_4, v0x56153332ddd0_5, v0x56153332ddd0_6;
v0x56153332ddd0_7 .array/port v0x56153332ddd0, 7;
v0x56153332ddd0_8 .array/port v0x56153332ddd0, 8;
v0x56153332ddd0_9 .array/port v0x56153332ddd0, 9;
v0x56153332ddd0_10 .array/port v0x56153332ddd0, 10;
E_0x5615332774a0/2 .event edge, v0x56153332ddd0_7, v0x56153332ddd0_8, v0x56153332ddd0_9, v0x56153332ddd0_10;
v0x56153332ddd0_11 .array/port v0x56153332ddd0, 11;
v0x56153332ddd0_12 .array/port v0x56153332ddd0, 12;
v0x56153332ddd0_13 .array/port v0x56153332ddd0, 13;
v0x56153332ddd0_14 .array/port v0x56153332ddd0, 14;
E_0x5615332774a0/3 .event edge, v0x56153332ddd0_11, v0x56153332ddd0_12, v0x56153332ddd0_13, v0x56153332ddd0_14;
v0x56153332ddd0_15 .array/port v0x56153332ddd0, 15;
v0x56153332ddd0_16 .array/port v0x56153332ddd0, 16;
v0x56153332ddd0_17 .array/port v0x56153332ddd0, 17;
v0x56153332ddd0_18 .array/port v0x56153332ddd0, 18;
E_0x5615332774a0/4 .event edge, v0x56153332ddd0_15, v0x56153332ddd0_16, v0x56153332ddd0_17, v0x56153332ddd0_18;
v0x56153332ddd0_19 .array/port v0x56153332ddd0, 19;
v0x56153332ddd0_20 .array/port v0x56153332ddd0, 20;
v0x56153332ddd0_21 .array/port v0x56153332ddd0, 21;
v0x56153332ddd0_22 .array/port v0x56153332ddd0, 22;
E_0x5615332774a0/5 .event edge, v0x56153332ddd0_19, v0x56153332ddd0_20, v0x56153332ddd0_21, v0x56153332ddd0_22;
v0x56153332ddd0_23 .array/port v0x56153332ddd0, 23;
v0x56153332ddd0_24 .array/port v0x56153332ddd0, 24;
v0x56153332ddd0_25 .array/port v0x56153332ddd0, 25;
v0x56153332ddd0_26 .array/port v0x56153332ddd0, 26;
E_0x5615332774a0/6 .event edge, v0x56153332ddd0_23, v0x56153332ddd0_24, v0x56153332ddd0_25, v0x56153332ddd0_26;
v0x56153332ddd0_27 .array/port v0x56153332ddd0, 27;
v0x56153332ddd0_28 .array/port v0x56153332ddd0, 28;
v0x56153332ddd0_29 .array/port v0x56153332ddd0, 29;
v0x56153332ddd0_30 .array/port v0x56153332ddd0, 30;
E_0x5615332774a0/7 .event edge, v0x56153332ddd0_27, v0x56153332ddd0_28, v0x56153332ddd0_29, v0x56153332ddd0_30;
v0x56153332ddd0_31 .array/port v0x56153332ddd0, 31;
v0x56153332ddd0_32 .array/port v0x56153332ddd0, 32;
v0x56153332ddd0_33 .array/port v0x56153332ddd0, 33;
v0x56153332ddd0_34 .array/port v0x56153332ddd0, 34;
E_0x5615332774a0/8 .event edge, v0x56153332ddd0_31, v0x56153332ddd0_32, v0x56153332ddd0_33, v0x56153332ddd0_34;
v0x56153332ddd0_35 .array/port v0x56153332ddd0, 35;
v0x56153332ddd0_36 .array/port v0x56153332ddd0, 36;
v0x56153332ddd0_37 .array/port v0x56153332ddd0, 37;
v0x56153332ddd0_38 .array/port v0x56153332ddd0, 38;
E_0x5615332774a0/9 .event edge, v0x56153332ddd0_35, v0x56153332ddd0_36, v0x56153332ddd0_37, v0x56153332ddd0_38;
v0x56153332ddd0_39 .array/port v0x56153332ddd0, 39;
v0x56153332ddd0_40 .array/port v0x56153332ddd0, 40;
v0x56153332ddd0_41 .array/port v0x56153332ddd0, 41;
v0x56153332ddd0_42 .array/port v0x56153332ddd0, 42;
E_0x5615332774a0/10 .event edge, v0x56153332ddd0_39, v0x56153332ddd0_40, v0x56153332ddd0_41, v0x56153332ddd0_42;
v0x56153332ddd0_43 .array/port v0x56153332ddd0, 43;
v0x56153332ddd0_44 .array/port v0x56153332ddd0, 44;
v0x56153332ddd0_45 .array/port v0x56153332ddd0, 45;
v0x56153332ddd0_46 .array/port v0x56153332ddd0, 46;
E_0x5615332774a0/11 .event edge, v0x56153332ddd0_43, v0x56153332ddd0_44, v0x56153332ddd0_45, v0x56153332ddd0_46;
v0x56153332ddd0_47 .array/port v0x56153332ddd0, 47;
v0x56153332ddd0_48 .array/port v0x56153332ddd0, 48;
v0x56153332ddd0_49 .array/port v0x56153332ddd0, 49;
v0x56153332ddd0_50 .array/port v0x56153332ddd0, 50;
E_0x5615332774a0/12 .event edge, v0x56153332ddd0_47, v0x56153332ddd0_48, v0x56153332ddd0_49, v0x56153332ddd0_50;
v0x56153332ddd0_51 .array/port v0x56153332ddd0, 51;
v0x56153332ddd0_52 .array/port v0x56153332ddd0, 52;
v0x56153332ddd0_53 .array/port v0x56153332ddd0, 53;
v0x56153332ddd0_54 .array/port v0x56153332ddd0, 54;
E_0x5615332774a0/13 .event edge, v0x56153332ddd0_51, v0x56153332ddd0_52, v0x56153332ddd0_53, v0x56153332ddd0_54;
v0x56153332ddd0_55 .array/port v0x56153332ddd0, 55;
v0x56153332ddd0_56 .array/port v0x56153332ddd0, 56;
v0x56153332ddd0_57 .array/port v0x56153332ddd0, 57;
v0x56153332ddd0_58 .array/port v0x56153332ddd0, 58;
E_0x5615332774a0/14 .event edge, v0x56153332ddd0_55, v0x56153332ddd0_56, v0x56153332ddd0_57, v0x56153332ddd0_58;
v0x56153332ddd0_59 .array/port v0x56153332ddd0, 59;
v0x56153332ddd0_60 .array/port v0x56153332ddd0, 60;
v0x56153332ddd0_61 .array/port v0x56153332ddd0, 61;
v0x56153332ddd0_62 .array/port v0x56153332ddd0, 62;
E_0x5615332774a0/15 .event edge, v0x56153332ddd0_59, v0x56153332ddd0_60, v0x56153332ddd0_61, v0x56153332ddd0_62;
v0x56153332ddd0_63 .array/port v0x56153332ddd0, 63;
v0x56153332ddd0_64 .array/port v0x56153332ddd0, 64;
v0x56153332ddd0_65 .array/port v0x56153332ddd0, 65;
v0x56153332ddd0_66 .array/port v0x56153332ddd0, 66;
E_0x5615332774a0/16 .event edge, v0x56153332ddd0_63, v0x56153332ddd0_64, v0x56153332ddd0_65, v0x56153332ddd0_66;
v0x56153332ddd0_67 .array/port v0x56153332ddd0, 67;
v0x56153332ddd0_68 .array/port v0x56153332ddd0, 68;
v0x56153332ddd0_69 .array/port v0x56153332ddd0, 69;
v0x56153332ddd0_70 .array/port v0x56153332ddd0, 70;
E_0x5615332774a0/17 .event edge, v0x56153332ddd0_67, v0x56153332ddd0_68, v0x56153332ddd0_69, v0x56153332ddd0_70;
v0x56153332ddd0_71 .array/port v0x56153332ddd0, 71;
v0x56153332ddd0_72 .array/port v0x56153332ddd0, 72;
v0x56153332ddd0_73 .array/port v0x56153332ddd0, 73;
v0x56153332ddd0_74 .array/port v0x56153332ddd0, 74;
E_0x5615332774a0/18 .event edge, v0x56153332ddd0_71, v0x56153332ddd0_72, v0x56153332ddd0_73, v0x56153332ddd0_74;
v0x56153332ddd0_75 .array/port v0x56153332ddd0, 75;
v0x56153332ddd0_76 .array/port v0x56153332ddd0, 76;
v0x56153332ddd0_77 .array/port v0x56153332ddd0, 77;
v0x56153332ddd0_78 .array/port v0x56153332ddd0, 78;
E_0x5615332774a0/19 .event edge, v0x56153332ddd0_75, v0x56153332ddd0_76, v0x56153332ddd0_77, v0x56153332ddd0_78;
v0x56153332ddd0_79 .array/port v0x56153332ddd0, 79;
v0x56153332ddd0_80 .array/port v0x56153332ddd0, 80;
v0x56153332ddd0_81 .array/port v0x56153332ddd0, 81;
v0x56153332ddd0_82 .array/port v0x56153332ddd0, 82;
E_0x5615332774a0/20 .event edge, v0x56153332ddd0_79, v0x56153332ddd0_80, v0x56153332ddd0_81, v0x56153332ddd0_82;
v0x56153332ddd0_83 .array/port v0x56153332ddd0, 83;
v0x56153332ddd0_84 .array/port v0x56153332ddd0, 84;
v0x56153332ddd0_85 .array/port v0x56153332ddd0, 85;
v0x56153332ddd0_86 .array/port v0x56153332ddd0, 86;
E_0x5615332774a0/21 .event edge, v0x56153332ddd0_83, v0x56153332ddd0_84, v0x56153332ddd0_85, v0x56153332ddd0_86;
v0x56153332ddd0_87 .array/port v0x56153332ddd0, 87;
v0x56153332ddd0_88 .array/port v0x56153332ddd0, 88;
v0x56153332ddd0_89 .array/port v0x56153332ddd0, 89;
v0x56153332ddd0_90 .array/port v0x56153332ddd0, 90;
E_0x5615332774a0/22 .event edge, v0x56153332ddd0_87, v0x56153332ddd0_88, v0x56153332ddd0_89, v0x56153332ddd0_90;
v0x56153332ddd0_91 .array/port v0x56153332ddd0, 91;
v0x56153332ddd0_92 .array/port v0x56153332ddd0, 92;
v0x56153332ddd0_93 .array/port v0x56153332ddd0, 93;
v0x56153332ddd0_94 .array/port v0x56153332ddd0, 94;
E_0x5615332774a0/23 .event edge, v0x56153332ddd0_91, v0x56153332ddd0_92, v0x56153332ddd0_93, v0x56153332ddd0_94;
v0x56153332ddd0_95 .array/port v0x56153332ddd0, 95;
v0x56153332ddd0_96 .array/port v0x56153332ddd0, 96;
v0x56153332ddd0_97 .array/port v0x56153332ddd0, 97;
v0x56153332ddd0_98 .array/port v0x56153332ddd0, 98;
E_0x5615332774a0/24 .event edge, v0x56153332ddd0_95, v0x56153332ddd0_96, v0x56153332ddd0_97, v0x56153332ddd0_98;
v0x56153332ddd0_99 .array/port v0x56153332ddd0, 99;
v0x56153332ddd0_100 .array/port v0x56153332ddd0, 100;
v0x56153332ddd0_101 .array/port v0x56153332ddd0, 101;
v0x56153332ddd0_102 .array/port v0x56153332ddd0, 102;
E_0x5615332774a0/25 .event edge, v0x56153332ddd0_99, v0x56153332ddd0_100, v0x56153332ddd0_101, v0x56153332ddd0_102;
v0x56153332ddd0_103 .array/port v0x56153332ddd0, 103;
v0x56153332ddd0_104 .array/port v0x56153332ddd0, 104;
v0x56153332ddd0_105 .array/port v0x56153332ddd0, 105;
v0x56153332ddd0_106 .array/port v0x56153332ddd0, 106;
E_0x5615332774a0/26 .event edge, v0x56153332ddd0_103, v0x56153332ddd0_104, v0x56153332ddd0_105, v0x56153332ddd0_106;
v0x56153332ddd0_107 .array/port v0x56153332ddd0, 107;
v0x56153332ddd0_108 .array/port v0x56153332ddd0, 108;
v0x56153332ddd0_109 .array/port v0x56153332ddd0, 109;
v0x56153332ddd0_110 .array/port v0x56153332ddd0, 110;
E_0x5615332774a0/27 .event edge, v0x56153332ddd0_107, v0x56153332ddd0_108, v0x56153332ddd0_109, v0x56153332ddd0_110;
v0x56153332ddd0_111 .array/port v0x56153332ddd0, 111;
v0x56153332ddd0_112 .array/port v0x56153332ddd0, 112;
v0x56153332ddd0_113 .array/port v0x56153332ddd0, 113;
v0x56153332ddd0_114 .array/port v0x56153332ddd0, 114;
E_0x5615332774a0/28 .event edge, v0x56153332ddd0_111, v0x56153332ddd0_112, v0x56153332ddd0_113, v0x56153332ddd0_114;
v0x56153332ddd0_115 .array/port v0x56153332ddd0, 115;
v0x56153332ddd0_116 .array/port v0x56153332ddd0, 116;
v0x56153332ddd0_117 .array/port v0x56153332ddd0, 117;
v0x56153332ddd0_118 .array/port v0x56153332ddd0, 118;
E_0x5615332774a0/29 .event edge, v0x56153332ddd0_115, v0x56153332ddd0_116, v0x56153332ddd0_117, v0x56153332ddd0_118;
v0x56153332ddd0_119 .array/port v0x56153332ddd0, 119;
v0x56153332ddd0_120 .array/port v0x56153332ddd0, 120;
v0x56153332ddd0_121 .array/port v0x56153332ddd0, 121;
v0x56153332ddd0_122 .array/port v0x56153332ddd0, 122;
E_0x5615332774a0/30 .event edge, v0x56153332ddd0_119, v0x56153332ddd0_120, v0x56153332ddd0_121, v0x56153332ddd0_122;
v0x56153332ddd0_123 .array/port v0x56153332ddd0, 123;
v0x56153332ddd0_124 .array/port v0x56153332ddd0, 124;
v0x56153332ddd0_125 .array/port v0x56153332ddd0, 125;
v0x56153332ddd0_126 .array/port v0x56153332ddd0, 126;
E_0x5615332774a0/31 .event edge, v0x56153332ddd0_123, v0x56153332ddd0_124, v0x56153332ddd0_125, v0x56153332ddd0_126;
v0x56153332ddd0_127 .array/port v0x56153332ddd0, 127;
v0x56153332ddd0_128 .array/port v0x56153332ddd0, 128;
v0x56153332ddd0_129 .array/port v0x56153332ddd0, 129;
v0x56153332ddd0_130 .array/port v0x56153332ddd0, 130;
E_0x5615332774a0/32 .event edge, v0x56153332ddd0_127, v0x56153332ddd0_128, v0x56153332ddd0_129, v0x56153332ddd0_130;
v0x56153332ddd0_131 .array/port v0x56153332ddd0, 131;
v0x56153332ddd0_132 .array/port v0x56153332ddd0, 132;
v0x56153332ddd0_133 .array/port v0x56153332ddd0, 133;
v0x56153332ddd0_134 .array/port v0x56153332ddd0, 134;
E_0x5615332774a0/33 .event edge, v0x56153332ddd0_131, v0x56153332ddd0_132, v0x56153332ddd0_133, v0x56153332ddd0_134;
v0x56153332ddd0_135 .array/port v0x56153332ddd0, 135;
v0x56153332ddd0_136 .array/port v0x56153332ddd0, 136;
v0x56153332ddd0_137 .array/port v0x56153332ddd0, 137;
v0x56153332ddd0_138 .array/port v0x56153332ddd0, 138;
E_0x5615332774a0/34 .event edge, v0x56153332ddd0_135, v0x56153332ddd0_136, v0x56153332ddd0_137, v0x56153332ddd0_138;
v0x56153332ddd0_139 .array/port v0x56153332ddd0, 139;
v0x56153332ddd0_140 .array/port v0x56153332ddd0, 140;
v0x56153332ddd0_141 .array/port v0x56153332ddd0, 141;
v0x56153332ddd0_142 .array/port v0x56153332ddd0, 142;
E_0x5615332774a0/35 .event edge, v0x56153332ddd0_139, v0x56153332ddd0_140, v0x56153332ddd0_141, v0x56153332ddd0_142;
v0x56153332ddd0_143 .array/port v0x56153332ddd0, 143;
v0x56153332ddd0_144 .array/port v0x56153332ddd0, 144;
v0x56153332ddd0_145 .array/port v0x56153332ddd0, 145;
v0x56153332ddd0_146 .array/port v0x56153332ddd0, 146;
E_0x5615332774a0/36 .event edge, v0x56153332ddd0_143, v0x56153332ddd0_144, v0x56153332ddd0_145, v0x56153332ddd0_146;
v0x56153332ddd0_147 .array/port v0x56153332ddd0, 147;
v0x56153332ddd0_148 .array/port v0x56153332ddd0, 148;
v0x56153332ddd0_149 .array/port v0x56153332ddd0, 149;
v0x56153332ddd0_150 .array/port v0x56153332ddd0, 150;
E_0x5615332774a0/37 .event edge, v0x56153332ddd0_147, v0x56153332ddd0_148, v0x56153332ddd0_149, v0x56153332ddd0_150;
v0x56153332ddd0_151 .array/port v0x56153332ddd0, 151;
v0x56153332ddd0_152 .array/port v0x56153332ddd0, 152;
v0x56153332ddd0_153 .array/port v0x56153332ddd0, 153;
v0x56153332ddd0_154 .array/port v0x56153332ddd0, 154;
E_0x5615332774a0/38 .event edge, v0x56153332ddd0_151, v0x56153332ddd0_152, v0x56153332ddd0_153, v0x56153332ddd0_154;
v0x56153332ddd0_155 .array/port v0x56153332ddd0, 155;
v0x56153332ddd0_156 .array/port v0x56153332ddd0, 156;
v0x56153332ddd0_157 .array/port v0x56153332ddd0, 157;
v0x56153332ddd0_158 .array/port v0x56153332ddd0, 158;
E_0x5615332774a0/39 .event edge, v0x56153332ddd0_155, v0x56153332ddd0_156, v0x56153332ddd0_157, v0x56153332ddd0_158;
v0x56153332ddd0_159 .array/port v0x56153332ddd0, 159;
v0x56153332ddd0_160 .array/port v0x56153332ddd0, 160;
v0x56153332ddd0_161 .array/port v0x56153332ddd0, 161;
v0x56153332ddd0_162 .array/port v0x56153332ddd0, 162;
E_0x5615332774a0/40 .event edge, v0x56153332ddd0_159, v0x56153332ddd0_160, v0x56153332ddd0_161, v0x56153332ddd0_162;
v0x56153332ddd0_163 .array/port v0x56153332ddd0, 163;
v0x56153332ddd0_164 .array/port v0x56153332ddd0, 164;
v0x56153332ddd0_165 .array/port v0x56153332ddd0, 165;
v0x56153332ddd0_166 .array/port v0x56153332ddd0, 166;
E_0x5615332774a0/41 .event edge, v0x56153332ddd0_163, v0x56153332ddd0_164, v0x56153332ddd0_165, v0x56153332ddd0_166;
v0x56153332ddd0_167 .array/port v0x56153332ddd0, 167;
v0x56153332ddd0_168 .array/port v0x56153332ddd0, 168;
v0x56153332ddd0_169 .array/port v0x56153332ddd0, 169;
v0x56153332ddd0_170 .array/port v0x56153332ddd0, 170;
E_0x5615332774a0/42 .event edge, v0x56153332ddd0_167, v0x56153332ddd0_168, v0x56153332ddd0_169, v0x56153332ddd0_170;
v0x56153332ddd0_171 .array/port v0x56153332ddd0, 171;
v0x56153332ddd0_172 .array/port v0x56153332ddd0, 172;
v0x56153332ddd0_173 .array/port v0x56153332ddd0, 173;
v0x56153332ddd0_174 .array/port v0x56153332ddd0, 174;
E_0x5615332774a0/43 .event edge, v0x56153332ddd0_171, v0x56153332ddd0_172, v0x56153332ddd0_173, v0x56153332ddd0_174;
v0x56153332ddd0_175 .array/port v0x56153332ddd0, 175;
v0x56153332ddd0_176 .array/port v0x56153332ddd0, 176;
v0x56153332ddd0_177 .array/port v0x56153332ddd0, 177;
v0x56153332ddd0_178 .array/port v0x56153332ddd0, 178;
E_0x5615332774a0/44 .event edge, v0x56153332ddd0_175, v0x56153332ddd0_176, v0x56153332ddd0_177, v0x56153332ddd0_178;
v0x56153332ddd0_179 .array/port v0x56153332ddd0, 179;
v0x56153332ddd0_180 .array/port v0x56153332ddd0, 180;
v0x56153332ddd0_181 .array/port v0x56153332ddd0, 181;
v0x56153332ddd0_182 .array/port v0x56153332ddd0, 182;
E_0x5615332774a0/45 .event edge, v0x56153332ddd0_179, v0x56153332ddd0_180, v0x56153332ddd0_181, v0x56153332ddd0_182;
v0x56153332ddd0_183 .array/port v0x56153332ddd0, 183;
v0x56153332ddd0_184 .array/port v0x56153332ddd0, 184;
v0x56153332ddd0_185 .array/port v0x56153332ddd0, 185;
v0x56153332ddd0_186 .array/port v0x56153332ddd0, 186;
E_0x5615332774a0/46 .event edge, v0x56153332ddd0_183, v0x56153332ddd0_184, v0x56153332ddd0_185, v0x56153332ddd0_186;
v0x56153332ddd0_187 .array/port v0x56153332ddd0, 187;
v0x56153332ddd0_188 .array/port v0x56153332ddd0, 188;
v0x56153332ddd0_189 .array/port v0x56153332ddd0, 189;
v0x56153332ddd0_190 .array/port v0x56153332ddd0, 190;
E_0x5615332774a0/47 .event edge, v0x56153332ddd0_187, v0x56153332ddd0_188, v0x56153332ddd0_189, v0x56153332ddd0_190;
v0x56153332ddd0_191 .array/port v0x56153332ddd0, 191;
v0x56153332ddd0_192 .array/port v0x56153332ddd0, 192;
v0x56153332ddd0_193 .array/port v0x56153332ddd0, 193;
v0x56153332ddd0_194 .array/port v0x56153332ddd0, 194;
E_0x5615332774a0/48 .event edge, v0x56153332ddd0_191, v0x56153332ddd0_192, v0x56153332ddd0_193, v0x56153332ddd0_194;
v0x56153332ddd0_195 .array/port v0x56153332ddd0, 195;
v0x56153332ddd0_196 .array/port v0x56153332ddd0, 196;
v0x56153332ddd0_197 .array/port v0x56153332ddd0, 197;
v0x56153332ddd0_198 .array/port v0x56153332ddd0, 198;
E_0x5615332774a0/49 .event edge, v0x56153332ddd0_195, v0x56153332ddd0_196, v0x56153332ddd0_197, v0x56153332ddd0_198;
v0x56153332ddd0_199 .array/port v0x56153332ddd0, 199;
v0x56153332ddd0_200 .array/port v0x56153332ddd0, 200;
v0x56153332ddd0_201 .array/port v0x56153332ddd0, 201;
v0x56153332ddd0_202 .array/port v0x56153332ddd0, 202;
E_0x5615332774a0/50 .event edge, v0x56153332ddd0_199, v0x56153332ddd0_200, v0x56153332ddd0_201, v0x56153332ddd0_202;
v0x56153332ddd0_203 .array/port v0x56153332ddd0, 203;
v0x56153332ddd0_204 .array/port v0x56153332ddd0, 204;
v0x56153332ddd0_205 .array/port v0x56153332ddd0, 205;
v0x56153332ddd0_206 .array/port v0x56153332ddd0, 206;
E_0x5615332774a0/51 .event edge, v0x56153332ddd0_203, v0x56153332ddd0_204, v0x56153332ddd0_205, v0x56153332ddd0_206;
v0x56153332ddd0_207 .array/port v0x56153332ddd0, 207;
v0x56153332ddd0_208 .array/port v0x56153332ddd0, 208;
v0x56153332ddd0_209 .array/port v0x56153332ddd0, 209;
v0x56153332ddd0_210 .array/port v0x56153332ddd0, 210;
E_0x5615332774a0/52 .event edge, v0x56153332ddd0_207, v0x56153332ddd0_208, v0x56153332ddd0_209, v0x56153332ddd0_210;
v0x56153332ddd0_211 .array/port v0x56153332ddd0, 211;
v0x56153332ddd0_212 .array/port v0x56153332ddd0, 212;
v0x56153332ddd0_213 .array/port v0x56153332ddd0, 213;
v0x56153332ddd0_214 .array/port v0x56153332ddd0, 214;
E_0x5615332774a0/53 .event edge, v0x56153332ddd0_211, v0x56153332ddd0_212, v0x56153332ddd0_213, v0x56153332ddd0_214;
v0x56153332ddd0_215 .array/port v0x56153332ddd0, 215;
v0x56153332ddd0_216 .array/port v0x56153332ddd0, 216;
v0x56153332ddd0_217 .array/port v0x56153332ddd0, 217;
v0x56153332ddd0_218 .array/port v0x56153332ddd0, 218;
E_0x5615332774a0/54 .event edge, v0x56153332ddd0_215, v0x56153332ddd0_216, v0x56153332ddd0_217, v0x56153332ddd0_218;
v0x56153332ddd0_219 .array/port v0x56153332ddd0, 219;
v0x56153332ddd0_220 .array/port v0x56153332ddd0, 220;
v0x56153332ddd0_221 .array/port v0x56153332ddd0, 221;
v0x56153332ddd0_222 .array/port v0x56153332ddd0, 222;
E_0x5615332774a0/55 .event edge, v0x56153332ddd0_219, v0x56153332ddd0_220, v0x56153332ddd0_221, v0x56153332ddd0_222;
v0x56153332ddd0_223 .array/port v0x56153332ddd0, 223;
v0x56153332ddd0_224 .array/port v0x56153332ddd0, 224;
v0x56153332ddd0_225 .array/port v0x56153332ddd0, 225;
v0x56153332ddd0_226 .array/port v0x56153332ddd0, 226;
E_0x5615332774a0/56 .event edge, v0x56153332ddd0_223, v0x56153332ddd0_224, v0x56153332ddd0_225, v0x56153332ddd0_226;
v0x56153332ddd0_227 .array/port v0x56153332ddd0, 227;
v0x56153332ddd0_228 .array/port v0x56153332ddd0, 228;
v0x56153332ddd0_229 .array/port v0x56153332ddd0, 229;
v0x56153332ddd0_230 .array/port v0x56153332ddd0, 230;
E_0x5615332774a0/57 .event edge, v0x56153332ddd0_227, v0x56153332ddd0_228, v0x56153332ddd0_229, v0x56153332ddd0_230;
v0x56153332ddd0_231 .array/port v0x56153332ddd0, 231;
v0x56153332ddd0_232 .array/port v0x56153332ddd0, 232;
v0x56153332ddd0_233 .array/port v0x56153332ddd0, 233;
v0x56153332ddd0_234 .array/port v0x56153332ddd0, 234;
E_0x5615332774a0/58 .event edge, v0x56153332ddd0_231, v0x56153332ddd0_232, v0x56153332ddd0_233, v0x56153332ddd0_234;
v0x56153332ddd0_235 .array/port v0x56153332ddd0, 235;
v0x56153332ddd0_236 .array/port v0x56153332ddd0, 236;
v0x56153332ddd0_237 .array/port v0x56153332ddd0, 237;
v0x56153332ddd0_238 .array/port v0x56153332ddd0, 238;
E_0x5615332774a0/59 .event edge, v0x56153332ddd0_235, v0x56153332ddd0_236, v0x56153332ddd0_237, v0x56153332ddd0_238;
v0x56153332ddd0_239 .array/port v0x56153332ddd0, 239;
v0x56153332ddd0_240 .array/port v0x56153332ddd0, 240;
v0x56153332ddd0_241 .array/port v0x56153332ddd0, 241;
v0x56153332ddd0_242 .array/port v0x56153332ddd0, 242;
E_0x5615332774a0/60 .event edge, v0x56153332ddd0_239, v0x56153332ddd0_240, v0x56153332ddd0_241, v0x56153332ddd0_242;
v0x56153332ddd0_243 .array/port v0x56153332ddd0, 243;
v0x56153332ddd0_244 .array/port v0x56153332ddd0, 244;
v0x56153332ddd0_245 .array/port v0x56153332ddd0, 245;
v0x56153332ddd0_246 .array/port v0x56153332ddd0, 246;
E_0x5615332774a0/61 .event edge, v0x56153332ddd0_243, v0x56153332ddd0_244, v0x56153332ddd0_245, v0x56153332ddd0_246;
v0x56153332ddd0_247 .array/port v0x56153332ddd0, 247;
v0x56153332ddd0_248 .array/port v0x56153332ddd0, 248;
v0x56153332ddd0_249 .array/port v0x56153332ddd0, 249;
v0x56153332ddd0_250 .array/port v0x56153332ddd0, 250;
E_0x5615332774a0/62 .event edge, v0x56153332ddd0_247, v0x56153332ddd0_248, v0x56153332ddd0_249, v0x56153332ddd0_250;
v0x56153332ddd0_251 .array/port v0x56153332ddd0, 251;
v0x56153332ddd0_252 .array/port v0x56153332ddd0, 252;
v0x56153332ddd0_253 .array/port v0x56153332ddd0, 253;
v0x56153332ddd0_254 .array/port v0x56153332ddd0, 254;
E_0x5615332774a0/63 .event edge, v0x56153332ddd0_251, v0x56153332ddd0_252, v0x56153332ddd0_253, v0x56153332ddd0_254;
v0x56153332ddd0_255 .array/port v0x56153332ddd0, 255;
v0x56153332ddd0_256 .array/port v0x56153332ddd0, 256;
v0x56153332ddd0_257 .array/port v0x56153332ddd0, 257;
v0x56153332ddd0_258 .array/port v0x56153332ddd0, 258;
E_0x5615332774a0/64 .event edge, v0x56153332ddd0_255, v0x56153332ddd0_256, v0x56153332ddd0_257, v0x56153332ddd0_258;
v0x56153332ddd0_259 .array/port v0x56153332ddd0, 259;
v0x56153332ddd0_260 .array/port v0x56153332ddd0, 260;
v0x56153332ddd0_261 .array/port v0x56153332ddd0, 261;
v0x56153332ddd0_262 .array/port v0x56153332ddd0, 262;
E_0x5615332774a0/65 .event edge, v0x56153332ddd0_259, v0x56153332ddd0_260, v0x56153332ddd0_261, v0x56153332ddd0_262;
v0x56153332ddd0_263 .array/port v0x56153332ddd0, 263;
v0x56153332ddd0_264 .array/port v0x56153332ddd0, 264;
v0x56153332ddd0_265 .array/port v0x56153332ddd0, 265;
v0x56153332ddd0_266 .array/port v0x56153332ddd0, 266;
E_0x5615332774a0/66 .event edge, v0x56153332ddd0_263, v0x56153332ddd0_264, v0x56153332ddd0_265, v0x56153332ddd0_266;
v0x56153332ddd0_267 .array/port v0x56153332ddd0, 267;
v0x56153332ddd0_268 .array/port v0x56153332ddd0, 268;
v0x56153332ddd0_269 .array/port v0x56153332ddd0, 269;
v0x56153332ddd0_270 .array/port v0x56153332ddd0, 270;
E_0x5615332774a0/67 .event edge, v0x56153332ddd0_267, v0x56153332ddd0_268, v0x56153332ddd0_269, v0x56153332ddd0_270;
v0x56153332ddd0_271 .array/port v0x56153332ddd0, 271;
v0x56153332ddd0_272 .array/port v0x56153332ddd0, 272;
v0x56153332ddd0_273 .array/port v0x56153332ddd0, 273;
v0x56153332ddd0_274 .array/port v0x56153332ddd0, 274;
E_0x5615332774a0/68 .event edge, v0x56153332ddd0_271, v0x56153332ddd0_272, v0x56153332ddd0_273, v0x56153332ddd0_274;
v0x56153332ddd0_275 .array/port v0x56153332ddd0, 275;
v0x56153332ddd0_276 .array/port v0x56153332ddd0, 276;
v0x56153332ddd0_277 .array/port v0x56153332ddd0, 277;
v0x56153332ddd0_278 .array/port v0x56153332ddd0, 278;
E_0x5615332774a0/69 .event edge, v0x56153332ddd0_275, v0x56153332ddd0_276, v0x56153332ddd0_277, v0x56153332ddd0_278;
v0x56153332ddd0_279 .array/port v0x56153332ddd0, 279;
v0x56153332ddd0_280 .array/port v0x56153332ddd0, 280;
v0x56153332ddd0_281 .array/port v0x56153332ddd0, 281;
v0x56153332ddd0_282 .array/port v0x56153332ddd0, 282;
E_0x5615332774a0/70 .event edge, v0x56153332ddd0_279, v0x56153332ddd0_280, v0x56153332ddd0_281, v0x56153332ddd0_282;
v0x56153332ddd0_283 .array/port v0x56153332ddd0, 283;
v0x56153332ddd0_284 .array/port v0x56153332ddd0, 284;
v0x56153332ddd0_285 .array/port v0x56153332ddd0, 285;
v0x56153332ddd0_286 .array/port v0x56153332ddd0, 286;
E_0x5615332774a0/71 .event edge, v0x56153332ddd0_283, v0x56153332ddd0_284, v0x56153332ddd0_285, v0x56153332ddd0_286;
v0x56153332ddd0_287 .array/port v0x56153332ddd0, 287;
v0x56153332ddd0_288 .array/port v0x56153332ddd0, 288;
v0x56153332ddd0_289 .array/port v0x56153332ddd0, 289;
v0x56153332ddd0_290 .array/port v0x56153332ddd0, 290;
E_0x5615332774a0/72 .event edge, v0x56153332ddd0_287, v0x56153332ddd0_288, v0x56153332ddd0_289, v0x56153332ddd0_290;
v0x56153332ddd0_291 .array/port v0x56153332ddd0, 291;
v0x56153332ddd0_292 .array/port v0x56153332ddd0, 292;
v0x56153332ddd0_293 .array/port v0x56153332ddd0, 293;
v0x56153332ddd0_294 .array/port v0x56153332ddd0, 294;
E_0x5615332774a0/73 .event edge, v0x56153332ddd0_291, v0x56153332ddd0_292, v0x56153332ddd0_293, v0x56153332ddd0_294;
v0x56153332ddd0_295 .array/port v0x56153332ddd0, 295;
v0x56153332ddd0_296 .array/port v0x56153332ddd0, 296;
v0x56153332ddd0_297 .array/port v0x56153332ddd0, 297;
v0x56153332ddd0_298 .array/port v0x56153332ddd0, 298;
E_0x5615332774a0/74 .event edge, v0x56153332ddd0_295, v0x56153332ddd0_296, v0x56153332ddd0_297, v0x56153332ddd0_298;
v0x56153332ddd0_299 .array/port v0x56153332ddd0, 299;
v0x56153332ddd0_300 .array/port v0x56153332ddd0, 300;
v0x56153332ddd0_301 .array/port v0x56153332ddd0, 301;
v0x56153332ddd0_302 .array/port v0x56153332ddd0, 302;
E_0x5615332774a0/75 .event edge, v0x56153332ddd0_299, v0x56153332ddd0_300, v0x56153332ddd0_301, v0x56153332ddd0_302;
v0x56153332ddd0_303 .array/port v0x56153332ddd0, 303;
v0x56153332ddd0_304 .array/port v0x56153332ddd0, 304;
v0x56153332ddd0_305 .array/port v0x56153332ddd0, 305;
v0x56153332ddd0_306 .array/port v0x56153332ddd0, 306;
E_0x5615332774a0/76 .event edge, v0x56153332ddd0_303, v0x56153332ddd0_304, v0x56153332ddd0_305, v0x56153332ddd0_306;
v0x56153332ddd0_307 .array/port v0x56153332ddd0, 307;
v0x56153332ddd0_308 .array/port v0x56153332ddd0, 308;
v0x56153332ddd0_309 .array/port v0x56153332ddd0, 309;
v0x56153332ddd0_310 .array/port v0x56153332ddd0, 310;
E_0x5615332774a0/77 .event edge, v0x56153332ddd0_307, v0x56153332ddd0_308, v0x56153332ddd0_309, v0x56153332ddd0_310;
v0x56153332ddd0_311 .array/port v0x56153332ddd0, 311;
v0x56153332ddd0_312 .array/port v0x56153332ddd0, 312;
v0x56153332ddd0_313 .array/port v0x56153332ddd0, 313;
v0x56153332ddd0_314 .array/port v0x56153332ddd0, 314;
E_0x5615332774a0/78 .event edge, v0x56153332ddd0_311, v0x56153332ddd0_312, v0x56153332ddd0_313, v0x56153332ddd0_314;
v0x56153332ddd0_315 .array/port v0x56153332ddd0, 315;
v0x56153332ddd0_316 .array/port v0x56153332ddd0, 316;
v0x56153332ddd0_317 .array/port v0x56153332ddd0, 317;
v0x56153332ddd0_318 .array/port v0x56153332ddd0, 318;
E_0x5615332774a0/79 .event edge, v0x56153332ddd0_315, v0x56153332ddd0_316, v0x56153332ddd0_317, v0x56153332ddd0_318;
v0x56153332ddd0_319 .array/port v0x56153332ddd0, 319;
v0x56153332ddd0_320 .array/port v0x56153332ddd0, 320;
v0x56153332ddd0_321 .array/port v0x56153332ddd0, 321;
v0x56153332ddd0_322 .array/port v0x56153332ddd0, 322;
E_0x5615332774a0/80 .event edge, v0x56153332ddd0_319, v0x56153332ddd0_320, v0x56153332ddd0_321, v0x56153332ddd0_322;
v0x56153332ddd0_323 .array/port v0x56153332ddd0, 323;
v0x56153332ddd0_324 .array/port v0x56153332ddd0, 324;
v0x56153332ddd0_325 .array/port v0x56153332ddd0, 325;
v0x56153332ddd0_326 .array/port v0x56153332ddd0, 326;
E_0x5615332774a0/81 .event edge, v0x56153332ddd0_323, v0x56153332ddd0_324, v0x56153332ddd0_325, v0x56153332ddd0_326;
v0x56153332ddd0_327 .array/port v0x56153332ddd0, 327;
v0x56153332ddd0_328 .array/port v0x56153332ddd0, 328;
v0x56153332ddd0_329 .array/port v0x56153332ddd0, 329;
v0x56153332ddd0_330 .array/port v0x56153332ddd0, 330;
E_0x5615332774a0/82 .event edge, v0x56153332ddd0_327, v0x56153332ddd0_328, v0x56153332ddd0_329, v0x56153332ddd0_330;
v0x56153332ddd0_331 .array/port v0x56153332ddd0, 331;
v0x56153332ddd0_332 .array/port v0x56153332ddd0, 332;
v0x56153332ddd0_333 .array/port v0x56153332ddd0, 333;
v0x56153332ddd0_334 .array/port v0x56153332ddd0, 334;
E_0x5615332774a0/83 .event edge, v0x56153332ddd0_331, v0x56153332ddd0_332, v0x56153332ddd0_333, v0x56153332ddd0_334;
v0x56153332ddd0_335 .array/port v0x56153332ddd0, 335;
v0x56153332ddd0_336 .array/port v0x56153332ddd0, 336;
v0x56153332ddd0_337 .array/port v0x56153332ddd0, 337;
v0x56153332ddd0_338 .array/port v0x56153332ddd0, 338;
E_0x5615332774a0/84 .event edge, v0x56153332ddd0_335, v0x56153332ddd0_336, v0x56153332ddd0_337, v0x56153332ddd0_338;
v0x56153332ddd0_339 .array/port v0x56153332ddd0, 339;
v0x56153332ddd0_340 .array/port v0x56153332ddd0, 340;
v0x56153332ddd0_341 .array/port v0x56153332ddd0, 341;
v0x56153332ddd0_342 .array/port v0x56153332ddd0, 342;
E_0x5615332774a0/85 .event edge, v0x56153332ddd0_339, v0x56153332ddd0_340, v0x56153332ddd0_341, v0x56153332ddd0_342;
v0x56153332ddd0_343 .array/port v0x56153332ddd0, 343;
v0x56153332ddd0_344 .array/port v0x56153332ddd0, 344;
v0x56153332ddd0_345 .array/port v0x56153332ddd0, 345;
v0x56153332ddd0_346 .array/port v0x56153332ddd0, 346;
E_0x5615332774a0/86 .event edge, v0x56153332ddd0_343, v0x56153332ddd0_344, v0x56153332ddd0_345, v0x56153332ddd0_346;
v0x56153332ddd0_347 .array/port v0x56153332ddd0, 347;
v0x56153332ddd0_348 .array/port v0x56153332ddd0, 348;
v0x56153332ddd0_349 .array/port v0x56153332ddd0, 349;
v0x56153332ddd0_350 .array/port v0x56153332ddd0, 350;
E_0x5615332774a0/87 .event edge, v0x56153332ddd0_347, v0x56153332ddd0_348, v0x56153332ddd0_349, v0x56153332ddd0_350;
v0x56153332ddd0_351 .array/port v0x56153332ddd0, 351;
v0x56153332ddd0_352 .array/port v0x56153332ddd0, 352;
v0x56153332ddd0_353 .array/port v0x56153332ddd0, 353;
v0x56153332ddd0_354 .array/port v0x56153332ddd0, 354;
E_0x5615332774a0/88 .event edge, v0x56153332ddd0_351, v0x56153332ddd0_352, v0x56153332ddd0_353, v0x56153332ddd0_354;
v0x56153332ddd0_355 .array/port v0x56153332ddd0, 355;
v0x56153332ddd0_356 .array/port v0x56153332ddd0, 356;
v0x56153332ddd0_357 .array/port v0x56153332ddd0, 357;
v0x56153332ddd0_358 .array/port v0x56153332ddd0, 358;
E_0x5615332774a0/89 .event edge, v0x56153332ddd0_355, v0x56153332ddd0_356, v0x56153332ddd0_357, v0x56153332ddd0_358;
v0x56153332ddd0_359 .array/port v0x56153332ddd0, 359;
v0x56153332ddd0_360 .array/port v0x56153332ddd0, 360;
v0x56153332ddd0_361 .array/port v0x56153332ddd0, 361;
v0x56153332ddd0_362 .array/port v0x56153332ddd0, 362;
E_0x5615332774a0/90 .event edge, v0x56153332ddd0_359, v0x56153332ddd0_360, v0x56153332ddd0_361, v0x56153332ddd0_362;
v0x56153332ddd0_363 .array/port v0x56153332ddd0, 363;
v0x56153332ddd0_364 .array/port v0x56153332ddd0, 364;
v0x56153332ddd0_365 .array/port v0x56153332ddd0, 365;
v0x56153332ddd0_366 .array/port v0x56153332ddd0, 366;
E_0x5615332774a0/91 .event edge, v0x56153332ddd0_363, v0x56153332ddd0_364, v0x56153332ddd0_365, v0x56153332ddd0_366;
v0x56153332ddd0_367 .array/port v0x56153332ddd0, 367;
v0x56153332ddd0_368 .array/port v0x56153332ddd0, 368;
v0x56153332ddd0_369 .array/port v0x56153332ddd0, 369;
v0x56153332ddd0_370 .array/port v0x56153332ddd0, 370;
E_0x5615332774a0/92 .event edge, v0x56153332ddd0_367, v0x56153332ddd0_368, v0x56153332ddd0_369, v0x56153332ddd0_370;
v0x56153332ddd0_371 .array/port v0x56153332ddd0, 371;
v0x56153332ddd0_372 .array/port v0x56153332ddd0, 372;
v0x56153332ddd0_373 .array/port v0x56153332ddd0, 373;
v0x56153332ddd0_374 .array/port v0x56153332ddd0, 374;
E_0x5615332774a0/93 .event edge, v0x56153332ddd0_371, v0x56153332ddd0_372, v0x56153332ddd0_373, v0x56153332ddd0_374;
v0x56153332ddd0_375 .array/port v0x56153332ddd0, 375;
v0x56153332ddd0_376 .array/port v0x56153332ddd0, 376;
v0x56153332ddd0_377 .array/port v0x56153332ddd0, 377;
v0x56153332ddd0_378 .array/port v0x56153332ddd0, 378;
E_0x5615332774a0/94 .event edge, v0x56153332ddd0_375, v0x56153332ddd0_376, v0x56153332ddd0_377, v0x56153332ddd0_378;
v0x56153332ddd0_379 .array/port v0x56153332ddd0, 379;
v0x56153332ddd0_380 .array/port v0x56153332ddd0, 380;
v0x56153332ddd0_381 .array/port v0x56153332ddd0, 381;
v0x56153332ddd0_382 .array/port v0x56153332ddd0, 382;
E_0x5615332774a0/95 .event edge, v0x56153332ddd0_379, v0x56153332ddd0_380, v0x56153332ddd0_381, v0x56153332ddd0_382;
v0x56153332ddd0_383 .array/port v0x56153332ddd0, 383;
v0x56153332ddd0_384 .array/port v0x56153332ddd0, 384;
v0x56153332ddd0_385 .array/port v0x56153332ddd0, 385;
v0x56153332ddd0_386 .array/port v0x56153332ddd0, 386;
E_0x5615332774a0/96 .event edge, v0x56153332ddd0_383, v0x56153332ddd0_384, v0x56153332ddd0_385, v0x56153332ddd0_386;
v0x56153332ddd0_387 .array/port v0x56153332ddd0, 387;
v0x56153332ddd0_388 .array/port v0x56153332ddd0, 388;
v0x56153332ddd0_389 .array/port v0x56153332ddd0, 389;
v0x56153332ddd0_390 .array/port v0x56153332ddd0, 390;
E_0x5615332774a0/97 .event edge, v0x56153332ddd0_387, v0x56153332ddd0_388, v0x56153332ddd0_389, v0x56153332ddd0_390;
v0x56153332ddd0_391 .array/port v0x56153332ddd0, 391;
v0x56153332ddd0_392 .array/port v0x56153332ddd0, 392;
v0x56153332ddd0_393 .array/port v0x56153332ddd0, 393;
v0x56153332ddd0_394 .array/port v0x56153332ddd0, 394;
E_0x5615332774a0/98 .event edge, v0x56153332ddd0_391, v0x56153332ddd0_392, v0x56153332ddd0_393, v0x56153332ddd0_394;
v0x56153332ddd0_395 .array/port v0x56153332ddd0, 395;
v0x56153332ddd0_396 .array/port v0x56153332ddd0, 396;
v0x56153332ddd0_397 .array/port v0x56153332ddd0, 397;
v0x56153332ddd0_398 .array/port v0x56153332ddd0, 398;
E_0x5615332774a0/99 .event edge, v0x56153332ddd0_395, v0x56153332ddd0_396, v0x56153332ddd0_397, v0x56153332ddd0_398;
v0x56153332ddd0_399 .array/port v0x56153332ddd0, 399;
v0x56153332ddd0_400 .array/port v0x56153332ddd0, 400;
v0x56153332ddd0_401 .array/port v0x56153332ddd0, 401;
v0x56153332ddd0_402 .array/port v0x56153332ddd0, 402;
E_0x5615332774a0/100 .event edge, v0x56153332ddd0_399, v0x56153332ddd0_400, v0x56153332ddd0_401, v0x56153332ddd0_402;
v0x56153332ddd0_403 .array/port v0x56153332ddd0, 403;
v0x56153332ddd0_404 .array/port v0x56153332ddd0, 404;
v0x56153332ddd0_405 .array/port v0x56153332ddd0, 405;
v0x56153332ddd0_406 .array/port v0x56153332ddd0, 406;
E_0x5615332774a0/101 .event edge, v0x56153332ddd0_403, v0x56153332ddd0_404, v0x56153332ddd0_405, v0x56153332ddd0_406;
v0x56153332ddd0_407 .array/port v0x56153332ddd0, 407;
v0x56153332ddd0_408 .array/port v0x56153332ddd0, 408;
v0x56153332ddd0_409 .array/port v0x56153332ddd0, 409;
v0x56153332ddd0_410 .array/port v0x56153332ddd0, 410;
E_0x5615332774a0/102 .event edge, v0x56153332ddd0_407, v0x56153332ddd0_408, v0x56153332ddd0_409, v0x56153332ddd0_410;
v0x56153332ddd0_411 .array/port v0x56153332ddd0, 411;
v0x56153332ddd0_412 .array/port v0x56153332ddd0, 412;
v0x56153332ddd0_413 .array/port v0x56153332ddd0, 413;
v0x56153332ddd0_414 .array/port v0x56153332ddd0, 414;
E_0x5615332774a0/103 .event edge, v0x56153332ddd0_411, v0x56153332ddd0_412, v0x56153332ddd0_413, v0x56153332ddd0_414;
v0x56153332ddd0_415 .array/port v0x56153332ddd0, 415;
v0x56153332ddd0_416 .array/port v0x56153332ddd0, 416;
v0x56153332ddd0_417 .array/port v0x56153332ddd0, 417;
v0x56153332ddd0_418 .array/port v0x56153332ddd0, 418;
E_0x5615332774a0/104 .event edge, v0x56153332ddd0_415, v0x56153332ddd0_416, v0x56153332ddd0_417, v0x56153332ddd0_418;
v0x56153332ddd0_419 .array/port v0x56153332ddd0, 419;
v0x56153332ddd0_420 .array/port v0x56153332ddd0, 420;
v0x56153332ddd0_421 .array/port v0x56153332ddd0, 421;
v0x56153332ddd0_422 .array/port v0x56153332ddd0, 422;
E_0x5615332774a0/105 .event edge, v0x56153332ddd0_419, v0x56153332ddd0_420, v0x56153332ddd0_421, v0x56153332ddd0_422;
v0x56153332ddd0_423 .array/port v0x56153332ddd0, 423;
v0x56153332ddd0_424 .array/port v0x56153332ddd0, 424;
v0x56153332ddd0_425 .array/port v0x56153332ddd0, 425;
v0x56153332ddd0_426 .array/port v0x56153332ddd0, 426;
E_0x5615332774a0/106 .event edge, v0x56153332ddd0_423, v0x56153332ddd0_424, v0x56153332ddd0_425, v0x56153332ddd0_426;
v0x56153332ddd0_427 .array/port v0x56153332ddd0, 427;
v0x56153332ddd0_428 .array/port v0x56153332ddd0, 428;
v0x56153332ddd0_429 .array/port v0x56153332ddd0, 429;
v0x56153332ddd0_430 .array/port v0x56153332ddd0, 430;
E_0x5615332774a0/107 .event edge, v0x56153332ddd0_427, v0x56153332ddd0_428, v0x56153332ddd0_429, v0x56153332ddd0_430;
v0x56153332ddd0_431 .array/port v0x56153332ddd0, 431;
v0x56153332ddd0_432 .array/port v0x56153332ddd0, 432;
v0x56153332ddd0_433 .array/port v0x56153332ddd0, 433;
v0x56153332ddd0_434 .array/port v0x56153332ddd0, 434;
E_0x5615332774a0/108 .event edge, v0x56153332ddd0_431, v0x56153332ddd0_432, v0x56153332ddd0_433, v0x56153332ddd0_434;
v0x56153332ddd0_435 .array/port v0x56153332ddd0, 435;
v0x56153332ddd0_436 .array/port v0x56153332ddd0, 436;
v0x56153332ddd0_437 .array/port v0x56153332ddd0, 437;
v0x56153332ddd0_438 .array/port v0x56153332ddd0, 438;
E_0x5615332774a0/109 .event edge, v0x56153332ddd0_435, v0x56153332ddd0_436, v0x56153332ddd0_437, v0x56153332ddd0_438;
v0x56153332ddd0_439 .array/port v0x56153332ddd0, 439;
v0x56153332ddd0_440 .array/port v0x56153332ddd0, 440;
v0x56153332ddd0_441 .array/port v0x56153332ddd0, 441;
v0x56153332ddd0_442 .array/port v0x56153332ddd0, 442;
E_0x5615332774a0/110 .event edge, v0x56153332ddd0_439, v0x56153332ddd0_440, v0x56153332ddd0_441, v0x56153332ddd0_442;
v0x56153332ddd0_443 .array/port v0x56153332ddd0, 443;
v0x56153332ddd0_444 .array/port v0x56153332ddd0, 444;
v0x56153332ddd0_445 .array/port v0x56153332ddd0, 445;
v0x56153332ddd0_446 .array/port v0x56153332ddd0, 446;
E_0x5615332774a0/111 .event edge, v0x56153332ddd0_443, v0x56153332ddd0_444, v0x56153332ddd0_445, v0x56153332ddd0_446;
v0x56153332ddd0_447 .array/port v0x56153332ddd0, 447;
v0x56153332ddd0_448 .array/port v0x56153332ddd0, 448;
v0x56153332ddd0_449 .array/port v0x56153332ddd0, 449;
v0x56153332ddd0_450 .array/port v0x56153332ddd0, 450;
E_0x5615332774a0/112 .event edge, v0x56153332ddd0_447, v0x56153332ddd0_448, v0x56153332ddd0_449, v0x56153332ddd0_450;
v0x56153332ddd0_451 .array/port v0x56153332ddd0, 451;
v0x56153332ddd0_452 .array/port v0x56153332ddd0, 452;
v0x56153332ddd0_453 .array/port v0x56153332ddd0, 453;
v0x56153332ddd0_454 .array/port v0x56153332ddd0, 454;
E_0x5615332774a0/113 .event edge, v0x56153332ddd0_451, v0x56153332ddd0_452, v0x56153332ddd0_453, v0x56153332ddd0_454;
v0x56153332ddd0_455 .array/port v0x56153332ddd0, 455;
v0x56153332ddd0_456 .array/port v0x56153332ddd0, 456;
v0x56153332ddd0_457 .array/port v0x56153332ddd0, 457;
v0x56153332ddd0_458 .array/port v0x56153332ddd0, 458;
E_0x5615332774a0/114 .event edge, v0x56153332ddd0_455, v0x56153332ddd0_456, v0x56153332ddd0_457, v0x56153332ddd0_458;
v0x56153332ddd0_459 .array/port v0x56153332ddd0, 459;
v0x56153332ddd0_460 .array/port v0x56153332ddd0, 460;
v0x56153332ddd0_461 .array/port v0x56153332ddd0, 461;
v0x56153332ddd0_462 .array/port v0x56153332ddd0, 462;
E_0x5615332774a0/115 .event edge, v0x56153332ddd0_459, v0x56153332ddd0_460, v0x56153332ddd0_461, v0x56153332ddd0_462;
v0x56153332ddd0_463 .array/port v0x56153332ddd0, 463;
v0x56153332ddd0_464 .array/port v0x56153332ddd0, 464;
v0x56153332ddd0_465 .array/port v0x56153332ddd0, 465;
v0x56153332ddd0_466 .array/port v0x56153332ddd0, 466;
E_0x5615332774a0/116 .event edge, v0x56153332ddd0_463, v0x56153332ddd0_464, v0x56153332ddd0_465, v0x56153332ddd0_466;
v0x56153332ddd0_467 .array/port v0x56153332ddd0, 467;
v0x56153332ddd0_468 .array/port v0x56153332ddd0, 468;
v0x56153332ddd0_469 .array/port v0x56153332ddd0, 469;
v0x56153332ddd0_470 .array/port v0x56153332ddd0, 470;
E_0x5615332774a0/117 .event edge, v0x56153332ddd0_467, v0x56153332ddd0_468, v0x56153332ddd0_469, v0x56153332ddd0_470;
v0x56153332ddd0_471 .array/port v0x56153332ddd0, 471;
v0x56153332ddd0_472 .array/port v0x56153332ddd0, 472;
v0x56153332ddd0_473 .array/port v0x56153332ddd0, 473;
v0x56153332ddd0_474 .array/port v0x56153332ddd0, 474;
E_0x5615332774a0/118 .event edge, v0x56153332ddd0_471, v0x56153332ddd0_472, v0x56153332ddd0_473, v0x56153332ddd0_474;
v0x56153332ddd0_475 .array/port v0x56153332ddd0, 475;
v0x56153332ddd0_476 .array/port v0x56153332ddd0, 476;
v0x56153332ddd0_477 .array/port v0x56153332ddd0, 477;
v0x56153332ddd0_478 .array/port v0x56153332ddd0, 478;
E_0x5615332774a0/119 .event edge, v0x56153332ddd0_475, v0x56153332ddd0_476, v0x56153332ddd0_477, v0x56153332ddd0_478;
v0x56153332ddd0_479 .array/port v0x56153332ddd0, 479;
v0x56153332ddd0_480 .array/port v0x56153332ddd0, 480;
v0x56153332ddd0_481 .array/port v0x56153332ddd0, 481;
v0x56153332ddd0_482 .array/port v0x56153332ddd0, 482;
E_0x5615332774a0/120 .event edge, v0x56153332ddd0_479, v0x56153332ddd0_480, v0x56153332ddd0_481, v0x56153332ddd0_482;
v0x56153332ddd0_483 .array/port v0x56153332ddd0, 483;
v0x56153332ddd0_484 .array/port v0x56153332ddd0, 484;
v0x56153332ddd0_485 .array/port v0x56153332ddd0, 485;
v0x56153332ddd0_486 .array/port v0x56153332ddd0, 486;
E_0x5615332774a0/121 .event edge, v0x56153332ddd0_483, v0x56153332ddd0_484, v0x56153332ddd0_485, v0x56153332ddd0_486;
v0x56153332ddd0_487 .array/port v0x56153332ddd0, 487;
v0x56153332ddd0_488 .array/port v0x56153332ddd0, 488;
v0x56153332ddd0_489 .array/port v0x56153332ddd0, 489;
v0x56153332ddd0_490 .array/port v0x56153332ddd0, 490;
E_0x5615332774a0/122 .event edge, v0x56153332ddd0_487, v0x56153332ddd0_488, v0x56153332ddd0_489, v0x56153332ddd0_490;
v0x56153332ddd0_491 .array/port v0x56153332ddd0, 491;
v0x56153332ddd0_492 .array/port v0x56153332ddd0, 492;
v0x56153332ddd0_493 .array/port v0x56153332ddd0, 493;
v0x56153332ddd0_494 .array/port v0x56153332ddd0, 494;
E_0x5615332774a0/123 .event edge, v0x56153332ddd0_491, v0x56153332ddd0_492, v0x56153332ddd0_493, v0x56153332ddd0_494;
v0x56153332ddd0_495 .array/port v0x56153332ddd0, 495;
v0x56153332ddd0_496 .array/port v0x56153332ddd0, 496;
v0x56153332ddd0_497 .array/port v0x56153332ddd0, 497;
v0x56153332ddd0_498 .array/port v0x56153332ddd0, 498;
E_0x5615332774a0/124 .event edge, v0x56153332ddd0_495, v0x56153332ddd0_496, v0x56153332ddd0_497, v0x56153332ddd0_498;
v0x56153332ddd0_499 .array/port v0x56153332ddd0, 499;
v0x56153332ddd0_500 .array/port v0x56153332ddd0, 500;
v0x56153332ddd0_501 .array/port v0x56153332ddd0, 501;
v0x56153332ddd0_502 .array/port v0x56153332ddd0, 502;
E_0x5615332774a0/125 .event edge, v0x56153332ddd0_499, v0x56153332ddd0_500, v0x56153332ddd0_501, v0x56153332ddd0_502;
v0x56153332ddd0_503 .array/port v0x56153332ddd0, 503;
v0x56153332ddd0_504 .array/port v0x56153332ddd0, 504;
v0x56153332ddd0_505 .array/port v0x56153332ddd0, 505;
v0x56153332ddd0_506 .array/port v0x56153332ddd0, 506;
E_0x5615332774a0/126 .event edge, v0x56153332ddd0_503, v0x56153332ddd0_504, v0x56153332ddd0_505, v0x56153332ddd0_506;
v0x56153332ddd0_507 .array/port v0x56153332ddd0, 507;
v0x56153332ddd0_508 .array/port v0x56153332ddd0, 508;
v0x56153332ddd0_509 .array/port v0x56153332ddd0, 509;
v0x56153332ddd0_510 .array/port v0x56153332ddd0, 510;
E_0x5615332774a0/127 .event edge, v0x56153332ddd0_507, v0x56153332ddd0_508, v0x56153332ddd0_509, v0x56153332ddd0_510;
v0x56153332ddd0_511 .array/port v0x56153332ddd0, 511;
v0x56153332ddd0_512 .array/port v0x56153332ddd0, 512;
v0x56153332ddd0_513 .array/port v0x56153332ddd0, 513;
v0x56153332ddd0_514 .array/port v0x56153332ddd0, 514;
E_0x5615332774a0/128 .event edge, v0x56153332ddd0_511, v0x56153332ddd0_512, v0x56153332ddd0_513, v0x56153332ddd0_514;
v0x56153332ddd0_515 .array/port v0x56153332ddd0, 515;
v0x56153332ddd0_516 .array/port v0x56153332ddd0, 516;
v0x56153332ddd0_517 .array/port v0x56153332ddd0, 517;
v0x56153332ddd0_518 .array/port v0x56153332ddd0, 518;
E_0x5615332774a0/129 .event edge, v0x56153332ddd0_515, v0x56153332ddd0_516, v0x56153332ddd0_517, v0x56153332ddd0_518;
v0x56153332ddd0_519 .array/port v0x56153332ddd0, 519;
v0x56153332ddd0_520 .array/port v0x56153332ddd0, 520;
v0x56153332ddd0_521 .array/port v0x56153332ddd0, 521;
v0x56153332ddd0_522 .array/port v0x56153332ddd0, 522;
E_0x5615332774a0/130 .event edge, v0x56153332ddd0_519, v0x56153332ddd0_520, v0x56153332ddd0_521, v0x56153332ddd0_522;
v0x56153332ddd0_523 .array/port v0x56153332ddd0, 523;
v0x56153332ddd0_524 .array/port v0x56153332ddd0, 524;
v0x56153332ddd0_525 .array/port v0x56153332ddd0, 525;
v0x56153332ddd0_526 .array/port v0x56153332ddd0, 526;
E_0x5615332774a0/131 .event edge, v0x56153332ddd0_523, v0x56153332ddd0_524, v0x56153332ddd0_525, v0x56153332ddd0_526;
v0x56153332ddd0_527 .array/port v0x56153332ddd0, 527;
v0x56153332ddd0_528 .array/port v0x56153332ddd0, 528;
v0x56153332ddd0_529 .array/port v0x56153332ddd0, 529;
v0x56153332ddd0_530 .array/port v0x56153332ddd0, 530;
E_0x5615332774a0/132 .event edge, v0x56153332ddd0_527, v0x56153332ddd0_528, v0x56153332ddd0_529, v0x56153332ddd0_530;
v0x56153332ddd0_531 .array/port v0x56153332ddd0, 531;
v0x56153332ddd0_532 .array/port v0x56153332ddd0, 532;
v0x56153332ddd0_533 .array/port v0x56153332ddd0, 533;
v0x56153332ddd0_534 .array/port v0x56153332ddd0, 534;
E_0x5615332774a0/133 .event edge, v0x56153332ddd0_531, v0x56153332ddd0_532, v0x56153332ddd0_533, v0x56153332ddd0_534;
v0x56153332ddd0_535 .array/port v0x56153332ddd0, 535;
v0x56153332ddd0_536 .array/port v0x56153332ddd0, 536;
v0x56153332ddd0_537 .array/port v0x56153332ddd0, 537;
v0x56153332ddd0_538 .array/port v0x56153332ddd0, 538;
E_0x5615332774a0/134 .event edge, v0x56153332ddd0_535, v0x56153332ddd0_536, v0x56153332ddd0_537, v0x56153332ddd0_538;
v0x56153332ddd0_539 .array/port v0x56153332ddd0, 539;
v0x56153332ddd0_540 .array/port v0x56153332ddd0, 540;
v0x56153332ddd0_541 .array/port v0x56153332ddd0, 541;
v0x56153332ddd0_542 .array/port v0x56153332ddd0, 542;
E_0x5615332774a0/135 .event edge, v0x56153332ddd0_539, v0x56153332ddd0_540, v0x56153332ddd0_541, v0x56153332ddd0_542;
v0x56153332ddd0_543 .array/port v0x56153332ddd0, 543;
v0x56153332ddd0_544 .array/port v0x56153332ddd0, 544;
v0x56153332ddd0_545 .array/port v0x56153332ddd0, 545;
v0x56153332ddd0_546 .array/port v0x56153332ddd0, 546;
E_0x5615332774a0/136 .event edge, v0x56153332ddd0_543, v0x56153332ddd0_544, v0x56153332ddd0_545, v0x56153332ddd0_546;
v0x56153332ddd0_547 .array/port v0x56153332ddd0, 547;
v0x56153332ddd0_548 .array/port v0x56153332ddd0, 548;
v0x56153332ddd0_549 .array/port v0x56153332ddd0, 549;
v0x56153332ddd0_550 .array/port v0x56153332ddd0, 550;
E_0x5615332774a0/137 .event edge, v0x56153332ddd0_547, v0x56153332ddd0_548, v0x56153332ddd0_549, v0x56153332ddd0_550;
v0x56153332ddd0_551 .array/port v0x56153332ddd0, 551;
v0x56153332ddd0_552 .array/port v0x56153332ddd0, 552;
v0x56153332ddd0_553 .array/port v0x56153332ddd0, 553;
v0x56153332ddd0_554 .array/port v0x56153332ddd0, 554;
E_0x5615332774a0/138 .event edge, v0x56153332ddd0_551, v0x56153332ddd0_552, v0x56153332ddd0_553, v0x56153332ddd0_554;
v0x56153332ddd0_555 .array/port v0x56153332ddd0, 555;
v0x56153332ddd0_556 .array/port v0x56153332ddd0, 556;
v0x56153332ddd0_557 .array/port v0x56153332ddd0, 557;
v0x56153332ddd0_558 .array/port v0x56153332ddd0, 558;
E_0x5615332774a0/139 .event edge, v0x56153332ddd0_555, v0x56153332ddd0_556, v0x56153332ddd0_557, v0x56153332ddd0_558;
v0x56153332ddd0_559 .array/port v0x56153332ddd0, 559;
v0x56153332ddd0_560 .array/port v0x56153332ddd0, 560;
v0x56153332ddd0_561 .array/port v0x56153332ddd0, 561;
v0x56153332ddd0_562 .array/port v0x56153332ddd0, 562;
E_0x5615332774a0/140 .event edge, v0x56153332ddd0_559, v0x56153332ddd0_560, v0x56153332ddd0_561, v0x56153332ddd0_562;
v0x56153332ddd0_563 .array/port v0x56153332ddd0, 563;
v0x56153332ddd0_564 .array/port v0x56153332ddd0, 564;
v0x56153332ddd0_565 .array/port v0x56153332ddd0, 565;
v0x56153332ddd0_566 .array/port v0x56153332ddd0, 566;
E_0x5615332774a0/141 .event edge, v0x56153332ddd0_563, v0x56153332ddd0_564, v0x56153332ddd0_565, v0x56153332ddd0_566;
v0x56153332ddd0_567 .array/port v0x56153332ddd0, 567;
v0x56153332ddd0_568 .array/port v0x56153332ddd0, 568;
v0x56153332ddd0_569 .array/port v0x56153332ddd0, 569;
v0x56153332ddd0_570 .array/port v0x56153332ddd0, 570;
E_0x5615332774a0/142 .event edge, v0x56153332ddd0_567, v0x56153332ddd0_568, v0x56153332ddd0_569, v0x56153332ddd0_570;
v0x56153332ddd0_571 .array/port v0x56153332ddd0, 571;
v0x56153332ddd0_572 .array/port v0x56153332ddd0, 572;
v0x56153332ddd0_573 .array/port v0x56153332ddd0, 573;
v0x56153332ddd0_574 .array/port v0x56153332ddd0, 574;
E_0x5615332774a0/143 .event edge, v0x56153332ddd0_571, v0x56153332ddd0_572, v0x56153332ddd0_573, v0x56153332ddd0_574;
v0x56153332ddd0_575 .array/port v0x56153332ddd0, 575;
v0x56153332ddd0_576 .array/port v0x56153332ddd0, 576;
v0x56153332ddd0_577 .array/port v0x56153332ddd0, 577;
v0x56153332ddd0_578 .array/port v0x56153332ddd0, 578;
E_0x5615332774a0/144 .event edge, v0x56153332ddd0_575, v0x56153332ddd0_576, v0x56153332ddd0_577, v0x56153332ddd0_578;
v0x56153332ddd0_579 .array/port v0x56153332ddd0, 579;
v0x56153332ddd0_580 .array/port v0x56153332ddd0, 580;
v0x56153332ddd0_581 .array/port v0x56153332ddd0, 581;
v0x56153332ddd0_582 .array/port v0x56153332ddd0, 582;
E_0x5615332774a0/145 .event edge, v0x56153332ddd0_579, v0x56153332ddd0_580, v0x56153332ddd0_581, v0x56153332ddd0_582;
v0x56153332ddd0_583 .array/port v0x56153332ddd0, 583;
v0x56153332ddd0_584 .array/port v0x56153332ddd0, 584;
v0x56153332ddd0_585 .array/port v0x56153332ddd0, 585;
v0x56153332ddd0_586 .array/port v0x56153332ddd0, 586;
E_0x5615332774a0/146 .event edge, v0x56153332ddd0_583, v0x56153332ddd0_584, v0x56153332ddd0_585, v0x56153332ddd0_586;
v0x56153332ddd0_587 .array/port v0x56153332ddd0, 587;
v0x56153332ddd0_588 .array/port v0x56153332ddd0, 588;
v0x56153332ddd0_589 .array/port v0x56153332ddd0, 589;
v0x56153332ddd0_590 .array/port v0x56153332ddd0, 590;
E_0x5615332774a0/147 .event edge, v0x56153332ddd0_587, v0x56153332ddd0_588, v0x56153332ddd0_589, v0x56153332ddd0_590;
v0x56153332ddd0_591 .array/port v0x56153332ddd0, 591;
v0x56153332ddd0_592 .array/port v0x56153332ddd0, 592;
v0x56153332ddd0_593 .array/port v0x56153332ddd0, 593;
v0x56153332ddd0_594 .array/port v0x56153332ddd0, 594;
E_0x5615332774a0/148 .event edge, v0x56153332ddd0_591, v0x56153332ddd0_592, v0x56153332ddd0_593, v0x56153332ddd0_594;
v0x56153332ddd0_595 .array/port v0x56153332ddd0, 595;
v0x56153332ddd0_596 .array/port v0x56153332ddd0, 596;
v0x56153332ddd0_597 .array/port v0x56153332ddd0, 597;
v0x56153332ddd0_598 .array/port v0x56153332ddd0, 598;
E_0x5615332774a0/149 .event edge, v0x56153332ddd0_595, v0x56153332ddd0_596, v0x56153332ddd0_597, v0x56153332ddd0_598;
v0x56153332ddd0_599 .array/port v0x56153332ddd0, 599;
v0x56153332ddd0_600 .array/port v0x56153332ddd0, 600;
v0x56153332ddd0_601 .array/port v0x56153332ddd0, 601;
v0x56153332ddd0_602 .array/port v0x56153332ddd0, 602;
E_0x5615332774a0/150 .event edge, v0x56153332ddd0_599, v0x56153332ddd0_600, v0x56153332ddd0_601, v0x56153332ddd0_602;
v0x56153332ddd0_603 .array/port v0x56153332ddd0, 603;
v0x56153332ddd0_604 .array/port v0x56153332ddd0, 604;
v0x56153332ddd0_605 .array/port v0x56153332ddd0, 605;
v0x56153332ddd0_606 .array/port v0x56153332ddd0, 606;
E_0x5615332774a0/151 .event edge, v0x56153332ddd0_603, v0x56153332ddd0_604, v0x56153332ddd0_605, v0x56153332ddd0_606;
v0x56153332ddd0_607 .array/port v0x56153332ddd0, 607;
v0x56153332ddd0_608 .array/port v0x56153332ddd0, 608;
v0x56153332ddd0_609 .array/port v0x56153332ddd0, 609;
v0x56153332ddd0_610 .array/port v0x56153332ddd0, 610;
E_0x5615332774a0/152 .event edge, v0x56153332ddd0_607, v0x56153332ddd0_608, v0x56153332ddd0_609, v0x56153332ddd0_610;
v0x56153332ddd0_611 .array/port v0x56153332ddd0, 611;
v0x56153332ddd0_612 .array/port v0x56153332ddd0, 612;
v0x56153332ddd0_613 .array/port v0x56153332ddd0, 613;
v0x56153332ddd0_614 .array/port v0x56153332ddd0, 614;
E_0x5615332774a0/153 .event edge, v0x56153332ddd0_611, v0x56153332ddd0_612, v0x56153332ddd0_613, v0x56153332ddd0_614;
v0x56153332ddd0_615 .array/port v0x56153332ddd0, 615;
v0x56153332ddd0_616 .array/port v0x56153332ddd0, 616;
v0x56153332ddd0_617 .array/port v0x56153332ddd0, 617;
v0x56153332ddd0_618 .array/port v0x56153332ddd0, 618;
E_0x5615332774a0/154 .event edge, v0x56153332ddd0_615, v0x56153332ddd0_616, v0x56153332ddd0_617, v0x56153332ddd0_618;
v0x56153332ddd0_619 .array/port v0x56153332ddd0, 619;
v0x56153332ddd0_620 .array/port v0x56153332ddd0, 620;
v0x56153332ddd0_621 .array/port v0x56153332ddd0, 621;
v0x56153332ddd0_622 .array/port v0x56153332ddd0, 622;
E_0x5615332774a0/155 .event edge, v0x56153332ddd0_619, v0x56153332ddd0_620, v0x56153332ddd0_621, v0x56153332ddd0_622;
v0x56153332ddd0_623 .array/port v0x56153332ddd0, 623;
v0x56153332ddd0_624 .array/port v0x56153332ddd0, 624;
v0x56153332ddd0_625 .array/port v0x56153332ddd0, 625;
v0x56153332ddd0_626 .array/port v0x56153332ddd0, 626;
E_0x5615332774a0/156 .event edge, v0x56153332ddd0_623, v0x56153332ddd0_624, v0x56153332ddd0_625, v0x56153332ddd0_626;
v0x56153332ddd0_627 .array/port v0x56153332ddd0, 627;
v0x56153332ddd0_628 .array/port v0x56153332ddd0, 628;
v0x56153332ddd0_629 .array/port v0x56153332ddd0, 629;
v0x56153332ddd0_630 .array/port v0x56153332ddd0, 630;
E_0x5615332774a0/157 .event edge, v0x56153332ddd0_627, v0x56153332ddd0_628, v0x56153332ddd0_629, v0x56153332ddd0_630;
v0x56153332ddd0_631 .array/port v0x56153332ddd0, 631;
v0x56153332ddd0_632 .array/port v0x56153332ddd0, 632;
v0x56153332ddd0_633 .array/port v0x56153332ddd0, 633;
v0x56153332ddd0_634 .array/port v0x56153332ddd0, 634;
E_0x5615332774a0/158 .event edge, v0x56153332ddd0_631, v0x56153332ddd0_632, v0x56153332ddd0_633, v0x56153332ddd0_634;
v0x56153332ddd0_635 .array/port v0x56153332ddd0, 635;
v0x56153332ddd0_636 .array/port v0x56153332ddd0, 636;
v0x56153332ddd0_637 .array/port v0x56153332ddd0, 637;
v0x56153332ddd0_638 .array/port v0x56153332ddd0, 638;
E_0x5615332774a0/159 .event edge, v0x56153332ddd0_635, v0x56153332ddd0_636, v0x56153332ddd0_637, v0x56153332ddd0_638;
v0x56153332ddd0_639 .array/port v0x56153332ddd0, 639;
v0x56153332ddd0_640 .array/port v0x56153332ddd0, 640;
v0x56153332ddd0_641 .array/port v0x56153332ddd0, 641;
v0x56153332ddd0_642 .array/port v0x56153332ddd0, 642;
E_0x5615332774a0/160 .event edge, v0x56153332ddd0_639, v0x56153332ddd0_640, v0x56153332ddd0_641, v0x56153332ddd0_642;
v0x56153332ddd0_643 .array/port v0x56153332ddd0, 643;
v0x56153332ddd0_644 .array/port v0x56153332ddd0, 644;
v0x56153332ddd0_645 .array/port v0x56153332ddd0, 645;
v0x56153332ddd0_646 .array/port v0x56153332ddd0, 646;
E_0x5615332774a0/161 .event edge, v0x56153332ddd0_643, v0x56153332ddd0_644, v0x56153332ddd0_645, v0x56153332ddd0_646;
v0x56153332ddd0_647 .array/port v0x56153332ddd0, 647;
v0x56153332ddd0_648 .array/port v0x56153332ddd0, 648;
v0x56153332ddd0_649 .array/port v0x56153332ddd0, 649;
v0x56153332ddd0_650 .array/port v0x56153332ddd0, 650;
E_0x5615332774a0/162 .event edge, v0x56153332ddd0_647, v0x56153332ddd0_648, v0x56153332ddd0_649, v0x56153332ddd0_650;
v0x56153332ddd0_651 .array/port v0x56153332ddd0, 651;
v0x56153332ddd0_652 .array/port v0x56153332ddd0, 652;
v0x56153332ddd0_653 .array/port v0x56153332ddd0, 653;
v0x56153332ddd0_654 .array/port v0x56153332ddd0, 654;
E_0x5615332774a0/163 .event edge, v0x56153332ddd0_651, v0x56153332ddd0_652, v0x56153332ddd0_653, v0x56153332ddd0_654;
v0x56153332ddd0_655 .array/port v0x56153332ddd0, 655;
v0x56153332ddd0_656 .array/port v0x56153332ddd0, 656;
v0x56153332ddd0_657 .array/port v0x56153332ddd0, 657;
v0x56153332ddd0_658 .array/port v0x56153332ddd0, 658;
E_0x5615332774a0/164 .event edge, v0x56153332ddd0_655, v0x56153332ddd0_656, v0x56153332ddd0_657, v0x56153332ddd0_658;
v0x56153332ddd0_659 .array/port v0x56153332ddd0, 659;
v0x56153332ddd0_660 .array/port v0x56153332ddd0, 660;
v0x56153332ddd0_661 .array/port v0x56153332ddd0, 661;
v0x56153332ddd0_662 .array/port v0x56153332ddd0, 662;
E_0x5615332774a0/165 .event edge, v0x56153332ddd0_659, v0x56153332ddd0_660, v0x56153332ddd0_661, v0x56153332ddd0_662;
v0x56153332ddd0_663 .array/port v0x56153332ddd0, 663;
v0x56153332ddd0_664 .array/port v0x56153332ddd0, 664;
v0x56153332ddd0_665 .array/port v0x56153332ddd0, 665;
v0x56153332ddd0_666 .array/port v0x56153332ddd0, 666;
E_0x5615332774a0/166 .event edge, v0x56153332ddd0_663, v0x56153332ddd0_664, v0x56153332ddd0_665, v0x56153332ddd0_666;
v0x56153332ddd0_667 .array/port v0x56153332ddd0, 667;
v0x56153332ddd0_668 .array/port v0x56153332ddd0, 668;
v0x56153332ddd0_669 .array/port v0x56153332ddd0, 669;
v0x56153332ddd0_670 .array/port v0x56153332ddd0, 670;
E_0x5615332774a0/167 .event edge, v0x56153332ddd0_667, v0x56153332ddd0_668, v0x56153332ddd0_669, v0x56153332ddd0_670;
v0x56153332ddd0_671 .array/port v0x56153332ddd0, 671;
v0x56153332ddd0_672 .array/port v0x56153332ddd0, 672;
v0x56153332ddd0_673 .array/port v0x56153332ddd0, 673;
v0x56153332ddd0_674 .array/port v0x56153332ddd0, 674;
E_0x5615332774a0/168 .event edge, v0x56153332ddd0_671, v0x56153332ddd0_672, v0x56153332ddd0_673, v0x56153332ddd0_674;
v0x56153332ddd0_675 .array/port v0x56153332ddd0, 675;
v0x56153332ddd0_676 .array/port v0x56153332ddd0, 676;
v0x56153332ddd0_677 .array/port v0x56153332ddd0, 677;
v0x56153332ddd0_678 .array/port v0x56153332ddd0, 678;
E_0x5615332774a0/169 .event edge, v0x56153332ddd0_675, v0x56153332ddd0_676, v0x56153332ddd0_677, v0x56153332ddd0_678;
v0x56153332ddd0_679 .array/port v0x56153332ddd0, 679;
v0x56153332ddd0_680 .array/port v0x56153332ddd0, 680;
v0x56153332ddd0_681 .array/port v0x56153332ddd0, 681;
v0x56153332ddd0_682 .array/port v0x56153332ddd0, 682;
E_0x5615332774a0/170 .event edge, v0x56153332ddd0_679, v0x56153332ddd0_680, v0x56153332ddd0_681, v0x56153332ddd0_682;
v0x56153332ddd0_683 .array/port v0x56153332ddd0, 683;
v0x56153332ddd0_684 .array/port v0x56153332ddd0, 684;
v0x56153332ddd0_685 .array/port v0x56153332ddd0, 685;
v0x56153332ddd0_686 .array/port v0x56153332ddd0, 686;
E_0x5615332774a0/171 .event edge, v0x56153332ddd0_683, v0x56153332ddd0_684, v0x56153332ddd0_685, v0x56153332ddd0_686;
v0x56153332ddd0_687 .array/port v0x56153332ddd0, 687;
v0x56153332ddd0_688 .array/port v0x56153332ddd0, 688;
v0x56153332ddd0_689 .array/port v0x56153332ddd0, 689;
v0x56153332ddd0_690 .array/port v0x56153332ddd0, 690;
E_0x5615332774a0/172 .event edge, v0x56153332ddd0_687, v0x56153332ddd0_688, v0x56153332ddd0_689, v0x56153332ddd0_690;
v0x56153332ddd0_691 .array/port v0x56153332ddd0, 691;
v0x56153332ddd0_692 .array/port v0x56153332ddd0, 692;
v0x56153332ddd0_693 .array/port v0x56153332ddd0, 693;
v0x56153332ddd0_694 .array/port v0x56153332ddd0, 694;
E_0x5615332774a0/173 .event edge, v0x56153332ddd0_691, v0x56153332ddd0_692, v0x56153332ddd0_693, v0x56153332ddd0_694;
v0x56153332ddd0_695 .array/port v0x56153332ddd0, 695;
v0x56153332ddd0_696 .array/port v0x56153332ddd0, 696;
v0x56153332ddd0_697 .array/port v0x56153332ddd0, 697;
v0x56153332ddd0_698 .array/port v0x56153332ddd0, 698;
E_0x5615332774a0/174 .event edge, v0x56153332ddd0_695, v0x56153332ddd0_696, v0x56153332ddd0_697, v0x56153332ddd0_698;
v0x56153332ddd0_699 .array/port v0x56153332ddd0, 699;
v0x56153332ddd0_700 .array/port v0x56153332ddd0, 700;
v0x56153332ddd0_701 .array/port v0x56153332ddd0, 701;
v0x56153332ddd0_702 .array/port v0x56153332ddd0, 702;
E_0x5615332774a0/175 .event edge, v0x56153332ddd0_699, v0x56153332ddd0_700, v0x56153332ddd0_701, v0x56153332ddd0_702;
v0x56153332ddd0_703 .array/port v0x56153332ddd0, 703;
v0x56153332ddd0_704 .array/port v0x56153332ddd0, 704;
v0x56153332ddd0_705 .array/port v0x56153332ddd0, 705;
v0x56153332ddd0_706 .array/port v0x56153332ddd0, 706;
E_0x5615332774a0/176 .event edge, v0x56153332ddd0_703, v0x56153332ddd0_704, v0x56153332ddd0_705, v0x56153332ddd0_706;
v0x56153332ddd0_707 .array/port v0x56153332ddd0, 707;
v0x56153332ddd0_708 .array/port v0x56153332ddd0, 708;
v0x56153332ddd0_709 .array/port v0x56153332ddd0, 709;
v0x56153332ddd0_710 .array/port v0x56153332ddd0, 710;
E_0x5615332774a0/177 .event edge, v0x56153332ddd0_707, v0x56153332ddd0_708, v0x56153332ddd0_709, v0x56153332ddd0_710;
v0x56153332ddd0_711 .array/port v0x56153332ddd0, 711;
v0x56153332ddd0_712 .array/port v0x56153332ddd0, 712;
v0x56153332ddd0_713 .array/port v0x56153332ddd0, 713;
v0x56153332ddd0_714 .array/port v0x56153332ddd0, 714;
E_0x5615332774a0/178 .event edge, v0x56153332ddd0_711, v0x56153332ddd0_712, v0x56153332ddd0_713, v0x56153332ddd0_714;
v0x56153332ddd0_715 .array/port v0x56153332ddd0, 715;
v0x56153332ddd0_716 .array/port v0x56153332ddd0, 716;
v0x56153332ddd0_717 .array/port v0x56153332ddd0, 717;
v0x56153332ddd0_718 .array/port v0x56153332ddd0, 718;
E_0x5615332774a0/179 .event edge, v0x56153332ddd0_715, v0x56153332ddd0_716, v0x56153332ddd0_717, v0x56153332ddd0_718;
v0x56153332ddd0_719 .array/port v0x56153332ddd0, 719;
v0x56153332ddd0_720 .array/port v0x56153332ddd0, 720;
v0x56153332ddd0_721 .array/port v0x56153332ddd0, 721;
v0x56153332ddd0_722 .array/port v0x56153332ddd0, 722;
E_0x5615332774a0/180 .event edge, v0x56153332ddd0_719, v0x56153332ddd0_720, v0x56153332ddd0_721, v0x56153332ddd0_722;
v0x56153332ddd0_723 .array/port v0x56153332ddd0, 723;
v0x56153332ddd0_724 .array/port v0x56153332ddd0, 724;
v0x56153332ddd0_725 .array/port v0x56153332ddd0, 725;
v0x56153332ddd0_726 .array/port v0x56153332ddd0, 726;
E_0x5615332774a0/181 .event edge, v0x56153332ddd0_723, v0x56153332ddd0_724, v0x56153332ddd0_725, v0x56153332ddd0_726;
v0x56153332ddd0_727 .array/port v0x56153332ddd0, 727;
v0x56153332ddd0_728 .array/port v0x56153332ddd0, 728;
v0x56153332ddd0_729 .array/port v0x56153332ddd0, 729;
v0x56153332ddd0_730 .array/port v0x56153332ddd0, 730;
E_0x5615332774a0/182 .event edge, v0x56153332ddd0_727, v0x56153332ddd0_728, v0x56153332ddd0_729, v0x56153332ddd0_730;
v0x56153332ddd0_731 .array/port v0x56153332ddd0, 731;
v0x56153332ddd0_732 .array/port v0x56153332ddd0, 732;
v0x56153332ddd0_733 .array/port v0x56153332ddd0, 733;
v0x56153332ddd0_734 .array/port v0x56153332ddd0, 734;
E_0x5615332774a0/183 .event edge, v0x56153332ddd0_731, v0x56153332ddd0_732, v0x56153332ddd0_733, v0x56153332ddd0_734;
v0x56153332ddd0_735 .array/port v0x56153332ddd0, 735;
v0x56153332ddd0_736 .array/port v0x56153332ddd0, 736;
v0x56153332ddd0_737 .array/port v0x56153332ddd0, 737;
v0x56153332ddd0_738 .array/port v0x56153332ddd0, 738;
E_0x5615332774a0/184 .event edge, v0x56153332ddd0_735, v0x56153332ddd0_736, v0x56153332ddd0_737, v0x56153332ddd0_738;
v0x56153332ddd0_739 .array/port v0x56153332ddd0, 739;
v0x56153332ddd0_740 .array/port v0x56153332ddd0, 740;
v0x56153332ddd0_741 .array/port v0x56153332ddd0, 741;
v0x56153332ddd0_742 .array/port v0x56153332ddd0, 742;
E_0x5615332774a0/185 .event edge, v0x56153332ddd0_739, v0x56153332ddd0_740, v0x56153332ddd0_741, v0x56153332ddd0_742;
v0x56153332ddd0_743 .array/port v0x56153332ddd0, 743;
v0x56153332ddd0_744 .array/port v0x56153332ddd0, 744;
v0x56153332ddd0_745 .array/port v0x56153332ddd0, 745;
v0x56153332ddd0_746 .array/port v0x56153332ddd0, 746;
E_0x5615332774a0/186 .event edge, v0x56153332ddd0_743, v0x56153332ddd0_744, v0x56153332ddd0_745, v0x56153332ddd0_746;
v0x56153332ddd0_747 .array/port v0x56153332ddd0, 747;
v0x56153332ddd0_748 .array/port v0x56153332ddd0, 748;
v0x56153332ddd0_749 .array/port v0x56153332ddd0, 749;
v0x56153332ddd0_750 .array/port v0x56153332ddd0, 750;
E_0x5615332774a0/187 .event edge, v0x56153332ddd0_747, v0x56153332ddd0_748, v0x56153332ddd0_749, v0x56153332ddd0_750;
v0x56153332ddd0_751 .array/port v0x56153332ddd0, 751;
v0x56153332ddd0_752 .array/port v0x56153332ddd0, 752;
v0x56153332ddd0_753 .array/port v0x56153332ddd0, 753;
v0x56153332ddd0_754 .array/port v0x56153332ddd0, 754;
E_0x5615332774a0/188 .event edge, v0x56153332ddd0_751, v0x56153332ddd0_752, v0x56153332ddd0_753, v0x56153332ddd0_754;
v0x56153332ddd0_755 .array/port v0x56153332ddd0, 755;
v0x56153332ddd0_756 .array/port v0x56153332ddd0, 756;
v0x56153332ddd0_757 .array/port v0x56153332ddd0, 757;
v0x56153332ddd0_758 .array/port v0x56153332ddd0, 758;
E_0x5615332774a0/189 .event edge, v0x56153332ddd0_755, v0x56153332ddd0_756, v0x56153332ddd0_757, v0x56153332ddd0_758;
v0x56153332ddd0_759 .array/port v0x56153332ddd0, 759;
v0x56153332ddd0_760 .array/port v0x56153332ddd0, 760;
v0x56153332ddd0_761 .array/port v0x56153332ddd0, 761;
v0x56153332ddd0_762 .array/port v0x56153332ddd0, 762;
E_0x5615332774a0/190 .event edge, v0x56153332ddd0_759, v0x56153332ddd0_760, v0x56153332ddd0_761, v0x56153332ddd0_762;
v0x56153332ddd0_763 .array/port v0x56153332ddd0, 763;
v0x56153332ddd0_764 .array/port v0x56153332ddd0, 764;
v0x56153332ddd0_765 .array/port v0x56153332ddd0, 765;
v0x56153332ddd0_766 .array/port v0x56153332ddd0, 766;
E_0x5615332774a0/191 .event edge, v0x56153332ddd0_763, v0x56153332ddd0_764, v0x56153332ddd0_765, v0x56153332ddd0_766;
v0x56153332ddd0_767 .array/port v0x56153332ddd0, 767;
v0x56153332ddd0_768 .array/port v0x56153332ddd0, 768;
v0x56153332ddd0_769 .array/port v0x56153332ddd0, 769;
v0x56153332ddd0_770 .array/port v0x56153332ddd0, 770;
E_0x5615332774a0/192 .event edge, v0x56153332ddd0_767, v0x56153332ddd0_768, v0x56153332ddd0_769, v0x56153332ddd0_770;
v0x56153332ddd0_771 .array/port v0x56153332ddd0, 771;
v0x56153332ddd0_772 .array/port v0x56153332ddd0, 772;
v0x56153332ddd0_773 .array/port v0x56153332ddd0, 773;
v0x56153332ddd0_774 .array/port v0x56153332ddd0, 774;
E_0x5615332774a0/193 .event edge, v0x56153332ddd0_771, v0x56153332ddd0_772, v0x56153332ddd0_773, v0x56153332ddd0_774;
v0x56153332ddd0_775 .array/port v0x56153332ddd0, 775;
v0x56153332ddd0_776 .array/port v0x56153332ddd0, 776;
v0x56153332ddd0_777 .array/port v0x56153332ddd0, 777;
v0x56153332ddd0_778 .array/port v0x56153332ddd0, 778;
E_0x5615332774a0/194 .event edge, v0x56153332ddd0_775, v0x56153332ddd0_776, v0x56153332ddd0_777, v0x56153332ddd0_778;
v0x56153332ddd0_779 .array/port v0x56153332ddd0, 779;
v0x56153332ddd0_780 .array/port v0x56153332ddd0, 780;
v0x56153332ddd0_781 .array/port v0x56153332ddd0, 781;
v0x56153332ddd0_782 .array/port v0x56153332ddd0, 782;
E_0x5615332774a0/195 .event edge, v0x56153332ddd0_779, v0x56153332ddd0_780, v0x56153332ddd0_781, v0x56153332ddd0_782;
v0x56153332ddd0_783 .array/port v0x56153332ddd0, 783;
v0x56153332ddd0_784 .array/port v0x56153332ddd0, 784;
v0x56153332ddd0_785 .array/port v0x56153332ddd0, 785;
v0x56153332ddd0_786 .array/port v0x56153332ddd0, 786;
E_0x5615332774a0/196 .event edge, v0x56153332ddd0_783, v0x56153332ddd0_784, v0x56153332ddd0_785, v0x56153332ddd0_786;
v0x56153332ddd0_787 .array/port v0x56153332ddd0, 787;
v0x56153332ddd0_788 .array/port v0x56153332ddd0, 788;
v0x56153332ddd0_789 .array/port v0x56153332ddd0, 789;
v0x56153332ddd0_790 .array/port v0x56153332ddd0, 790;
E_0x5615332774a0/197 .event edge, v0x56153332ddd0_787, v0x56153332ddd0_788, v0x56153332ddd0_789, v0x56153332ddd0_790;
v0x56153332ddd0_791 .array/port v0x56153332ddd0, 791;
v0x56153332ddd0_792 .array/port v0x56153332ddd0, 792;
v0x56153332ddd0_793 .array/port v0x56153332ddd0, 793;
v0x56153332ddd0_794 .array/port v0x56153332ddd0, 794;
E_0x5615332774a0/198 .event edge, v0x56153332ddd0_791, v0x56153332ddd0_792, v0x56153332ddd0_793, v0x56153332ddd0_794;
v0x56153332ddd0_795 .array/port v0x56153332ddd0, 795;
v0x56153332ddd0_796 .array/port v0x56153332ddd0, 796;
v0x56153332ddd0_797 .array/port v0x56153332ddd0, 797;
v0x56153332ddd0_798 .array/port v0x56153332ddd0, 798;
E_0x5615332774a0/199 .event edge, v0x56153332ddd0_795, v0x56153332ddd0_796, v0x56153332ddd0_797, v0x56153332ddd0_798;
v0x56153332ddd0_799 .array/port v0x56153332ddd0, 799;
v0x56153332ddd0_800 .array/port v0x56153332ddd0, 800;
v0x56153332ddd0_801 .array/port v0x56153332ddd0, 801;
v0x56153332ddd0_802 .array/port v0x56153332ddd0, 802;
E_0x5615332774a0/200 .event edge, v0x56153332ddd0_799, v0x56153332ddd0_800, v0x56153332ddd0_801, v0x56153332ddd0_802;
v0x56153332ddd0_803 .array/port v0x56153332ddd0, 803;
v0x56153332ddd0_804 .array/port v0x56153332ddd0, 804;
v0x56153332ddd0_805 .array/port v0x56153332ddd0, 805;
v0x56153332ddd0_806 .array/port v0x56153332ddd0, 806;
E_0x5615332774a0/201 .event edge, v0x56153332ddd0_803, v0x56153332ddd0_804, v0x56153332ddd0_805, v0x56153332ddd0_806;
v0x56153332ddd0_807 .array/port v0x56153332ddd0, 807;
v0x56153332ddd0_808 .array/port v0x56153332ddd0, 808;
v0x56153332ddd0_809 .array/port v0x56153332ddd0, 809;
v0x56153332ddd0_810 .array/port v0x56153332ddd0, 810;
E_0x5615332774a0/202 .event edge, v0x56153332ddd0_807, v0x56153332ddd0_808, v0x56153332ddd0_809, v0x56153332ddd0_810;
v0x56153332ddd0_811 .array/port v0x56153332ddd0, 811;
v0x56153332ddd0_812 .array/port v0x56153332ddd0, 812;
v0x56153332ddd0_813 .array/port v0x56153332ddd0, 813;
v0x56153332ddd0_814 .array/port v0x56153332ddd0, 814;
E_0x5615332774a0/203 .event edge, v0x56153332ddd0_811, v0x56153332ddd0_812, v0x56153332ddd0_813, v0x56153332ddd0_814;
v0x56153332ddd0_815 .array/port v0x56153332ddd0, 815;
v0x56153332ddd0_816 .array/port v0x56153332ddd0, 816;
v0x56153332ddd0_817 .array/port v0x56153332ddd0, 817;
v0x56153332ddd0_818 .array/port v0x56153332ddd0, 818;
E_0x5615332774a0/204 .event edge, v0x56153332ddd0_815, v0x56153332ddd0_816, v0x56153332ddd0_817, v0x56153332ddd0_818;
v0x56153332ddd0_819 .array/port v0x56153332ddd0, 819;
v0x56153332ddd0_820 .array/port v0x56153332ddd0, 820;
v0x56153332ddd0_821 .array/port v0x56153332ddd0, 821;
v0x56153332ddd0_822 .array/port v0x56153332ddd0, 822;
E_0x5615332774a0/205 .event edge, v0x56153332ddd0_819, v0x56153332ddd0_820, v0x56153332ddd0_821, v0x56153332ddd0_822;
v0x56153332ddd0_823 .array/port v0x56153332ddd0, 823;
v0x56153332ddd0_824 .array/port v0x56153332ddd0, 824;
v0x56153332ddd0_825 .array/port v0x56153332ddd0, 825;
v0x56153332ddd0_826 .array/port v0x56153332ddd0, 826;
E_0x5615332774a0/206 .event edge, v0x56153332ddd0_823, v0x56153332ddd0_824, v0x56153332ddd0_825, v0x56153332ddd0_826;
v0x56153332ddd0_827 .array/port v0x56153332ddd0, 827;
v0x56153332ddd0_828 .array/port v0x56153332ddd0, 828;
v0x56153332ddd0_829 .array/port v0x56153332ddd0, 829;
v0x56153332ddd0_830 .array/port v0x56153332ddd0, 830;
E_0x5615332774a0/207 .event edge, v0x56153332ddd0_827, v0x56153332ddd0_828, v0x56153332ddd0_829, v0x56153332ddd0_830;
v0x56153332ddd0_831 .array/port v0x56153332ddd0, 831;
v0x56153332ddd0_832 .array/port v0x56153332ddd0, 832;
v0x56153332ddd0_833 .array/port v0x56153332ddd0, 833;
v0x56153332ddd0_834 .array/port v0x56153332ddd0, 834;
E_0x5615332774a0/208 .event edge, v0x56153332ddd0_831, v0x56153332ddd0_832, v0x56153332ddd0_833, v0x56153332ddd0_834;
v0x56153332ddd0_835 .array/port v0x56153332ddd0, 835;
v0x56153332ddd0_836 .array/port v0x56153332ddd0, 836;
v0x56153332ddd0_837 .array/port v0x56153332ddd0, 837;
v0x56153332ddd0_838 .array/port v0x56153332ddd0, 838;
E_0x5615332774a0/209 .event edge, v0x56153332ddd0_835, v0x56153332ddd0_836, v0x56153332ddd0_837, v0x56153332ddd0_838;
v0x56153332ddd0_839 .array/port v0x56153332ddd0, 839;
v0x56153332ddd0_840 .array/port v0x56153332ddd0, 840;
v0x56153332ddd0_841 .array/port v0x56153332ddd0, 841;
v0x56153332ddd0_842 .array/port v0x56153332ddd0, 842;
E_0x5615332774a0/210 .event edge, v0x56153332ddd0_839, v0x56153332ddd0_840, v0x56153332ddd0_841, v0x56153332ddd0_842;
v0x56153332ddd0_843 .array/port v0x56153332ddd0, 843;
v0x56153332ddd0_844 .array/port v0x56153332ddd0, 844;
v0x56153332ddd0_845 .array/port v0x56153332ddd0, 845;
v0x56153332ddd0_846 .array/port v0x56153332ddd0, 846;
E_0x5615332774a0/211 .event edge, v0x56153332ddd0_843, v0x56153332ddd0_844, v0x56153332ddd0_845, v0x56153332ddd0_846;
v0x56153332ddd0_847 .array/port v0x56153332ddd0, 847;
v0x56153332ddd0_848 .array/port v0x56153332ddd0, 848;
v0x56153332ddd0_849 .array/port v0x56153332ddd0, 849;
v0x56153332ddd0_850 .array/port v0x56153332ddd0, 850;
E_0x5615332774a0/212 .event edge, v0x56153332ddd0_847, v0x56153332ddd0_848, v0x56153332ddd0_849, v0x56153332ddd0_850;
v0x56153332ddd0_851 .array/port v0x56153332ddd0, 851;
v0x56153332ddd0_852 .array/port v0x56153332ddd0, 852;
v0x56153332ddd0_853 .array/port v0x56153332ddd0, 853;
v0x56153332ddd0_854 .array/port v0x56153332ddd0, 854;
E_0x5615332774a0/213 .event edge, v0x56153332ddd0_851, v0x56153332ddd0_852, v0x56153332ddd0_853, v0x56153332ddd0_854;
v0x56153332ddd0_855 .array/port v0x56153332ddd0, 855;
v0x56153332ddd0_856 .array/port v0x56153332ddd0, 856;
v0x56153332ddd0_857 .array/port v0x56153332ddd0, 857;
v0x56153332ddd0_858 .array/port v0x56153332ddd0, 858;
E_0x5615332774a0/214 .event edge, v0x56153332ddd0_855, v0x56153332ddd0_856, v0x56153332ddd0_857, v0x56153332ddd0_858;
v0x56153332ddd0_859 .array/port v0x56153332ddd0, 859;
v0x56153332ddd0_860 .array/port v0x56153332ddd0, 860;
v0x56153332ddd0_861 .array/port v0x56153332ddd0, 861;
v0x56153332ddd0_862 .array/port v0x56153332ddd0, 862;
E_0x5615332774a0/215 .event edge, v0x56153332ddd0_859, v0x56153332ddd0_860, v0x56153332ddd0_861, v0x56153332ddd0_862;
v0x56153332ddd0_863 .array/port v0x56153332ddd0, 863;
v0x56153332ddd0_864 .array/port v0x56153332ddd0, 864;
v0x56153332ddd0_865 .array/port v0x56153332ddd0, 865;
v0x56153332ddd0_866 .array/port v0x56153332ddd0, 866;
E_0x5615332774a0/216 .event edge, v0x56153332ddd0_863, v0x56153332ddd0_864, v0x56153332ddd0_865, v0x56153332ddd0_866;
v0x56153332ddd0_867 .array/port v0x56153332ddd0, 867;
v0x56153332ddd0_868 .array/port v0x56153332ddd0, 868;
v0x56153332ddd0_869 .array/port v0x56153332ddd0, 869;
v0x56153332ddd0_870 .array/port v0x56153332ddd0, 870;
E_0x5615332774a0/217 .event edge, v0x56153332ddd0_867, v0x56153332ddd0_868, v0x56153332ddd0_869, v0x56153332ddd0_870;
v0x56153332ddd0_871 .array/port v0x56153332ddd0, 871;
v0x56153332ddd0_872 .array/port v0x56153332ddd0, 872;
v0x56153332ddd0_873 .array/port v0x56153332ddd0, 873;
v0x56153332ddd0_874 .array/port v0x56153332ddd0, 874;
E_0x5615332774a0/218 .event edge, v0x56153332ddd0_871, v0x56153332ddd0_872, v0x56153332ddd0_873, v0x56153332ddd0_874;
v0x56153332ddd0_875 .array/port v0x56153332ddd0, 875;
v0x56153332ddd0_876 .array/port v0x56153332ddd0, 876;
v0x56153332ddd0_877 .array/port v0x56153332ddd0, 877;
v0x56153332ddd0_878 .array/port v0x56153332ddd0, 878;
E_0x5615332774a0/219 .event edge, v0x56153332ddd0_875, v0x56153332ddd0_876, v0x56153332ddd0_877, v0x56153332ddd0_878;
v0x56153332ddd0_879 .array/port v0x56153332ddd0, 879;
v0x56153332ddd0_880 .array/port v0x56153332ddd0, 880;
v0x56153332ddd0_881 .array/port v0x56153332ddd0, 881;
v0x56153332ddd0_882 .array/port v0x56153332ddd0, 882;
E_0x5615332774a0/220 .event edge, v0x56153332ddd0_879, v0x56153332ddd0_880, v0x56153332ddd0_881, v0x56153332ddd0_882;
v0x56153332ddd0_883 .array/port v0x56153332ddd0, 883;
v0x56153332ddd0_884 .array/port v0x56153332ddd0, 884;
v0x56153332ddd0_885 .array/port v0x56153332ddd0, 885;
v0x56153332ddd0_886 .array/port v0x56153332ddd0, 886;
E_0x5615332774a0/221 .event edge, v0x56153332ddd0_883, v0x56153332ddd0_884, v0x56153332ddd0_885, v0x56153332ddd0_886;
v0x56153332ddd0_887 .array/port v0x56153332ddd0, 887;
v0x56153332ddd0_888 .array/port v0x56153332ddd0, 888;
v0x56153332ddd0_889 .array/port v0x56153332ddd0, 889;
v0x56153332ddd0_890 .array/port v0x56153332ddd0, 890;
E_0x5615332774a0/222 .event edge, v0x56153332ddd0_887, v0x56153332ddd0_888, v0x56153332ddd0_889, v0x56153332ddd0_890;
v0x56153332ddd0_891 .array/port v0x56153332ddd0, 891;
v0x56153332ddd0_892 .array/port v0x56153332ddd0, 892;
v0x56153332ddd0_893 .array/port v0x56153332ddd0, 893;
v0x56153332ddd0_894 .array/port v0x56153332ddd0, 894;
E_0x5615332774a0/223 .event edge, v0x56153332ddd0_891, v0x56153332ddd0_892, v0x56153332ddd0_893, v0x56153332ddd0_894;
v0x56153332ddd0_895 .array/port v0x56153332ddd0, 895;
v0x56153332ddd0_896 .array/port v0x56153332ddd0, 896;
v0x56153332ddd0_897 .array/port v0x56153332ddd0, 897;
v0x56153332ddd0_898 .array/port v0x56153332ddd0, 898;
E_0x5615332774a0/224 .event edge, v0x56153332ddd0_895, v0x56153332ddd0_896, v0x56153332ddd0_897, v0x56153332ddd0_898;
v0x56153332ddd0_899 .array/port v0x56153332ddd0, 899;
v0x56153332ddd0_900 .array/port v0x56153332ddd0, 900;
v0x56153332ddd0_901 .array/port v0x56153332ddd0, 901;
v0x56153332ddd0_902 .array/port v0x56153332ddd0, 902;
E_0x5615332774a0/225 .event edge, v0x56153332ddd0_899, v0x56153332ddd0_900, v0x56153332ddd0_901, v0x56153332ddd0_902;
v0x56153332ddd0_903 .array/port v0x56153332ddd0, 903;
v0x56153332ddd0_904 .array/port v0x56153332ddd0, 904;
v0x56153332ddd0_905 .array/port v0x56153332ddd0, 905;
v0x56153332ddd0_906 .array/port v0x56153332ddd0, 906;
E_0x5615332774a0/226 .event edge, v0x56153332ddd0_903, v0x56153332ddd0_904, v0x56153332ddd0_905, v0x56153332ddd0_906;
v0x56153332ddd0_907 .array/port v0x56153332ddd0, 907;
v0x56153332ddd0_908 .array/port v0x56153332ddd0, 908;
v0x56153332ddd0_909 .array/port v0x56153332ddd0, 909;
v0x56153332ddd0_910 .array/port v0x56153332ddd0, 910;
E_0x5615332774a0/227 .event edge, v0x56153332ddd0_907, v0x56153332ddd0_908, v0x56153332ddd0_909, v0x56153332ddd0_910;
v0x56153332ddd0_911 .array/port v0x56153332ddd0, 911;
v0x56153332ddd0_912 .array/port v0x56153332ddd0, 912;
v0x56153332ddd0_913 .array/port v0x56153332ddd0, 913;
v0x56153332ddd0_914 .array/port v0x56153332ddd0, 914;
E_0x5615332774a0/228 .event edge, v0x56153332ddd0_911, v0x56153332ddd0_912, v0x56153332ddd0_913, v0x56153332ddd0_914;
v0x56153332ddd0_915 .array/port v0x56153332ddd0, 915;
v0x56153332ddd0_916 .array/port v0x56153332ddd0, 916;
v0x56153332ddd0_917 .array/port v0x56153332ddd0, 917;
v0x56153332ddd0_918 .array/port v0x56153332ddd0, 918;
E_0x5615332774a0/229 .event edge, v0x56153332ddd0_915, v0x56153332ddd0_916, v0x56153332ddd0_917, v0x56153332ddd0_918;
v0x56153332ddd0_919 .array/port v0x56153332ddd0, 919;
v0x56153332ddd0_920 .array/port v0x56153332ddd0, 920;
v0x56153332ddd0_921 .array/port v0x56153332ddd0, 921;
v0x56153332ddd0_922 .array/port v0x56153332ddd0, 922;
E_0x5615332774a0/230 .event edge, v0x56153332ddd0_919, v0x56153332ddd0_920, v0x56153332ddd0_921, v0x56153332ddd0_922;
v0x56153332ddd0_923 .array/port v0x56153332ddd0, 923;
v0x56153332ddd0_924 .array/port v0x56153332ddd0, 924;
v0x56153332ddd0_925 .array/port v0x56153332ddd0, 925;
v0x56153332ddd0_926 .array/port v0x56153332ddd0, 926;
E_0x5615332774a0/231 .event edge, v0x56153332ddd0_923, v0x56153332ddd0_924, v0x56153332ddd0_925, v0x56153332ddd0_926;
v0x56153332ddd0_927 .array/port v0x56153332ddd0, 927;
v0x56153332ddd0_928 .array/port v0x56153332ddd0, 928;
v0x56153332ddd0_929 .array/port v0x56153332ddd0, 929;
v0x56153332ddd0_930 .array/port v0x56153332ddd0, 930;
E_0x5615332774a0/232 .event edge, v0x56153332ddd0_927, v0x56153332ddd0_928, v0x56153332ddd0_929, v0x56153332ddd0_930;
v0x56153332ddd0_931 .array/port v0x56153332ddd0, 931;
v0x56153332ddd0_932 .array/port v0x56153332ddd0, 932;
v0x56153332ddd0_933 .array/port v0x56153332ddd0, 933;
v0x56153332ddd0_934 .array/port v0x56153332ddd0, 934;
E_0x5615332774a0/233 .event edge, v0x56153332ddd0_931, v0x56153332ddd0_932, v0x56153332ddd0_933, v0x56153332ddd0_934;
v0x56153332ddd0_935 .array/port v0x56153332ddd0, 935;
v0x56153332ddd0_936 .array/port v0x56153332ddd0, 936;
v0x56153332ddd0_937 .array/port v0x56153332ddd0, 937;
v0x56153332ddd0_938 .array/port v0x56153332ddd0, 938;
E_0x5615332774a0/234 .event edge, v0x56153332ddd0_935, v0x56153332ddd0_936, v0x56153332ddd0_937, v0x56153332ddd0_938;
v0x56153332ddd0_939 .array/port v0x56153332ddd0, 939;
v0x56153332ddd0_940 .array/port v0x56153332ddd0, 940;
v0x56153332ddd0_941 .array/port v0x56153332ddd0, 941;
v0x56153332ddd0_942 .array/port v0x56153332ddd0, 942;
E_0x5615332774a0/235 .event edge, v0x56153332ddd0_939, v0x56153332ddd0_940, v0x56153332ddd0_941, v0x56153332ddd0_942;
v0x56153332ddd0_943 .array/port v0x56153332ddd0, 943;
v0x56153332ddd0_944 .array/port v0x56153332ddd0, 944;
v0x56153332ddd0_945 .array/port v0x56153332ddd0, 945;
v0x56153332ddd0_946 .array/port v0x56153332ddd0, 946;
E_0x5615332774a0/236 .event edge, v0x56153332ddd0_943, v0x56153332ddd0_944, v0x56153332ddd0_945, v0x56153332ddd0_946;
v0x56153332ddd0_947 .array/port v0x56153332ddd0, 947;
v0x56153332ddd0_948 .array/port v0x56153332ddd0, 948;
v0x56153332ddd0_949 .array/port v0x56153332ddd0, 949;
v0x56153332ddd0_950 .array/port v0x56153332ddd0, 950;
E_0x5615332774a0/237 .event edge, v0x56153332ddd0_947, v0x56153332ddd0_948, v0x56153332ddd0_949, v0x56153332ddd0_950;
v0x56153332ddd0_951 .array/port v0x56153332ddd0, 951;
v0x56153332ddd0_952 .array/port v0x56153332ddd0, 952;
v0x56153332ddd0_953 .array/port v0x56153332ddd0, 953;
v0x56153332ddd0_954 .array/port v0x56153332ddd0, 954;
E_0x5615332774a0/238 .event edge, v0x56153332ddd0_951, v0x56153332ddd0_952, v0x56153332ddd0_953, v0x56153332ddd0_954;
v0x56153332ddd0_955 .array/port v0x56153332ddd0, 955;
v0x56153332ddd0_956 .array/port v0x56153332ddd0, 956;
v0x56153332ddd0_957 .array/port v0x56153332ddd0, 957;
v0x56153332ddd0_958 .array/port v0x56153332ddd0, 958;
E_0x5615332774a0/239 .event edge, v0x56153332ddd0_955, v0x56153332ddd0_956, v0x56153332ddd0_957, v0x56153332ddd0_958;
v0x56153332ddd0_959 .array/port v0x56153332ddd0, 959;
v0x56153332ddd0_960 .array/port v0x56153332ddd0, 960;
v0x56153332ddd0_961 .array/port v0x56153332ddd0, 961;
v0x56153332ddd0_962 .array/port v0x56153332ddd0, 962;
E_0x5615332774a0/240 .event edge, v0x56153332ddd0_959, v0x56153332ddd0_960, v0x56153332ddd0_961, v0x56153332ddd0_962;
v0x56153332ddd0_963 .array/port v0x56153332ddd0, 963;
v0x56153332ddd0_964 .array/port v0x56153332ddd0, 964;
v0x56153332ddd0_965 .array/port v0x56153332ddd0, 965;
v0x56153332ddd0_966 .array/port v0x56153332ddd0, 966;
E_0x5615332774a0/241 .event edge, v0x56153332ddd0_963, v0x56153332ddd0_964, v0x56153332ddd0_965, v0x56153332ddd0_966;
v0x56153332ddd0_967 .array/port v0x56153332ddd0, 967;
v0x56153332ddd0_968 .array/port v0x56153332ddd0, 968;
v0x56153332ddd0_969 .array/port v0x56153332ddd0, 969;
v0x56153332ddd0_970 .array/port v0x56153332ddd0, 970;
E_0x5615332774a0/242 .event edge, v0x56153332ddd0_967, v0x56153332ddd0_968, v0x56153332ddd0_969, v0x56153332ddd0_970;
v0x56153332ddd0_971 .array/port v0x56153332ddd0, 971;
v0x56153332ddd0_972 .array/port v0x56153332ddd0, 972;
v0x56153332ddd0_973 .array/port v0x56153332ddd0, 973;
v0x56153332ddd0_974 .array/port v0x56153332ddd0, 974;
E_0x5615332774a0/243 .event edge, v0x56153332ddd0_971, v0x56153332ddd0_972, v0x56153332ddd0_973, v0x56153332ddd0_974;
v0x56153332ddd0_975 .array/port v0x56153332ddd0, 975;
v0x56153332ddd0_976 .array/port v0x56153332ddd0, 976;
v0x56153332ddd0_977 .array/port v0x56153332ddd0, 977;
v0x56153332ddd0_978 .array/port v0x56153332ddd0, 978;
E_0x5615332774a0/244 .event edge, v0x56153332ddd0_975, v0x56153332ddd0_976, v0x56153332ddd0_977, v0x56153332ddd0_978;
v0x56153332ddd0_979 .array/port v0x56153332ddd0, 979;
v0x56153332ddd0_980 .array/port v0x56153332ddd0, 980;
v0x56153332ddd0_981 .array/port v0x56153332ddd0, 981;
v0x56153332ddd0_982 .array/port v0x56153332ddd0, 982;
E_0x5615332774a0/245 .event edge, v0x56153332ddd0_979, v0x56153332ddd0_980, v0x56153332ddd0_981, v0x56153332ddd0_982;
v0x56153332ddd0_983 .array/port v0x56153332ddd0, 983;
v0x56153332ddd0_984 .array/port v0x56153332ddd0, 984;
v0x56153332ddd0_985 .array/port v0x56153332ddd0, 985;
v0x56153332ddd0_986 .array/port v0x56153332ddd0, 986;
E_0x5615332774a0/246 .event edge, v0x56153332ddd0_983, v0x56153332ddd0_984, v0x56153332ddd0_985, v0x56153332ddd0_986;
v0x56153332ddd0_987 .array/port v0x56153332ddd0, 987;
v0x56153332ddd0_988 .array/port v0x56153332ddd0, 988;
v0x56153332ddd0_989 .array/port v0x56153332ddd0, 989;
v0x56153332ddd0_990 .array/port v0x56153332ddd0, 990;
E_0x5615332774a0/247 .event edge, v0x56153332ddd0_987, v0x56153332ddd0_988, v0x56153332ddd0_989, v0x56153332ddd0_990;
v0x56153332ddd0_991 .array/port v0x56153332ddd0, 991;
v0x56153332ddd0_992 .array/port v0x56153332ddd0, 992;
v0x56153332ddd0_993 .array/port v0x56153332ddd0, 993;
v0x56153332ddd0_994 .array/port v0x56153332ddd0, 994;
E_0x5615332774a0/248 .event edge, v0x56153332ddd0_991, v0x56153332ddd0_992, v0x56153332ddd0_993, v0x56153332ddd0_994;
v0x56153332ddd0_995 .array/port v0x56153332ddd0, 995;
v0x56153332ddd0_996 .array/port v0x56153332ddd0, 996;
v0x56153332ddd0_997 .array/port v0x56153332ddd0, 997;
v0x56153332ddd0_998 .array/port v0x56153332ddd0, 998;
E_0x5615332774a0/249 .event edge, v0x56153332ddd0_995, v0x56153332ddd0_996, v0x56153332ddd0_997, v0x56153332ddd0_998;
v0x56153332ddd0_999 .array/port v0x56153332ddd0, 999;
v0x56153332ddd0_1000 .array/port v0x56153332ddd0, 1000;
v0x56153332ddd0_1001 .array/port v0x56153332ddd0, 1001;
v0x56153332ddd0_1002 .array/port v0x56153332ddd0, 1002;
E_0x5615332774a0/250 .event edge, v0x56153332ddd0_999, v0x56153332ddd0_1000, v0x56153332ddd0_1001, v0x56153332ddd0_1002;
v0x56153332ddd0_1003 .array/port v0x56153332ddd0, 1003;
v0x56153332ddd0_1004 .array/port v0x56153332ddd0, 1004;
v0x56153332ddd0_1005 .array/port v0x56153332ddd0, 1005;
v0x56153332ddd0_1006 .array/port v0x56153332ddd0, 1006;
E_0x5615332774a0/251 .event edge, v0x56153332ddd0_1003, v0x56153332ddd0_1004, v0x56153332ddd0_1005, v0x56153332ddd0_1006;
v0x56153332ddd0_1007 .array/port v0x56153332ddd0, 1007;
v0x56153332ddd0_1008 .array/port v0x56153332ddd0, 1008;
v0x56153332ddd0_1009 .array/port v0x56153332ddd0, 1009;
v0x56153332ddd0_1010 .array/port v0x56153332ddd0, 1010;
E_0x5615332774a0/252 .event edge, v0x56153332ddd0_1007, v0x56153332ddd0_1008, v0x56153332ddd0_1009, v0x56153332ddd0_1010;
v0x56153332ddd0_1011 .array/port v0x56153332ddd0, 1011;
v0x56153332ddd0_1012 .array/port v0x56153332ddd0, 1012;
v0x56153332ddd0_1013 .array/port v0x56153332ddd0, 1013;
v0x56153332ddd0_1014 .array/port v0x56153332ddd0, 1014;
E_0x5615332774a0/253 .event edge, v0x56153332ddd0_1011, v0x56153332ddd0_1012, v0x56153332ddd0_1013, v0x56153332ddd0_1014;
v0x56153332ddd0_1015 .array/port v0x56153332ddd0, 1015;
v0x56153332ddd0_1016 .array/port v0x56153332ddd0, 1016;
v0x56153332ddd0_1017 .array/port v0x56153332ddd0, 1017;
v0x56153332ddd0_1018 .array/port v0x56153332ddd0, 1018;
E_0x5615332774a0/254 .event edge, v0x56153332ddd0_1015, v0x56153332ddd0_1016, v0x56153332ddd0_1017, v0x56153332ddd0_1018;
v0x56153332ddd0_1019 .array/port v0x56153332ddd0, 1019;
v0x56153332ddd0_1020 .array/port v0x56153332ddd0, 1020;
v0x56153332ddd0_1021 .array/port v0x56153332ddd0, 1021;
v0x56153332ddd0_1022 .array/port v0x56153332ddd0, 1022;
E_0x5615332774a0/255 .event edge, v0x56153332ddd0_1019, v0x56153332ddd0_1020, v0x56153332ddd0_1021, v0x56153332ddd0_1022;
v0x56153332ddd0_1023 .array/port v0x56153332ddd0, 1023;
v0x56153332ddd0_1024 .array/port v0x56153332ddd0, 1024;
v0x56153332ddd0_1025 .array/port v0x56153332ddd0, 1025;
v0x56153332ddd0_1026 .array/port v0x56153332ddd0, 1026;
E_0x5615332774a0/256 .event edge, v0x56153332ddd0_1023, v0x56153332ddd0_1024, v0x56153332ddd0_1025, v0x56153332ddd0_1026;
v0x56153332ddd0_1027 .array/port v0x56153332ddd0, 1027;
v0x56153332ddd0_1028 .array/port v0x56153332ddd0, 1028;
v0x56153332ddd0_1029 .array/port v0x56153332ddd0, 1029;
v0x56153332ddd0_1030 .array/port v0x56153332ddd0, 1030;
E_0x5615332774a0/257 .event edge, v0x56153332ddd0_1027, v0x56153332ddd0_1028, v0x56153332ddd0_1029, v0x56153332ddd0_1030;
v0x56153332ddd0_1031 .array/port v0x56153332ddd0, 1031;
v0x56153332ddd0_1032 .array/port v0x56153332ddd0, 1032;
v0x56153332ddd0_1033 .array/port v0x56153332ddd0, 1033;
v0x56153332ddd0_1034 .array/port v0x56153332ddd0, 1034;
E_0x5615332774a0/258 .event edge, v0x56153332ddd0_1031, v0x56153332ddd0_1032, v0x56153332ddd0_1033, v0x56153332ddd0_1034;
v0x56153332ddd0_1035 .array/port v0x56153332ddd0, 1035;
v0x56153332ddd0_1036 .array/port v0x56153332ddd0, 1036;
v0x56153332ddd0_1037 .array/port v0x56153332ddd0, 1037;
v0x56153332ddd0_1038 .array/port v0x56153332ddd0, 1038;
E_0x5615332774a0/259 .event edge, v0x56153332ddd0_1035, v0x56153332ddd0_1036, v0x56153332ddd0_1037, v0x56153332ddd0_1038;
v0x56153332ddd0_1039 .array/port v0x56153332ddd0, 1039;
v0x56153332ddd0_1040 .array/port v0x56153332ddd0, 1040;
v0x56153332ddd0_1041 .array/port v0x56153332ddd0, 1041;
v0x56153332ddd0_1042 .array/port v0x56153332ddd0, 1042;
E_0x5615332774a0/260 .event edge, v0x56153332ddd0_1039, v0x56153332ddd0_1040, v0x56153332ddd0_1041, v0x56153332ddd0_1042;
v0x56153332ddd0_1043 .array/port v0x56153332ddd0, 1043;
v0x56153332ddd0_1044 .array/port v0x56153332ddd0, 1044;
v0x56153332ddd0_1045 .array/port v0x56153332ddd0, 1045;
v0x56153332ddd0_1046 .array/port v0x56153332ddd0, 1046;
E_0x5615332774a0/261 .event edge, v0x56153332ddd0_1043, v0x56153332ddd0_1044, v0x56153332ddd0_1045, v0x56153332ddd0_1046;
v0x56153332ddd0_1047 .array/port v0x56153332ddd0, 1047;
v0x56153332ddd0_1048 .array/port v0x56153332ddd0, 1048;
v0x56153332ddd0_1049 .array/port v0x56153332ddd0, 1049;
v0x56153332ddd0_1050 .array/port v0x56153332ddd0, 1050;
E_0x5615332774a0/262 .event edge, v0x56153332ddd0_1047, v0x56153332ddd0_1048, v0x56153332ddd0_1049, v0x56153332ddd0_1050;
v0x56153332ddd0_1051 .array/port v0x56153332ddd0, 1051;
v0x56153332ddd0_1052 .array/port v0x56153332ddd0, 1052;
v0x56153332ddd0_1053 .array/port v0x56153332ddd0, 1053;
v0x56153332ddd0_1054 .array/port v0x56153332ddd0, 1054;
E_0x5615332774a0/263 .event edge, v0x56153332ddd0_1051, v0x56153332ddd0_1052, v0x56153332ddd0_1053, v0x56153332ddd0_1054;
v0x56153332ddd0_1055 .array/port v0x56153332ddd0, 1055;
v0x56153332ddd0_1056 .array/port v0x56153332ddd0, 1056;
v0x56153332ddd0_1057 .array/port v0x56153332ddd0, 1057;
v0x56153332ddd0_1058 .array/port v0x56153332ddd0, 1058;
E_0x5615332774a0/264 .event edge, v0x56153332ddd0_1055, v0x56153332ddd0_1056, v0x56153332ddd0_1057, v0x56153332ddd0_1058;
v0x56153332ddd0_1059 .array/port v0x56153332ddd0, 1059;
v0x56153332ddd0_1060 .array/port v0x56153332ddd0, 1060;
v0x56153332ddd0_1061 .array/port v0x56153332ddd0, 1061;
v0x56153332ddd0_1062 .array/port v0x56153332ddd0, 1062;
E_0x5615332774a0/265 .event edge, v0x56153332ddd0_1059, v0x56153332ddd0_1060, v0x56153332ddd0_1061, v0x56153332ddd0_1062;
v0x56153332ddd0_1063 .array/port v0x56153332ddd0, 1063;
v0x56153332ddd0_1064 .array/port v0x56153332ddd0, 1064;
v0x56153332ddd0_1065 .array/port v0x56153332ddd0, 1065;
v0x56153332ddd0_1066 .array/port v0x56153332ddd0, 1066;
E_0x5615332774a0/266 .event edge, v0x56153332ddd0_1063, v0x56153332ddd0_1064, v0x56153332ddd0_1065, v0x56153332ddd0_1066;
v0x56153332ddd0_1067 .array/port v0x56153332ddd0, 1067;
v0x56153332ddd0_1068 .array/port v0x56153332ddd0, 1068;
v0x56153332ddd0_1069 .array/port v0x56153332ddd0, 1069;
v0x56153332ddd0_1070 .array/port v0x56153332ddd0, 1070;
E_0x5615332774a0/267 .event edge, v0x56153332ddd0_1067, v0x56153332ddd0_1068, v0x56153332ddd0_1069, v0x56153332ddd0_1070;
v0x56153332ddd0_1071 .array/port v0x56153332ddd0, 1071;
v0x56153332ddd0_1072 .array/port v0x56153332ddd0, 1072;
v0x56153332ddd0_1073 .array/port v0x56153332ddd0, 1073;
v0x56153332ddd0_1074 .array/port v0x56153332ddd0, 1074;
E_0x5615332774a0/268 .event edge, v0x56153332ddd0_1071, v0x56153332ddd0_1072, v0x56153332ddd0_1073, v0x56153332ddd0_1074;
v0x56153332ddd0_1075 .array/port v0x56153332ddd0, 1075;
v0x56153332ddd0_1076 .array/port v0x56153332ddd0, 1076;
v0x56153332ddd0_1077 .array/port v0x56153332ddd0, 1077;
v0x56153332ddd0_1078 .array/port v0x56153332ddd0, 1078;
E_0x5615332774a0/269 .event edge, v0x56153332ddd0_1075, v0x56153332ddd0_1076, v0x56153332ddd0_1077, v0x56153332ddd0_1078;
v0x56153332ddd0_1079 .array/port v0x56153332ddd0, 1079;
v0x56153332ddd0_1080 .array/port v0x56153332ddd0, 1080;
v0x56153332ddd0_1081 .array/port v0x56153332ddd0, 1081;
v0x56153332ddd0_1082 .array/port v0x56153332ddd0, 1082;
E_0x5615332774a0/270 .event edge, v0x56153332ddd0_1079, v0x56153332ddd0_1080, v0x56153332ddd0_1081, v0x56153332ddd0_1082;
v0x56153332ddd0_1083 .array/port v0x56153332ddd0, 1083;
v0x56153332ddd0_1084 .array/port v0x56153332ddd0, 1084;
v0x56153332ddd0_1085 .array/port v0x56153332ddd0, 1085;
v0x56153332ddd0_1086 .array/port v0x56153332ddd0, 1086;
E_0x5615332774a0/271 .event edge, v0x56153332ddd0_1083, v0x56153332ddd0_1084, v0x56153332ddd0_1085, v0x56153332ddd0_1086;
v0x56153332ddd0_1087 .array/port v0x56153332ddd0, 1087;
v0x56153332ddd0_1088 .array/port v0x56153332ddd0, 1088;
v0x56153332ddd0_1089 .array/port v0x56153332ddd0, 1089;
v0x56153332ddd0_1090 .array/port v0x56153332ddd0, 1090;
E_0x5615332774a0/272 .event edge, v0x56153332ddd0_1087, v0x56153332ddd0_1088, v0x56153332ddd0_1089, v0x56153332ddd0_1090;
v0x56153332ddd0_1091 .array/port v0x56153332ddd0, 1091;
v0x56153332ddd0_1092 .array/port v0x56153332ddd0, 1092;
v0x56153332ddd0_1093 .array/port v0x56153332ddd0, 1093;
v0x56153332ddd0_1094 .array/port v0x56153332ddd0, 1094;
E_0x5615332774a0/273 .event edge, v0x56153332ddd0_1091, v0x56153332ddd0_1092, v0x56153332ddd0_1093, v0x56153332ddd0_1094;
v0x56153332ddd0_1095 .array/port v0x56153332ddd0, 1095;
v0x56153332ddd0_1096 .array/port v0x56153332ddd0, 1096;
v0x56153332ddd0_1097 .array/port v0x56153332ddd0, 1097;
v0x56153332ddd0_1098 .array/port v0x56153332ddd0, 1098;
E_0x5615332774a0/274 .event edge, v0x56153332ddd0_1095, v0x56153332ddd0_1096, v0x56153332ddd0_1097, v0x56153332ddd0_1098;
v0x56153332ddd0_1099 .array/port v0x56153332ddd0, 1099;
v0x56153332ddd0_1100 .array/port v0x56153332ddd0, 1100;
v0x56153332ddd0_1101 .array/port v0x56153332ddd0, 1101;
v0x56153332ddd0_1102 .array/port v0x56153332ddd0, 1102;
E_0x5615332774a0/275 .event edge, v0x56153332ddd0_1099, v0x56153332ddd0_1100, v0x56153332ddd0_1101, v0x56153332ddd0_1102;
v0x56153332ddd0_1103 .array/port v0x56153332ddd0, 1103;
v0x56153332ddd0_1104 .array/port v0x56153332ddd0, 1104;
v0x56153332ddd0_1105 .array/port v0x56153332ddd0, 1105;
v0x56153332ddd0_1106 .array/port v0x56153332ddd0, 1106;
E_0x5615332774a0/276 .event edge, v0x56153332ddd0_1103, v0x56153332ddd0_1104, v0x56153332ddd0_1105, v0x56153332ddd0_1106;
v0x56153332ddd0_1107 .array/port v0x56153332ddd0, 1107;
v0x56153332ddd0_1108 .array/port v0x56153332ddd0, 1108;
v0x56153332ddd0_1109 .array/port v0x56153332ddd0, 1109;
v0x56153332ddd0_1110 .array/port v0x56153332ddd0, 1110;
E_0x5615332774a0/277 .event edge, v0x56153332ddd0_1107, v0x56153332ddd0_1108, v0x56153332ddd0_1109, v0x56153332ddd0_1110;
v0x56153332ddd0_1111 .array/port v0x56153332ddd0, 1111;
v0x56153332ddd0_1112 .array/port v0x56153332ddd0, 1112;
v0x56153332ddd0_1113 .array/port v0x56153332ddd0, 1113;
v0x56153332ddd0_1114 .array/port v0x56153332ddd0, 1114;
E_0x5615332774a0/278 .event edge, v0x56153332ddd0_1111, v0x56153332ddd0_1112, v0x56153332ddd0_1113, v0x56153332ddd0_1114;
v0x56153332ddd0_1115 .array/port v0x56153332ddd0, 1115;
v0x56153332ddd0_1116 .array/port v0x56153332ddd0, 1116;
v0x56153332ddd0_1117 .array/port v0x56153332ddd0, 1117;
v0x56153332ddd0_1118 .array/port v0x56153332ddd0, 1118;
E_0x5615332774a0/279 .event edge, v0x56153332ddd0_1115, v0x56153332ddd0_1116, v0x56153332ddd0_1117, v0x56153332ddd0_1118;
v0x56153332ddd0_1119 .array/port v0x56153332ddd0, 1119;
v0x56153332ddd0_1120 .array/port v0x56153332ddd0, 1120;
v0x56153332ddd0_1121 .array/port v0x56153332ddd0, 1121;
v0x56153332ddd0_1122 .array/port v0x56153332ddd0, 1122;
E_0x5615332774a0/280 .event edge, v0x56153332ddd0_1119, v0x56153332ddd0_1120, v0x56153332ddd0_1121, v0x56153332ddd0_1122;
v0x56153332ddd0_1123 .array/port v0x56153332ddd0, 1123;
v0x56153332ddd0_1124 .array/port v0x56153332ddd0, 1124;
v0x56153332ddd0_1125 .array/port v0x56153332ddd0, 1125;
v0x56153332ddd0_1126 .array/port v0x56153332ddd0, 1126;
E_0x5615332774a0/281 .event edge, v0x56153332ddd0_1123, v0x56153332ddd0_1124, v0x56153332ddd0_1125, v0x56153332ddd0_1126;
v0x56153332ddd0_1127 .array/port v0x56153332ddd0, 1127;
v0x56153332ddd0_1128 .array/port v0x56153332ddd0, 1128;
v0x56153332ddd0_1129 .array/port v0x56153332ddd0, 1129;
v0x56153332ddd0_1130 .array/port v0x56153332ddd0, 1130;
E_0x5615332774a0/282 .event edge, v0x56153332ddd0_1127, v0x56153332ddd0_1128, v0x56153332ddd0_1129, v0x56153332ddd0_1130;
v0x56153332ddd0_1131 .array/port v0x56153332ddd0, 1131;
v0x56153332ddd0_1132 .array/port v0x56153332ddd0, 1132;
v0x56153332ddd0_1133 .array/port v0x56153332ddd0, 1133;
v0x56153332ddd0_1134 .array/port v0x56153332ddd0, 1134;
E_0x5615332774a0/283 .event edge, v0x56153332ddd0_1131, v0x56153332ddd0_1132, v0x56153332ddd0_1133, v0x56153332ddd0_1134;
v0x56153332ddd0_1135 .array/port v0x56153332ddd0, 1135;
v0x56153332ddd0_1136 .array/port v0x56153332ddd0, 1136;
v0x56153332ddd0_1137 .array/port v0x56153332ddd0, 1137;
v0x56153332ddd0_1138 .array/port v0x56153332ddd0, 1138;
E_0x5615332774a0/284 .event edge, v0x56153332ddd0_1135, v0x56153332ddd0_1136, v0x56153332ddd0_1137, v0x56153332ddd0_1138;
v0x56153332ddd0_1139 .array/port v0x56153332ddd0, 1139;
v0x56153332ddd0_1140 .array/port v0x56153332ddd0, 1140;
v0x56153332ddd0_1141 .array/port v0x56153332ddd0, 1141;
v0x56153332ddd0_1142 .array/port v0x56153332ddd0, 1142;
E_0x5615332774a0/285 .event edge, v0x56153332ddd0_1139, v0x56153332ddd0_1140, v0x56153332ddd0_1141, v0x56153332ddd0_1142;
v0x56153332ddd0_1143 .array/port v0x56153332ddd0, 1143;
v0x56153332ddd0_1144 .array/port v0x56153332ddd0, 1144;
v0x56153332ddd0_1145 .array/port v0x56153332ddd0, 1145;
v0x56153332ddd0_1146 .array/port v0x56153332ddd0, 1146;
E_0x5615332774a0/286 .event edge, v0x56153332ddd0_1143, v0x56153332ddd0_1144, v0x56153332ddd0_1145, v0x56153332ddd0_1146;
v0x56153332ddd0_1147 .array/port v0x56153332ddd0, 1147;
v0x56153332ddd0_1148 .array/port v0x56153332ddd0, 1148;
v0x56153332ddd0_1149 .array/port v0x56153332ddd0, 1149;
v0x56153332ddd0_1150 .array/port v0x56153332ddd0, 1150;
E_0x5615332774a0/287 .event edge, v0x56153332ddd0_1147, v0x56153332ddd0_1148, v0x56153332ddd0_1149, v0x56153332ddd0_1150;
v0x56153332ddd0_1151 .array/port v0x56153332ddd0, 1151;
v0x56153332ddd0_1152 .array/port v0x56153332ddd0, 1152;
v0x56153332ddd0_1153 .array/port v0x56153332ddd0, 1153;
v0x56153332ddd0_1154 .array/port v0x56153332ddd0, 1154;
E_0x5615332774a0/288 .event edge, v0x56153332ddd0_1151, v0x56153332ddd0_1152, v0x56153332ddd0_1153, v0x56153332ddd0_1154;
v0x56153332ddd0_1155 .array/port v0x56153332ddd0, 1155;
v0x56153332ddd0_1156 .array/port v0x56153332ddd0, 1156;
v0x56153332ddd0_1157 .array/port v0x56153332ddd0, 1157;
v0x56153332ddd0_1158 .array/port v0x56153332ddd0, 1158;
E_0x5615332774a0/289 .event edge, v0x56153332ddd0_1155, v0x56153332ddd0_1156, v0x56153332ddd0_1157, v0x56153332ddd0_1158;
v0x56153332ddd0_1159 .array/port v0x56153332ddd0, 1159;
v0x56153332ddd0_1160 .array/port v0x56153332ddd0, 1160;
v0x56153332ddd0_1161 .array/port v0x56153332ddd0, 1161;
v0x56153332ddd0_1162 .array/port v0x56153332ddd0, 1162;
E_0x5615332774a0/290 .event edge, v0x56153332ddd0_1159, v0x56153332ddd0_1160, v0x56153332ddd0_1161, v0x56153332ddd0_1162;
v0x56153332ddd0_1163 .array/port v0x56153332ddd0, 1163;
v0x56153332ddd0_1164 .array/port v0x56153332ddd0, 1164;
v0x56153332ddd0_1165 .array/port v0x56153332ddd0, 1165;
v0x56153332ddd0_1166 .array/port v0x56153332ddd0, 1166;
E_0x5615332774a0/291 .event edge, v0x56153332ddd0_1163, v0x56153332ddd0_1164, v0x56153332ddd0_1165, v0x56153332ddd0_1166;
v0x56153332ddd0_1167 .array/port v0x56153332ddd0, 1167;
v0x56153332ddd0_1168 .array/port v0x56153332ddd0, 1168;
v0x56153332ddd0_1169 .array/port v0x56153332ddd0, 1169;
v0x56153332ddd0_1170 .array/port v0x56153332ddd0, 1170;
E_0x5615332774a0/292 .event edge, v0x56153332ddd0_1167, v0x56153332ddd0_1168, v0x56153332ddd0_1169, v0x56153332ddd0_1170;
v0x56153332ddd0_1171 .array/port v0x56153332ddd0, 1171;
v0x56153332ddd0_1172 .array/port v0x56153332ddd0, 1172;
v0x56153332ddd0_1173 .array/port v0x56153332ddd0, 1173;
v0x56153332ddd0_1174 .array/port v0x56153332ddd0, 1174;
E_0x5615332774a0/293 .event edge, v0x56153332ddd0_1171, v0x56153332ddd0_1172, v0x56153332ddd0_1173, v0x56153332ddd0_1174;
v0x56153332ddd0_1175 .array/port v0x56153332ddd0, 1175;
v0x56153332ddd0_1176 .array/port v0x56153332ddd0, 1176;
v0x56153332ddd0_1177 .array/port v0x56153332ddd0, 1177;
v0x56153332ddd0_1178 .array/port v0x56153332ddd0, 1178;
E_0x5615332774a0/294 .event edge, v0x56153332ddd0_1175, v0x56153332ddd0_1176, v0x56153332ddd0_1177, v0x56153332ddd0_1178;
v0x56153332ddd0_1179 .array/port v0x56153332ddd0, 1179;
v0x56153332ddd0_1180 .array/port v0x56153332ddd0, 1180;
v0x56153332ddd0_1181 .array/port v0x56153332ddd0, 1181;
v0x56153332ddd0_1182 .array/port v0x56153332ddd0, 1182;
E_0x5615332774a0/295 .event edge, v0x56153332ddd0_1179, v0x56153332ddd0_1180, v0x56153332ddd0_1181, v0x56153332ddd0_1182;
v0x56153332ddd0_1183 .array/port v0x56153332ddd0, 1183;
v0x56153332ddd0_1184 .array/port v0x56153332ddd0, 1184;
v0x56153332ddd0_1185 .array/port v0x56153332ddd0, 1185;
v0x56153332ddd0_1186 .array/port v0x56153332ddd0, 1186;
E_0x5615332774a0/296 .event edge, v0x56153332ddd0_1183, v0x56153332ddd0_1184, v0x56153332ddd0_1185, v0x56153332ddd0_1186;
v0x56153332ddd0_1187 .array/port v0x56153332ddd0, 1187;
v0x56153332ddd0_1188 .array/port v0x56153332ddd0, 1188;
v0x56153332ddd0_1189 .array/port v0x56153332ddd0, 1189;
v0x56153332ddd0_1190 .array/port v0x56153332ddd0, 1190;
E_0x5615332774a0/297 .event edge, v0x56153332ddd0_1187, v0x56153332ddd0_1188, v0x56153332ddd0_1189, v0x56153332ddd0_1190;
v0x56153332ddd0_1191 .array/port v0x56153332ddd0, 1191;
v0x56153332ddd0_1192 .array/port v0x56153332ddd0, 1192;
v0x56153332ddd0_1193 .array/port v0x56153332ddd0, 1193;
v0x56153332ddd0_1194 .array/port v0x56153332ddd0, 1194;
E_0x5615332774a0/298 .event edge, v0x56153332ddd0_1191, v0x56153332ddd0_1192, v0x56153332ddd0_1193, v0x56153332ddd0_1194;
v0x56153332ddd0_1195 .array/port v0x56153332ddd0, 1195;
v0x56153332ddd0_1196 .array/port v0x56153332ddd0, 1196;
v0x56153332ddd0_1197 .array/port v0x56153332ddd0, 1197;
v0x56153332ddd0_1198 .array/port v0x56153332ddd0, 1198;
E_0x5615332774a0/299 .event edge, v0x56153332ddd0_1195, v0x56153332ddd0_1196, v0x56153332ddd0_1197, v0x56153332ddd0_1198;
v0x56153332ddd0_1199 .array/port v0x56153332ddd0, 1199;
v0x56153332ddd0_1200 .array/port v0x56153332ddd0, 1200;
v0x56153332ddd0_1201 .array/port v0x56153332ddd0, 1201;
v0x56153332ddd0_1202 .array/port v0x56153332ddd0, 1202;
E_0x5615332774a0/300 .event edge, v0x56153332ddd0_1199, v0x56153332ddd0_1200, v0x56153332ddd0_1201, v0x56153332ddd0_1202;
v0x56153332ddd0_1203 .array/port v0x56153332ddd0, 1203;
v0x56153332ddd0_1204 .array/port v0x56153332ddd0, 1204;
v0x56153332ddd0_1205 .array/port v0x56153332ddd0, 1205;
v0x56153332ddd0_1206 .array/port v0x56153332ddd0, 1206;
E_0x5615332774a0/301 .event edge, v0x56153332ddd0_1203, v0x56153332ddd0_1204, v0x56153332ddd0_1205, v0x56153332ddd0_1206;
v0x56153332ddd0_1207 .array/port v0x56153332ddd0, 1207;
v0x56153332ddd0_1208 .array/port v0x56153332ddd0, 1208;
v0x56153332ddd0_1209 .array/port v0x56153332ddd0, 1209;
v0x56153332ddd0_1210 .array/port v0x56153332ddd0, 1210;
E_0x5615332774a0/302 .event edge, v0x56153332ddd0_1207, v0x56153332ddd0_1208, v0x56153332ddd0_1209, v0x56153332ddd0_1210;
v0x56153332ddd0_1211 .array/port v0x56153332ddd0, 1211;
v0x56153332ddd0_1212 .array/port v0x56153332ddd0, 1212;
v0x56153332ddd0_1213 .array/port v0x56153332ddd0, 1213;
v0x56153332ddd0_1214 .array/port v0x56153332ddd0, 1214;
E_0x5615332774a0/303 .event edge, v0x56153332ddd0_1211, v0x56153332ddd0_1212, v0x56153332ddd0_1213, v0x56153332ddd0_1214;
v0x56153332ddd0_1215 .array/port v0x56153332ddd0, 1215;
v0x56153332ddd0_1216 .array/port v0x56153332ddd0, 1216;
v0x56153332ddd0_1217 .array/port v0x56153332ddd0, 1217;
v0x56153332ddd0_1218 .array/port v0x56153332ddd0, 1218;
E_0x5615332774a0/304 .event edge, v0x56153332ddd0_1215, v0x56153332ddd0_1216, v0x56153332ddd0_1217, v0x56153332ddd0_1218;
v0x56153332ddd0_1219 .array/port v0x56153332ddd0, 1219;
v0x56153332ddd0_1220 .array/port v0x56153332ddd0, 1220;
v0x56153332ddd0_1221 .array/port v0x56153332ddd0, 1221;
v0x56153332ddd0_1222 .array/port v0x56153332ddd0, 1222;
E_0x5615332774a0/305 .event edge, v0x56153332ddd0_1219, v0x56153332ddd0_1220, v0x56153332ddd0_1221, v0x56153332ddd0_1222;
v0x56153332ddd0_1223 .array/port v0x56153332ddd0, 1223;
v0x56153332ddd0_1224 .array/port v0x56153332ddd0, 1224;
v0x56153332ddd0_1225 .array/port v0x56153332ddd0, 1225;
v0x56153332ddd0_1226 .array/port v0x56153332ddd0, 1226;
E_0x5615332774a0/306 .event edge, v0x56153332ddd0_1223, v0x56153332ddd0_1224, v0x56153332ddd0_1225, v0x56153332ddd0_1226;
v0x56153332ddd0_1227 .array/port v0x56153332ddd0, 1227;
v0x56153332ddd0_1228 .array/port v0x56153332ddd0, 1228;
v0x56153332ddd0_1229 .array/port v0x56153332ddd0, 1229;
v0x56153332ddd0_1230 .array/port v0x56153332ddd0, 1230;
E_0x5615332774a0/307 .event edge, v0x56153332ddd0_1227, v0x56153332ddd0_1228, v0x56153332ddd0_1229, v0x56153332ddd0_1230;
v0x56153332ddd0_1231 .array/port v0x56153332ddd0, 1231;
v0x56153332ddd0_1232 .array/port v0x56153332ddd0, 1232;
v0x56153332ddd0_1233 .array/port v0x56153332ddd0, 1233;
v0x56153332ddd0_1234 .array/port v0x56153332ddd0, 1234;
E_0x5615332774a0/308 .event edge, v0x56153332ddd0_1231, v0x56153332ddd0_1232, v0x56153332ddd0_1233, v0x56153332ddd0_1234;
v0x56153332ddd0_1235 .array/port v0x56153332ddd0, 1235;
v0x56153332ddd0_1236 .array/port v0x56153332ddd0, 1236;
v0x56153332ddd0_1237 .array/port v0x56153332ddd0, 1237;
v0x56153332ddd0_1238 .array/port v0x56153332ddd0, 1238;
E_0x5615332774a0/309 .event edge, v0x56153332ddd0_1235, v0x56153332ddd0_1236, v0x56153332ddd0_1237, v0x56153332ddd0_1238;
v0x56153332ddd0_1239 .array/port v0x56153332ddd0, 1239;
v0x56153332ddd0_1240 .array/port v0x56153332ddd0, 1240;
v0x56153332ddd0_1241 .array/port v0x56153332ddd0, 1241;
v0x56153332ddd0_1242 .array/port v0x56153332ddd0, 1242;
E_0x5615332774a0/310 .event edge, v0x56153332ddd0_1239, v0x56153332ddd0_1240, v0x56153332ddd0_1241, v0x56153332ddd0_1242;
v0x56153332ddd0_1243 .array/port v0x56153332ddd0, 1243;
v0x56153332ddd0_1244 .array/port v0x56153332ddd0, 1244;
v0x56153332ddd0_1245 .array/port v0x56153332ddd0, 1245;
v0x56153332ddd0_1246 .array/port v0x56153332ddd0, 1246;
E_0x5615332774a0/311 .event edge, v0x56153332ddd0_1243, v0x56153332ddd0_1244, v0x56153332ddd0_1245, v0x56153332ddd0_1246;
v0x56153332ddd0_1247 .array/port v0x56153332ddd0, 1247;
v0x56153332ddd0_1248 .array/port v0x56153332ddd0, 1248;
v0x56153332ddd0_1249 .array/port v0x56153332ddd0, 1249;
v0x56153332ddd0_1250 .array/port v0x56153332ddd0, 1250;
E_0x5615332774a0/312 .event edge, v0x56153332ddd0_1247, v0x56153332ddd0_1248, v0x56153332ddd0_1249, v0x56153332ddd0_1250;
v0x56153332ddd0_1251 .array/port v0x56153332ddd0, 1251;
v0x56153332ddd0_1252 .array/port v0x56153332ddd0, 1252;
v0x56153332ddd0_1253 .array/port v0x56153332ddd0, 1253;
v0x56153332ddd0_1254 .array/port v0x56153332ddd0, 1254;
E_0x5615332774a0/313 .event edge, v0x56153332ddd0_1251, v0x56153332ddd0_1252, v0x56153332ddd0_1253, v0x56153332ddd0_1254;
v0x56153332ddd0_1255 .array/port v0x56153332ddd0, 1255;
v0x56153332ddd0_1256 .array/port v0x56153332ddd0, 1256;
v0x56153332ddd0_1257 .array/port v0x56153332ddd0, 1257;
v0x56153332ddd0_1258 .array/port v0x56153332ddd0, 1258;
E_0x5615332774a0/314 .event edge, v0x56153332ddd0_1255, v0x56153332ddd0_1256, v0x56153332ddd0_1257, v0x56153332ddd0_1258;
v0x56153332ddd0_1259 .array/port v0x56153332ddd0, 1259;
v0x56153332ddd0_1260 .array/port v0x56153332ddd0, 1260;
v0x56153332ddd0_1261 .array/port v0x56153332ddd0, 1261;
v0x56153332ddd0_1262 .array/port v0x56153332ddd0, 1262;
E_0x5615332774a0/315 .event edge, v0x56153332ddd0_1259, v0x56153332ddd0_1260, v0x56153332ddd0_1261, v0x56153332ddd0_1262;
v0x56153332ddd0_1263 .array/port v0x56153332ddd0, 1263;
v0x56153332ddd0_1264 .array/port v0x56153332ddd0, 1264;
v0x56153332ddd0_1265 .array/port v0x56153332ddd0, 1265;
v0x56153332ddd0_1266 .array/port v0x56153332ddd0, 1266;
E_0x5615332774a0/316 .event edge, v0x56153332ddd0_1263, v0x56153332ddd0_1264, v0x56153332ddd0_1265, v0x56153332ddd0_1266;
v0x56153332ddd0_1267 .array/port v0x56153332ddd0, 1267;
v0x56153332ddd0_1268 .array/port v0x56153332ddd0, 1268;
v0x56153332ddd0_1269 .array/port v0x56153332ddd0, 1269;
v0x56153332ddd0_1270 .array/port v0x56153332ddd0, 1270;
E_0x5615332774a0/317 .event edge, v0x56153332ddd0_1267, v0x56153332ddd0_1268, v0x56153332ddd0_1269, v0x56153332ddd0_1270;
v0x56153332ddd0_1271 .array/port v0x56153332ddd0, 1271;
v0x56153332ddd0_1272 .array/port v0x56153332ddd0, 1272;
v0x56153332ddd0_1273 .array/port v0x56153332ddd0, 1273;
v0x56153332ddd0_1274 .array/port v0x56153332ddd0, 1274;
E_0x5615332774a0/318 .event edge, v0x56153332ddd0_1271, v0x56153332ddd0_1272, v0x56153332ddd0_1273, v0x56153332ddd0_1274;
v0x56153332ddd0_1275 .array/port v0x56153332ddd0, 1275;
v0x56153332ddd0_1276 .array/port v0x56153332ddd0, 1276;
v0x56153332ddd0_1277 .array/port v0x56153332ddd0, 1277;
v0x56153332ddd0_1278 .array/port v0x56153332ddd0, 1278;
E_0x5615332774a0/319 .event edge, v0x56153332ddd0_1275, v0x56153332ddd0_1276, v0x56153332ddd0_1277, v0x56153332ddd0_1278;
v0x56153332ddd0_1279 .array/port v0x56153332ddd0, 1279;
v0x56153332ddd0_1280 .array/port v0x56153332ddd0, 1280;
v0x56153332ddd0_1281 .array/port v0x56153332ddd0, 1281;
v0x56153332ddd0_1282 .array/port v0x56153332ddd0, 1282;
E_0x5615332774a0/320 .event edge, v0x56153332ddd0_1279, v0x56153332ddd0_1280, v0x56153332ddd0_1281, v0x56153332ddd0_1282;
v0x56153332ddd0_1283 .array/port v0x56153332ddd0, 1283;
v0x56153332ddd0_1284 .array/port v0x56153332ddd0, 1284;
v0x56153332ddd0_1285 .array/port v0x56153332ddd0, 1285;
v0x56153332ddd0_1286 .array/port v0x56153332ddd0, 1286;
E_0x5615332774a0/321 .event edge, v0x56153332ddd0_1283, v0x56153332ddd0_1284, v0x56153332ddd0_1285, v0x56153332ddd0_1286;
v0x56153332ddd0_1287 .array/port v0x56153332ddd0, 1287;
v0x56153332ddd0_1288 .array/port v0x56153332ddd0, 1288;
v0x56153332ddd0_1289 .array/port v0x56153332ddd0, 1289;
v0x56153332ddd0_1290 .array/port v0x56153332ddd0, 1290;
E_0x5615332774a0/322 .event edge, v0x56153332ddd0_1287, v0x56153332ddd0_1288, v0x56153332ddd0_1289, v0x56153332ddd0_1290;
v0x56153332ddd0_1291 .array/port v0x56153332ddd0, 1291;
v0x56153332ddd0_1292 .array/port v0x56153332ddd0, 1292;
v0x56153332ddd0_1293 .array/port v0x56153332ddd0, 1293;
v0x56153332ddd0_1294 .array/port v0x56153332ddd0, 1294;
E_0x5615332774a0/323 .event edge, v0x56153332ddd0_1291, v0x56153332ddd0_1292, v0x56153332ddd0_1293, v0x56153332ddd0_1294;
v0x56153332ddd0_1295 .array/port v0x56153332ddd0, 1295;
v0x56153332ddd0_1296 .array/port v0x56153332ddd0, 1296;
v0x56153332ddd0_1297 .array/port v0x56153332ddd0, 1297;
v0x56153332ddd0_1298 .array/port v0x56153332ddd0, 1298;
E_0x5615332774a0/324 .event edge, v0x56153332ddd0_1295, v0x56153332ddd0_1296, v0x56153332ddd0_1297, v0x56153332ddd0_1298;
v0x56153332ddd0_1299 .array/port v0x56153332ddd0, 1299;
v0x56153332ddd0_1300 .array/port v0x56153332ddd0, 1300;
v0x56153332ddd0_1301 .array/port v0x56153332ddd0, 1301;
v0x56153332ddd0_1302 .array/port v0x56153332ddd0, 1302;
E_0x5615332774a0/325 .event edge, v0x56153332ddd0_1299, v0x56153332ddd0_1300, v0x56153332ddd0_1301, v0x56153332ddd0_1302;
v0x56153332ddd0_1303 .array/port v0x56153332ddd0, 1303;
v0x56153332ddd0_1304 .array/port v0x56153332ddd0, 1304;
v0x56153332ddd0_1305 .array/port v0x56153332ddd0, 1305;
v0x56153332ddd0_1306 .array/port v0x56153332ddd0, 1306;
E_0x5615332774a0/326 .event edge, v0x56153332ddd0_1303, v0x56153332ddd0_1304, v0x56153332ddd0_1305, v0x56153332ddd0_1306;
v0x56153332ddd0_1307 .array/port v0x56153332ddd0, 1307;
v0x56153332ddd0_1308 .array/port v0x56153332ddd0, 1308;
v0x56153332ddd0_1309 .array/port v0x56153332ddd0, 1309;
v0x56153332ddd0_1310 .array/port v0x56153332ddd0, 1310;
E_0x5615332774a0/327 .event edge, v0x56153332ddd0_1307, v0x56153332ddd0_1308, v0x56153332ddd0_1309, v0x56153332ddd0_1310;
v0x56153332ddd0_1311 .array/port v0x56153332ddd0, 1311;
v0x56153332ddd0_1312 .array/port v0x56153332ddd0, 1312;
v0x56153332ddd0_1313 .array/port v0x56153332ddd0, 1313;
v0x56153332ddd0_1314 .array/port v0x56153332ddd0, 1314;
E_0x5615332774a0/328 .event edge, v0x56153332ddd0_1311, v0x56153332ddd0_1312, v0x56153332ddd0_1313, v0x56153332ddd0_1314;
v0x56153332ddd0_1315 .array/port v0x56153332ddd0, 1315;
v0x56153332ddd0_1316 .array/port v0x56153332ddd0, 1316;
v0x56153332ddd0_1317 .array/port v0x56153332ddd0, 1317;
v0x56153332ddd0_1318 .array/port v0x56153332ddd0, 1318;
E_0x5615332774a0/329 .event edge, v0x56153332ddd0_1315, v0x56153332ddd0_1316, v0x56153332ddd0_1317, v0x56153332ddd0_1318;
v0x56153332ddd0_1319 .array/port v0x56153332ddd0, 1319;
v0x56153332ddd0_1320 .array/port v0x56153332ddd0, 1320;
v0x56153332ddd0_1321 .array/port v0x56153332ddd0, 1321;
v0x56153332ddd0_1322 .array/port v0x56153332ddd0, 1322;
E_0x5615332774a0/330 .event edge, v0x56153332ddd0_1319, v0x56153332ddd0_1320, v0x56153332ddd0_1321, v0x56153332ddd0_1322;
v0x56153332ddd0_1323 .array/port v0x56153332ddd0, 1323;
v0x56153332ddd0_1324 .array/port v0x56153332ddd0, 1324;
v0x56153332ddd0_1325 .array/port v0x56153332ddd0, 1325;
v0x56153332ddd0_1326 .array/port v0x56153332ddd0, 1326;
E_0x5615332774a0/331 .event edge, v0x56153332ddd0_1323, v0x56153332ddd0_1324, v0x56153332ddd0_1325, v0x56153332ddd0_1326;
v0x56153332ddd0_1327 .array/port v0x56153332ddd0, 1327;
v0x56153332ddd0_1328 .array/port v0x56153332ddd0, 1328;
v0x56153332ddd0_1329 .array/port v0x56153332ddd0, 1329;
v0x56153332ddd0_1330 .array/port v0x56153332ddd0, 1330;
E_0x5615332774a0/332 .event edge, v0x56153332ddd0_1327, v0x56153332ddd0_1328, v0x56153332ddd0_1329, v0x56153332ddd0_1330;
v0x56153332ddd0_1331 .array/port v0x56153332ddd0, 1331;
v0x56153332ddd0_1332 .array/port v0x56153332ddd0, 1332;
v0x56153332ddd0_1333 .array/port v0x56153332ddd0, 1333;
v0x56153332ddd0_1334 .array/port v0x56153332ddd0, 1334;
E_0x5615332774a0/333 .event edge, v0x56153332ddd0_1331, v0x56153332ddd0_1332, v0x56153332ddd0_1333, v0x56153332ddd0_1334;
v0x56153332ddd0_1335 .array/port v0x56153332ddd0, 1335;
v0x56153332ddd0_1336 .array/port v0x56153332ddd0, 1336;
v0x56153332ddd0_1337 .array/port v0x56153332ddd0, 1337;
v0x56153332ddd0_1338 .array/port v0x56153332ddd0, 1338;
E_0x5615332774a0/334 .event edge, v0x56153332ddd0_1335, v0x56153332ddd0_1336, v0x56153332ddd0_1337, v0x56153332ddd0_1338;
v0x56153332ddd0_1339 .array/port v0x56153332ddd0, 1339;
v0x56153332ddd0_1340 .array/port v0x56153332ddd0, 1340;
v0x56153332ddd0_1341 .array/port v0x56153332ddd0, 1341;
v0x56153332ddd0_1342 .array/port v0x56153332ddd0, 1342;
E_0x5615332774a0/335 .event edge, v0x56153332ddd0_1339, v0x56153332ddd0_1340, v0x56153332ddd0_1341, v0x56153332ddd0_1342;
v0x56153332ddd0_1343 .array/port v0x56153332ddd0, 1343;
v0x56153332ddd0_1344 .array/port v0x56153332ddd0, 1344;
v0x56153332ddd0_1345 .array/port v0x56153332ddd0, 1345;
v0x56153332ddd0_1346 .array/port v0x56153332ddd0, 1346;
E_0x5615332774a0/336 .event edge, v0x56153332ddd0_1343, v0x56153332ddd0_1344, v0x56153332ddd0_1345, v0x56153332ddd0_1346;
v0x56153332ddd0_1347 .array/port v0x56153332ddd0, 1347;
v0x56153332ddd0_1348 .array/port v0x56153332ddd0, 1348;
v0x56153332ddd0_1349 .array/port v0x56153332ddd0, 1349;
v0x56153332ddd0_1350 .array/port v0x56153332ddd0, 1350;
E_0x5615332774a0/337 .event edge, v0x56153332ddd0_1347, v0x56153332ddd0_1348, v0x56153332ddd0_1349, v0x56153332ddd0_1350;
v0x56153332ddd0_1351 .array/port v0x56153332ddd0, 1351;
v0x56153332ddd0_1352 .array/port v0x56153332ddd0, 1352;
v0x56153332ddd0_1353 .array/port v0x56153332ddd0, 1353;
v0x56153332ddd0_1354 .array/port v0x56153332ddd0, 1354;
E_0x5615332774a0/338 .event edge, v0x56153332ddd0_1351, v0x56153332ddd0_1352, v0x56153332ddd0_1353, v0x56153332ddd0_1354;
v0x56153332ddd0_1355 .array/port v0x56153332ddd0, 1355;
v0x56153332ddd0_1356 .array/port v0x56153332ddd0, 1356;
v0x56153332ddd0_1357 .array/port v0x56153332ddd0, 1357;
v0x56153332ddd0_1358 .array/port v0x56153332ddd0, 1358;
E_0x5615332774a0/339 .event edge, v0x56153332ddd0_1355, v0x56153332ddd0_1356, v0x56153332ddd0_1357, v0x56153332ddd0_1358;
v0x56153332ddd0_1359 .array/port v0x56153332ddd0, 1359;
v0x56153332ddd0_1360 .array/port v0x56153332ddd0, 1360;
v0x56153332ddd0_1361 .array/port v0x56153332ddd0, 1361;
v0x56153332ddd0_1362 .array/port v0x56153332ddd0, 1362;
E_0x5615332774a0/340 .event edge, v0x56153332ddd0_1359, v0x56153332ddd0_1360, v0x56153332ddd0_1361, v0x56153332ddd0_1362;
v0x56153332ddd0_1363 .array/port v0x56153332ddd0, 1363;
v0x56153332ddd0_1364 .array/port v0x56153332ddd0, 1364;
v0x56153332ddd0_1365 .array/port v0x56153332ddd0, 1365;
v0x56153332ddd0_1366 .array/port v0x56153332ddd0, 1366;
E_0x5615332774a0/341 .event edge, v0x56153332ddd0_1363, v0x56153332ddd0_1364, v0x56153332ddd0_1365, v0x56153332ddd0_1366;
v0x56153332ddd0_1367 .array/port v0x56153332ddd0, 1367;
v0x56153332ddd0_1368 .array/port v0x56153332ddd0, 1368;
v0x56153332ddd0_1369 .array/port v0x56153332ddd0, 1369;
v0x56153332ddd0_1370 .array/port v0x56153332ddd0, 1370;
E_0x5615332774a0/342 .event edge, v0x56153332ddd0_1367, v0x56153332ddd0_1368, v0x56153332ddd0_1369, v0x56153332ddd0_1370;
v0x56153332ddd0_1371 .array/port v0x56153332ddd0, 1371;
v0x56153332ddd0_1372 .array/port v0x56153332ddd0, 1372;
v0x56153332ddd0_1373 .array/port v0x56153332ddd0, 1373;
v0x56153332ddd0_1374 .array/port v0x56153332ddd0, 1374;
E_0x5615332774a0/343 .event edge, v0x56153332ddd0_1371, v0x56153332ddd0_1372, v0x56153332ddd0_1373, v0x56153332ddd0_1374;
v0x56153332ddd0_1375 .array/port v0x56153332ddd0, 1375;
v0x56153332ddd0_1376 .array/port v0x56153332ddd0, 1376;
v0x56153332ddd0_1377 .array/port v0x56153332ddd0, 1377;
v0x56153332ddd0_1378 .array/port v0x56153332ddd0, 1378;
E_0x5615332774a0/344 .event edge, v0x56153332ddd0_1375, v0x56153332ddd0_1376, v0x56153332ddd0_1377, v0x56153332ddd0_1378;
v0x56153332ddd0_1379 .array/port v0x56153332ddd0, 1379;
v0x56153332ddd0_1380 .array/port v0x56153332ddd0, 1380;
v0x56153332ddd0_1381 .array/port v0x56153332ddd0, 1381;
v0x56153332ddd0_1382 .array/port v0x56153332ddd0, 1382;
E_0x5615332774a0/345 .event edge, v0x56153332ddd0_1379, v0x56153332ddd0_1380, v0x56153332ddd0_1381, v0x56153332ddd0_1382;
v0x56153332ddd0_1383 .array/port v0x56153332ddd0, 1383;
v0x56153332ddd0_1384 .array/port v0x56153332ddd0, 1384;
v0x56153332ddd0_1385 .array/port v0x56153332ddd0, 1385;
v0x56153332ddd0_1386 .array/port v0x56153332ddd0, 1386;
E_0x5615332774a0/346 .event edge, v0x56153332ddd0_1383, v0x56153332ddd0_1384, v0x56153332ddd0_1385, v0x56153332ddd0_1386;
v0x56153332ddd0_1387 .array/port v0x56153332ddd0, 1387;
v0x56153332ddd0_1388 .array/port v0x56153332ddd0, 1388;
v0x56153332ddd0_1389 .array/port v0x56153332ddd0, 1389;
v0x56153332ddd0_1390 .array/port v0x56153332ddd0, 1390;
E_0x5615332774a0/347 .event edge, v0x56153332ddd0_1387, v0x56153332ddd0_1388, v0x56153332ddd0_1389, v0x56153332ddd0_1390;
v0x56153332ddd0_1391 .array/port v0x56153332ddd0, 1391;
v0x56153332ddd0_1392 .array/port v0x56153332ddd0, 1392;
v0x56153332ddd0_1393 .array/port v0x56153332ddd0, 1393;
v0x56153332ddd0_1394 .array/port v0x56153332ddd0, 1394;
E_0x5615332774a0/348 .event edge, v0x56153332ddd0_1391, v0x56153332ddd0_1392, v0x56153332ddd0_1393, v0x56153332ddd0_1394;
v0x56153332ddd0_1395 .array/port v0x56153332ddd0, 1395;
v0x56153332ddd0_1396 .array/port v0x56153332ddd0, 1396;
v0x56153332ddd0_1397 .array/port v0x56153332ddd0, 1397;
v0x56153332ddd0_1398 .array/port v0x56153332ddd0, 1398;
E_0x5615332774a0/349 .event edge, v0x56153332ddd0_1395, v0x56153332ddd0_1396, v0x56153332ddd0_1397, v0x56153332ddd0_1398;
v0x56153332ddd0_1399 .array/port v0x56153332ddd0, 1399;
v0x56153332ddd0_1400 .array/port v0x56153332ddd0, 1400;
v0x56153332ddd0_1401 .array/port v0x56153332ddd0, 1401;
v0x56153332ddd0_1402 .array/port v0x56153332ddd0, 1402;
E_0x5615332774a0/350 .event edge, v0x56153332ddd0_1399, v0x56153332ddd0_1400, v0x56153332ddd0_1401, v0x56153332ddd0_1402;
v0x56153332ddd0_1403 .array/port v0x56153332ddd0, 1403;
v0x56153332ddd0_1404 .array/port v0x56153332ddd0, 1404;
v0x56153332ddd0_1405 .array/port v0x56153332ddd0, 1405;
v0x56153332ddd0_1406 .array/port v0x56153332ddd0, 1406;
E_0x5615332774a0/351 .event edge, v0x56153332ddd0_1403, v0x56153332ddd0_1404, v0x56153332ddd0_1405, v0x56153332ddd0_1406;
v0x56153332ddd0_1407 .array/port v0x56153332ddd0, 1407;
v0x56153332ddd0_1408 .array/port v0x56153332ddd0, 1408;
v0x56153332ddd0_1409 .array/port v0x56153332ddd0, 1409;
v0x56153332ddd0_1410 .array/port v0x56153332ddd0, 1410;
E_0x5615332774a0/352 .event edge, v0x56153332ddd0_1407, v0x56153332ddd0_1408, v0x56153332ddd0_1409, v0x56153332ddd0_1410;
v0x56153332ddd0_1411 .array/port v0x56153332ddd0, 1411;
v0x56153332ddd0_1412 .array/port v0x56153332ddd0, 1412;
v0x56153332ddd0_1413 .array/port v0x56153332ddd0, 1413;
v0x56153332ddd0_1414 .array/port v0x56153332ddd0, 1414;
E_0x5615332774a0/353 .event edge, v0x56153332ddd0_1411, v0x56153332ddd0_1412, v0x56153332ddd0_1413, v0x56153332ddd0_1414;
v0x56153332ddd0_1415 .array/port v0x56153332ddd0, 1415;
v0x56153332ddd0_1416 .array/port v0x56153332ddd0, 1416;
v0x56153332ddd0_1417 .array/port v0x56153332ddd0, 1417;
v0x56153332ddd0_1418 .array/port v0x56153332ddd0, 1418;
E_0x5615332774a0/354 .event edge, v0x56153332ddd0_1415, v0x56153332ddd0_1416, v0x56153332ddd0_1417, v0x56153332ddd0_1418;
v0x56153332ddd0_1419 .array/port v0x56153332ddd0, 1419;
v0x56153332ddd0_1420 .array/port v0x56153332ddd0, 1420;
v0x56153332ddd0_1421 .array/port v0x56153332ddd0, 1421;
v0x56153332ddd0_1422 .array/port v0x56153332ddd0, 1422;
E_0x5615332774a0/355 .event edge, v0x56153332ddd0_1419, v0x56153332ddd0_1420, v0x56153332ddd0_1421, v0x56153332ddd0_1422;
v0x56153332ddd0_1423 .array/port v0x56153332ddd0, 1423;
v0x56153332ddd0_1424 .array/port v0x56153332ddd0, 1424;
v0x56153332ddd0_1425 .array/port v0x56153332ddd0, 1425;
v0x56153332ddd0_1426 .array/port v0x56153332ddd0, 1426;
E_0x5615332774a0/356 .event edge, v0x56153332ddd0_1423, v0x56153332ddd0_1424, v0x56153332ddd0_1425, v0x56153332ddd0_1426;
v0x56153332ddd0_1427 .array/port v0x56153332ddd0, 1427;
v0x56153332ddd0_1428 .array/port v0x56153332ddd0, 1428;
v0x56153332ddd0_1429 .array/port v0x56153332ddd0, 1429;
v0x56153332ddd0_1430 .array/port v0x56153332ddd0, 1430;
E_0x5615332774a0/357 .event edge, v0x56153332ddd0_1427, v0x56153332ddd0_1428, v0x56153332ddd0_1429, v0x56153332ddd0_1430;
v0x56153332ddd0_1431 .array/port v0x56153332ddd0, 1431;
v0x56153332ddd0_1432 .array/port v0x56153332ddd0, 1432;
v0x56153332ddd0_1433 .array/port v0x56153332ddd0, 1433;
v0x56153332ddd0_1434 .array/port v0x56153332ddd0, 1434;
E_0x5615332774a0/358 .event edge, v0x56153332ddd0_1431, v0x56153332ddd0_1432, v0x56153332ddd0_1433, v0x56153332ddd0_1434;
v0x56153332ddd0_1435 .array/port v0x56153332ddd0, 1435;
v0x56153332ddd0_1436 .array/port v0x56153332ddd0, 1436;
v0x56153332ddd0_1437 .array/port v0x56153332ddd0, 1437;
v0x56153332ddd0_1438 .array/port v0x56153332ddd0, 1438;
E_0x5615332774a0/359 .event edge, v0x56153332ddd0_1435, v0x56153332ddd0_1436, v0x56153332ddd0_1437, v0x56153332ddd0_1438;
v0x56153332ddd0_1439 .array/port v0x56153332ddd0, 1439;
v0x56153332ddd0_1440 .array/port v0x56153332ddd0, 1440;
v0x56153332ddd0_1441 .array/port v0x56153332ddd0, 1441;
v0x56153332ddd0_1442 .array/port v0x56153332ddd0, 1442;
E_0x5615332774a0/360 .event edge, v0x56153332ddd0_1439, v0x56153332ddd0_1440, v0x56153332ddd0_1441, v0x56153332ddd0_1442;
v0x56153332ddd0_1443 .array/port v0x56153332ddd0, 1443;
v0x56153332ddd0_1444 .array/port v0x56153332ddd0, 1444;
v0x56153332ddd0_1445 .array/port v0x56153332ddd0, 1445;
v0x56153332ddd0_1446 .array/port v0x56153332ddd0, 1446;
E_0x5615332774a0/361 .event edge, v0x56153332ddd0_1443, v0x56153332ddd0_1444, v0x56153332ddd0_1445, v0x56153332ddd0_1446;
v0x56153332ddd0_1447 .array/port v0x56153332ddd0, 1447;
v0x56153332ddd0_1448 .array/port v0x56153332ddd0, 1448;
v0x56153332ddd0_1449 .array/port v0x56153332ddd0, 1449;
v0x56153332ddd0_1450 .array/port v0x56153332ddd0, 1450;
E_0x5615332774a0/362 .event edge, v0x56153332ddd0_1447, v0x56153332ddd0_1448, v0x56153332ddd0_1449, v0x56153332ddd0_1450;
v0x56153332ddd0_1451 .array/port v0x56153332ddd0, 1451;
v0x56153332ddd0_1452 .array/port v0x56153332ddd0, 1452;
v0x56153332ddd0_1453 .array/port v0x56153332ddd0, 1453;
v0x56153332ddd0_1454 .array/port v0x56153332ddd0, 1454;
E_0x5615332774a0/363 .event edge, v0x56153332ddd0_1451, v0x56153332ddd0_1452, v0x56153332ddd0_1453, v0x56153332ddd0_1454;
v0x56153332ddd0_1455 .array/port v0x56153332ddd0, 1455;
v0x56153332ddd0_1456 .array/port v0x56153332ddd0, 1456;
v0x56153332ddd0_1457 .array/port v0x56153332ddd0, 1457;
v0x56153332ddd0_1458 .array/port v0x56153332ddd0, 1458;
E_0x5615332774a0/364 .event edge, v0x56153332ddd0_1455, v0x56153332ddd0_1456, v0x56153332ddd0_1457, v0x56153332ddd0_1458;
v0x56153332ddd0_1459 .array/port v0x56153332ddd0, 1459;
v0x56153332ddd0_1460 .array/port v0x56153332ddd0, 1460;
v0x56153332ddd0_1461 .array/port v0x56153332ddd0, 1461;
v0x56153332ddd0_1462 .array/port v0x56153332ddd0, 1462;
E_0x5615332774a0/365 .event edge, v0x56153332ddd0_1459, v0x56153332ddd0_1460, v0x56153332ddd0_1461, v0x56153332ddd0_1462;
v0x56153332ddd0_1463 .array/port v0x56153332ddd0, 1463;
v0x56153332ddd0_1464 .array/port v0x56153332ddd0, 1464;
v0x56153332ddd0_1465 .array/port v0x56153332ddd0, 1465;
v0x56153332ddd0_1466 .array/port v0x56153332ddd0, 1466;
E_0x5615332774a0/366 .event edge, v0x56153332ddd0_1463, v0x56153332ddd0_1464, v0x56153332ddd0_1465, v0x56153332ddd0_1466;
v0x56153332ddd0_1467 .array/port v0x56153332ddd0, 1467;
v0x56153332ddd0_1468 .array/port v0x56153332ddd0, 1468;
v0x56153332ddd0_1469 .array/port v0x56153332ddd0, 1469;
v0x56153332ddd0_1470 .array/port v0x56153332ddd0, 1470;
E_0x5615332774a0/367 .event edge, v0x56153332ddd0_1467, v0x56153332ddd0_1468, v0x56153332ddd0_1469, v0x56153332ddd0_1470;
v0x56153332ddd0_1471 .array/port v0x56153332ddd0, 1471;
v0x56153332ddd0_1472 .array/port v0x56153332ddd0, 1472;
v0x56153332ddd0_1473 .array/port v0x56153332ddd0, 1473;
v0x56153332ddd0_1474 .array/port v0x56153332ddd0, 1474;
E_0x5615332774a0/368 .event edge, v0x56153332ddd0_1471, v0x56153332ddd0_1472, v0x56153332ddd0_1473, v0x56153332ddd0_1474;
v0x56153332ddd0_1475 .array/port v0x56153332ddd0, 1475;
v0x56153332ddd0_1476 .array/port v0x56153332ddd0, 1476;
v0x56153332ddd0_1477 .array/port v0x56153332ddd0, 1477;
v0x56153332ddd0_1478 .array/port v0x56153332ddd0, 1478;
E_0x5615332774a0/369 .event edge, v0x56153332ddd0_1475, v0x56153332ddd0_1476, v0x56153332ddd0_1477, v0x56153332ddd0_1478;
v0x56153332ddd0_1479 .array/port v0x56153332ddd0, 1479;
v0x56153332ddd0_1480 .array/port v0x56153332ddd0, 1480;
v0x56153332ddd0_1481 .array/port v0x56153332ddd0, 1481;
v0x56153332ddd0_1482 .array/port v0x56153332ddd0, 1482;
E_0x5615332774a0/370 .event edge, v0x56153332ddd0_1479, v0x56153332ddd0_1480, v0x56153332ddd0_1481, v0x56153332ddd0_1482;
v0x56153332ddd0_1483 .array/port v0x56153332ddd0, 1483;
v0x56153332ddd0_1484 .array/port v0x56153332ddd0, 1484;
v0x56153332ddd0_1485 .array/port v0x56153332ddd0, 1485;
v0x56153332ddd0_1486 .array/port v0x56153332ddd0, 1486;
E_0x5615332774a0/371 .event edge, v0x56153332ddd0_1483, v0x56153332ddd0_1484, v0x56153332ddd0_1485, v0x56153332ddd0_1486;
v0x56153332ddd0_1487 .array/port v0x56153332ddd0, 1487;
v0x56153332ddd0_1488 .array/port v0x56153332ddd0, 1488;
v0x56153332ddd0_1489 .array/port v0x56153332ddd0, 1489;
v0x56153332ddd0_1490 .array/port v0x56153332ddd0, 1490;
E_0x5615332774a0/372 .event edge, v0x56153332ddd0_1487, v0x56153332ddd0_1488, v0x56153332ddd0_1489, v0x56153332ddd0_1490;
v0x56153332ddd0_1491 .array/port v0x56153332ddd0, 1491;
v0x56153332ddd0_1492 .array/port v0x56153332ddd0, 1492;
v0x56153332ddd0_1493 .array/port v0x56153332ddd0, 1493;
v0x56153332ddd0_1494 .array/port v0x56153332ddd0, 1494;
E_0x5615332774a0/373 .event edge, v0x56153332ddd0_1491, v0x56153332ddd0_1492, v0x56153332ddd0_1493, v0x56153332ddd0_1494;
v0x56153332ddd0_1495 .array/port v0x56153332ddd0, 1495;
v0x56153332ddd0_1496 .array/port v0x56153332ddd0, 1496;
v0x56153332ddd0_1497 .array/port v0x56153332ddd0, 1497;
v0x56153332ddd0_1498 .array/port v0x56153332ddd0, 1498;
E_0x5615332774a0/374 .event edge, v0x56153332ddd0_1495, v0x56153332ddd0_1496, v0x56153332ddd0_1497, v0x56153332ddd0_1498;
v0x56153332ddd0_1499 .array/port v0x56153332ddd0, 1499;
v0x56153332ddd0_1500 .array/port v0x56153332ddd0, 1500;
v0x56153332ddd0_1501 .array/port v0x56153332ddd0, 1501;
v0x56153332ddd0_1502 .array/port v0x56153332ddd0, 1502;
E_0x5615332774a0/375 .event edge, v0x56153332ddd0_1499, v0x56153332ddd0_1500, v0x56153332ddd0_1501, v0x56153332ddd0_1502;
v0x56153332ddd0_1503 .array/port v0x56153332ddd0, 1503;
v0x56153332ddd0_1504 .array/port v0x56153332ddd0, 1504;
v0x56153332ddd0_1505 .array/port v0x56153332ddd0, 1505;
v0x56153332ddd0_1506 .array/port v0x56153332ddd0, 1506;
E_0x5615332774a0/376 .event edge, v0x56153332ddd0_1503, v0x56153332ddd0_1504, v0x56153332ddd0_1505, v0x56153332ddd0_1506;
v0x56153332ddd0_1507 .array/port v0x56153332ddd0, 1507;
v0x56153332ddd0_1508 .array/port v0x56153332ddd0, 1508;
v0x56153332ddd0_1509 .array/port v0x56153332ddd0, 1509;
v0x56153332ddd0_1510 .array/port v0x56153332ddd0, 1510;
E_0x5615332774a0/377 .event edge, v0x56153332ddd0_1507, v0x56153332ddd0_1508, v0x56153332ddd0_1509, v0x56153332ddd0_1510;
v0x56153332ddd0_1511 .array/port v0x56153332ddd0, 1511;
v0x56153332ddd0_1512 .array/port v0x56153332ddd0, 1512;
v0x56153332ddd0_1513 .array/port v0x56153332ddd0, 1513;
v0x56153332ddd0_1514 .array/port v0x56153332ddd0, 1514;
E_0x5615332774a0/378 .event edge, v0x56153332ddd0_1511, v0x56153332ddd0_1512, v0x56153332ddd0_1513, v0x56153332ddd0_1514;
v0x56153332ddd0_1515 .array/port v0x56153332ddd0, 1515;
v0x56153332ddd0_1516 .array/port v0x56153332ddd0, 1516;
v0x56153332ddd0_1517 .array/port v0x56153332ddd0, 1517;
v0x56153332ddd0_1518 .array/port v0x56153332ddd0, 1518;
E_0x5615332774a0/379 .event edge, v0x56153332ddd0_1515, v0x56153332ddd0_1516, v0x56153332ddd0_1517, v0x56153332ddd0_1518;
v0x56153332ddd0_1519 .array/port v0x56153332ddd0, 1519;
v0x56153332ddd0_1520 .array/port v0x56153332ddd0, 1520;
v0x56153332ddd0_1521 .array/port v0x56153332ddd0, 1521;
v0x56153332ddd0_1522 .array/port v0x56153332ddd0, 1522;
E_0x5615332774a0/380 .event edge, v0x56153332ddd0_1519, v0x56153332ddd0_1520, v0x56153332ddd0_1521, v0x56153332ddd0_1522;
v0x56153332ddd0_1523 .array/port v0x56153332ddd0, 1523;
v0x56153332ddd0_1524 .array/port v0x56153332ddd0, 1524;
v0x56153332ddd0_1525 .array/port v0x56153332ddd0, 1525;
v0x56153332ddd0_1526 .array/port v0x56153332ddd0, 1526;
E_0x5615332774a0/381 .event edge, v0x56153332ddd0_1523, v0x56153332ddd0_1524, v0x56153332ddd0_1525, v0x56153332ddd0_1526;
v0x56153332ddd0_1527 .array/port v0x56153332ddd0, 1527;
v0x56153332ddd0_1528 .array/port v0x56153332ddd0, 1528;
v0x56153332ddd0_1529 .array/port v0x56153332ddd0, 1529;
v0x56153332ddd0_1530 .array/port v0x56153332ddd0, 1530;
E_0x5615332774a0/382 .event edge, v0x56153332ddd0_1527, v0x56153332ddd0_1528, v0x56153332ddd0_1529, v0x56153332ddd0_1530;
v0x56153332ddd0_1531 .array/port v0x56153332ddd0, 1531;
v0x56153332ddd0_1532 .array/port v0x56153332ddd0, 1532;
v0x56153332ddd0_1533 .array/port v0x56153332ddd0, 1533;
v0x56153332ddd0_1534 .array/port v0x56153332ddd0, 1534;
E_0x5615332774a0/383 .event edge, v0x56153332ddd0_1531, v0x56153332ddd0_1532, v0x56153332ddd0_1533, v0x56153332ddd0_1534;
v0x56153332ddd0_1535 .array/port v0x56153332ddd0, 1535;
v0x56153332ddd0_1536 .array/port v0x56153332ddd0, 1536;
v0x56153332ddd0_1537 .array/port v0x56153332ddd0, 1537;
v0x56153332ddd0_1538 .array/port v0x56153332ddd0, 1538;
E_0x5615332774a0/384 .event edge, v0x56153332ddd0_1535, v0x56153332ddd0_1536, v0x56153332ddd0_1537, v0x56153332ddd0_1538;
v0x56153332ddd0_1539 .array/port v0x56153332ddd0, 1539;
v0x56153332ddd0_1540 .array/port v0x56153332ddd0, 1540;
v0x56153332ddd0_1541 .array/port v0x56153332ddd0, 1541;
v0x56153332ddd0_1542 .array/port v0x56153332ddd0, 1542;
E_0x5615332774a0/385 .event edge, v0x56153332ddd0_1539, v0x56153332ddd0_1540, v0x56153332ddd0_1541, v0x56153332ddd0_1542;
v0x56153332ddd0_1543 .array/port v0x56153332ddd0, 1543;
v0x56153332ddd0_1544 .array/port v0x56153332ddd0, 1544;
v0x56153332ddd0_1545 .array/port v0x56153332ddd0, 1545;
v0x56153332ddd0_1546 .array/port v0x56153332ddd0, 1546;
E_0x5615332774a0/386 .event edge, v0x56153332ddd0_1543, v0x56153332ddd0_1544, v0x56153332ddd0_1545, v0x56153332ddd0_1546;
v0x56153332ddd0_1547 .array/port v0x56153332ddd0, 1547;
v0x56153332ddd0_1548 .array/port v0x56153332ddd0, 1548;
v0x56153332ddd0_1549 .array/port v0x56153332ddd0, 1549;
v0x56153332ddd0_1550 .array/port v0x56153332ddd0, 1550;
E_0x5615332774a0/387 .event edge, v0x56153332ddd0_1547, v0x56153332ddd0_1548, v0x56153332ddd0_1549, v0x56153332ddd0_1550;
v0x56153332ddd0_1551 .array/port v0x56153332ddd0, 1551;
v0x56153332ddd0_1552 .array/port v0x56153332ddd0, 1552;
v0x56153332ddd0_1553 .array/port v0x56153332ddd0, 1553;
v0x56153332ddd0_1554 .array/port v0x56153332ddd0, 1554;
E_0x5615332774a0/388 .event edge, v0x56153332ddd0_1551, v0x56153332ddd0_1552, v0x56153332ddd0_1553, v0x56153332ddd0_1554;
v0x56153332ddd0_1555 .array/port v0x56153332ddd0, 1555;
v0x56153332ddd0_1556 .array/port v0x56153332ddd0, 1556;
v0x56153332ddd0_1557 .array/port v0x56153332ddd0, 1557;
v0x56153332ddd0_1558 .array/port v0x56153332ddd0, 1558;
E_0x5615332774a0/389 .event edge, v0x56153332ddd0_1555, v0x56153332ddd0_1556, v0x56153332ddd0_1557, v0x56153332ddd0_1558;
v0x56153332ddd0_1559 .array/port v0x56153332ddd0, 1559;
v0x56153332ddd0_1560 .array/port v0x56153332ddd0, 1560;
v0x56153332ddd0_1561 .array/port v0x56153332ddd0, 1561;
v0x56153332ddd0_1562 .array/port v0x56153332ddd0, 1562;
E_0x5615332774a0/390 .event edge, v0x56153332ddd0_1559, v0x56153332ddd0_1560, v0x56153332ddd0_1561, v0x56153332ddd0_1562;
v0x56153332ddd0_1563 .array/port v0x56153332ddd0, 1563;
v0x56153332ddd0_1564 .array/port v0x56153332ddd0, 1564;
v0x56153332ddd0_1565 .array/port v0x56153332ddd0, 1565;
v0x56153332ddd0_1566 .array/port v0x56153332ddd0, 1566;
E_0x5615332774a0/391 .event edge, v0x56153332ddd0_1563, v0x56153332ddd0_1564, v0x56153332ddd0_1565, v0x56153332ddd0_1566;
v0x56153332ddd0_1567 .array/port v0x56153332ddd0, 1567;
v0x56153332ddd0_1568 .array/port v0x56153332ddd0, 1568;
v0x56153332ddd0_1569 .array/port v0x56153332ddd0, 1569;
v0x56153332ddd0_1570 .array/port v0x56153332ddd0, 1570;
E_0x5615332774a0/392 .event edge, v0x56153332ddd0_1567, v0x56153332ddd0_1568, v0x56153332ddd0_1569, v0x56153332ddd0_1570;
v0x56153332ddd0_1571 .array/port v0x56153332ddd0, 1571;
v0x56153332ddd0_1572 .array/port v0x56153332ddd0, 1572;
v0x56153332ddd0_1573 .array/port v0x56153332ddd0, 1573;
v0x56153332ddd0_1574 .array/port v0x56153332ddd0, 1574;
E_0x5615332774a0/393 .event edge, v0x56153332ddd0_1571, v0x56153332ddd0_1572, v0x56153332ddd0_1573, v0x56153332ddd0_1574;
v0x56153332ddd0_1575 .array/port v0x56153332ddd0, 1575;
v0x56153332ddd0_1576 .array/port v0x56153332ddd0, 1576;
v0x56153332ddd0_1577 .array/port v0x56153332ddd0, 1577;
v0x56153332ddd0_1578 .array/port v0x56153332ddd0, 1578;
E_0x5615332774a0/394 .event edge, v0x56153332ddd0_1575, v0x56153332ddd0_1576, v0x56153332ddd0_1577, v0x56153332ddd0_1578;
v0x56153332ddd0_1579 .array/port v0x56153332ddd0, 1579;
v0x56153332ddd0_1580 .array/port v0x56153332ddd0, 1580;
v0x56153332ddd0_1581 .array/port v0x56153332ddd0, 1581;
v0x56153332ddd0_1582 .array/port v0x56153332ddd0, 1582;
E_0x5615332774a0/395 .event edge, v0x56153332ddd0_1579, v0x56153332ddd0_1580, v0x56153332ddd0_1581, v0x56153332ddd0_1582;
v0x56153332ddd0_1583 .array/port v0x56153332ddd0, 1583;
v0x56153332ddd0_1584 .array/port v0x56153332ddd0, 1584;
v0x56153332ddd0_1585 .array/port v0x56153332ddd0, 1585;
v0x56153332ddd0_1586 .array/port v0x56153332ddd0, 1586;
E_0x5615332774a0/396 .event edge, v0x56153332ddd0_1583, v0x56153332ddd0_1584, v0x56153332ddd0_1585, v0x56153332ddd0_1586;
v0x56153332ddd0_1587 .array/port v0x56153332ddd0, 1587;
v0x56153332ddd0_1588 .array/port v0x56153332ddd0, 1588;
v0x56153332ddd0_1589 .array/port v0x56153332ddd0, 1589;
v0x56153332ddd0_1590 .array/port v0x56153332ddd0, 1590;
E_0x5615332774a0/397 .event edge, v0x56153332ddd0_1587, v0x56153332ddd0_1588, v0x56153332ddd0_1589, v0x56153332ddd0_1590;
v0x56153332ddd0_1591 .array/port v0x56153332ddd0, 1591;
v0x56153332ddd0_1592 .array/port v0x56153332ddd0, 1592;
v0x56153332ddd0_1593 .array/port v0x56153332ddd0, 1593;
v0x56153332ddd0_1594 .array/port v0x56153332ddd0, 1594;
E_0x5615332774a0/398 .event edge, v0x56153332ddd0_1591, v0x56153332ddd0_1592, v0x56153332ddd0_1593, v0x56153332ddd0_1594;
v0x56153332ddd0_1595 .array/port v0x56153332ddd0, 1595;
v0x56153332ddd0_1596 .array/port v0x56153332ddd0, 1596;
v0x56153332ddd0_1597 .array/port v0x56153332ddd0, 1597;
v0x56153332ddd0_1598 .array/port v0x56153332ddd0, 1598;
E_0x5615332774a0/399 .event edge, v0x56153332ddd0_1595, v0x56153332ddd0_1596, v0x56153332ddd0_1597, v0x56153332ddd0_1598;
v0x56153332ddd0_1599 .array/port v0x56153332ddd0, 1599;
v0x56153332ddd0_1600 .array/port v0x56153332ddd0, 1600;
v0x56153332ddd0_1601 .array/port v0x56153332ddd0, 1601;
v0x56153332ddd0_1602 .array/port v0x56153332ddd0, 1602;
E_0x5615332774a0/400 .event edge, v0x56153332ddd0_1599, v0x56153332ddd0_1600, v0x56153332ddd0_1601, v0x56153332ddd0_1602;
v0x56153332ddd0_1603 .array/port v0x56153332ddd0, 1603;
v0x56153332ddd0_1604 .array/port v0x56153332ddd0, 1604;
v0x56153332ddd0_1605 .array/port v0x56153332ddd0, 1605;
v0x56153332ddd0_1606 .array/port v0x56153332ddd0, 1606;
E_0x5615332774a0/401 .event edge, v0x56153332ddd0_1603, v0x56153332ddd0_1604, v0x56153332ddd0_1605, v0x56153332ddd0_1606;
v0x56153332ddd0_1607 .array/port v0x56153332ddd0, 1607;
v0x56153332ddd0_1608 .array/port v0x56153332ddd0, 1608;
v0x56153332ddd0_1609 .array/port v0x56153332ddd0, 1609;
v0x56153332ddd0_1610 .array/port v0x56153332ddd0, 1610;
E_0x5615332774a0/402 .event edge, v0x56153332ddd0_1607, v0x56153332ddd0_1608, v0x56153332ddd0_1609, v0x56153332ddd0_1610;
v0x56153332ddd0_1611 .array/port v0x56153332ddd0, 1611;
v0x56153332ddd0_1612 .array/port v0x56153332ddd0, 1612;
v0x56153332ddd0_1613 .array/port v0x56153332ddd0, 1613;
v0x56153332ddd0_1614 .array/port v0x56153332ddd0, 1614;
E_0x5615332774a0/403 .event edge, v0x56153332ddd0_1611, v0x56153332ddd0_1612, v0x56153332ddd0_1613, v0x56153332ddd0_1614;
v0x56153332ddd0_1615 .array/port v0x56153332ddd0, 1615;
v0x56153332ddd0_1616 .array/port v0x56153332ddd0, 1616;
v0x56153332ddd0_1617 .array/port v0x56153332ddd0, 1617;
v0x56153332ddd0_1618 .array/port v0x56153332ddd0, 1618;
E_0x5615332774a0/404 .event edge, v0x56153332ddd0_1615, v0x56153332ddd0_1616, v0x56153332ddd0_1617, v0x56153332ddd0_1618;
v0x56153332ddd0_1619 .array/port v0x56153332ddd0, 1619;
v0x56153332ddd0_1620 .array/port v0x56153332ddd0, 1620;
v0x56153332ddd0_1621 .array/port v0x56153332ddd0, 1621;
v0x56153332ddd0_1622 .array/port v0x56153332ddd0, 1622;
E_0x5615332774a0/405 .event edge, v0x56153332ddd0_1619, v0x56153332ddd0_1620, v0x56153332ddd0_1621, v0x56153332ddd0_1622;
v0x56153332ddd0_1623 .array/port v0x56153332ddd0, 1623;
v0x56153332ddd0_1624 .array/port v0x56153332ddd0, 1624;
v0x56153332ddd0_1625 .array/port v0x56153332ddd0, 1625;
v0x56153332ddd0_1626 .array/port v0x56153332ddd0, 1626;
E_0x5615332774a0/406 .event edge, v0x56153332ddd0_1623, v0x56153332ddd0_1624, v0x56153332ddd0_1625, v0x56153332ddd0_1626;
v0x56153332ddd0_1627 .array/port v0x56153332ddd0, 1627;
v0x56153332ddd0_1628 .array/port v0x56153332ddd0, 1628;
v0x56153332ddd0_1629 .array/port v0x56153332ddd0, 1629;
v0x56153332ddd0_1630 .array/port v0x56153332ddd0, 1630;
E_0x5615332774a0/407 .event edge, v0x56153332ddd0_1627, v0x56153332ddd0_1628, v0x56153332ddd0_1629, v0x56153332ddd0_1630;
v0x56153332ddd0_1631 .array/port v0x56153332ddd0, 1631;
v0x56153332ddd0_1632 .array/port v0x56153332ddd0, 1632;
v0x56153332ddd0_1633 .array/port v0x56153332ddd0, 1633;
v0x56153332ddd0_1634 .array/port v0x56153332ddd0, 1634;
E_0x5615332774a0/408 .event edge, v0x56153332ddd0_1631, v0x56153332ddd0_1632, v0x56153332ddd0_1633, v0x56153332ddd0_1634;
v0x56153332ddd0_1635 .array/port v0x56153332ddd0, 1635;
v0x56153332ddd0_1636 .array/port v0x56153332ddd0, 1636;
v0x56153332ddd0_1637 .array/port v0x56153332ddd0, 1637;
v0x56153332ddd0_1638 .array/port v0x56153332ddd0, 1638;
E_0x5615332774a0/409 .event edge, v0x56153332ddd0_1635, v0x56153332ddd0_1636, v0x56153332ddd0_1637, v0x56153332ddd0_1638;
v0x56153332ddd0_1639 .array/port v0x56153332ddd0, 1639;
v0x56153332ddd0_1640 .array/port v0x56153332ddd0, 1640;
v0x56153332ddd0_1641 .array/port v0x56153332ddd0, 1641;
v0x56153332ddd0_1642 .array/port v0x56153332ddd0, 1642;
E_0x5615332774a0/410 .event edge, v0x56153332ddd0_1639, v0x56153332ddd0_1640, v0x56153332ddd0_1641, v0x56153332ddd0_1642;
v0x56153332ddd0_1643 .array/port v0x56153332ddd0, 1643;
v0x56153332ddd0_1644 .array/port v0x56153332ddd0, 1644;
v0x56153332ddd0_1645 .array/port v0x56153332ddd0, 1645;
v0x56153332ddd0_1646 .array/port v0x56153332ddd0, 1646;
E_0x5615332774a0/411 .event edge, v0x56153332ddd0_1643, v0x56153332ddd0_1644, v0x56153332ddd0_1645, v0x56153332ddd0_1646;
v0x56153332ddd0_1647 .array/port v0x56153332ddd0, 1647;
v0x56153332ddd0_1648 .array/port v0x56153332ddd0, 1648;
v0x56153332ddd0_1649 .array/port v0x56153332ddd0, 1649;
v0x56153332ddd0_1650 .array/port v0x56153332ddd0, 1650;
E_0x5615332774a0/412 .event edge, v0x56153332ddd0_1647, v0x56153332ddd0_1648, v0x56153332ddd0_1649, v0x56153332ddd0_1650;
v0x56153332ddd0_1651 .array/port v0x56153332ddd0, 1651;
v0x56153332ddd0_1652 .array/port v0x56153332ddd0, 1652;
v0x56153332ddd0_1653 .array/port v0x56153332ddd0, 1653;
v0x56153332ddd0_1654 .array/port v0x56153332ddd0, 1654;
E_0x5615332774a0/413 .event edge, v0x56153332ddd0_1651, v0x56153332ddd0_1652, v0x56153332ddd0_1653, v0x56153332ddd0_1654;
v0x56153332ddd0_1655 .array/port v0x56153332ddd0, 1655;
v0x56153332ddd0_1656 .array/port v0x56153332ddd0, 1656;
v0x56153332ddd0_1657 .array/port v0x56153332ddd0, 1657;
v0x56153332ddd0_1658 .array/port v0x56153332ddd0, 1658;
E_0x5615332774a0/414 .event edge, v0x56153332ddd0_1655, v0x56153332ddd0_1656, v0x56153332ddd0_1657, v0x56153332ddd0_1658;
v0x56153332ddd0_1659 .array/port v0x56153332ddd0, 1659;
v0x56153332ddd0_1660 .array/port v0x56153332ddd0, 1660;
v0x56153332ddd0_1661 .array/port v0x56153332ddd0, 1661;
v0x56153332ddd0_1662 .array/port v0x56153332ddd0, 1662;
E_0x5615332774a0/415 .event edge, v0x56153332ddd0_1659, v0x56153332ddd0_1660, v0x56153332ddd0_1661, v0x56153332ddd0_1662;
v0x56153332ddd0_1663 .array/port v0x56153332ddd0, 1663;
v0x56153332ddd0_1664 .array/port v0x56153332ddd0, 1664;
v0x56153332ddd0_1665 .array/port v0x56153332ddd0, 1665;
v0x56153332ddd0_1666 .array/port v0x56153332ddd0, 1666;
E_0x5615332774a0/416 .event edge, v0x56153332ddd0_1663, v0x56153332ddd0_1664, v0x56153332ddd0_1665, v0x56153332ddd0_1666;
v0x56153332ddd0_1667 .array/port v0x56153332ddd0, 1667;
v0x56153332ddd0_1668 .array/port v0x56153332ddd0, 1668;
v0x56153332ddd0_1669 .array/port v0x56153332ddd0, 1669;
v0x56153332ddd0_1670 .array/port v0x56153332ddd0, 1670;
E_0x5615332774a0/417 .event edge, v0x56153332ddd0_1667, v0x56153332ddd0_1668, v0x56153332ddd0_1669, v0x56153332ddd0_1670;
v0x56153332ddd0_1671 .array/port v0x56153332ddd0, 1671;
v0x56153332ddd0_1672 .array/port v0x56153332ddd0, 1672;
v0x56153332ddd0_1673 .array/port v0x56153332ddd0, 1673;
v0x56153332ddd0_1674 .array/port v0x56153332ddd0, 1674;
E_0x5615332774a0/418 .event edge, v0x56153332ddd0_1671, v0x56153332ddd0_1672, v0x56153332ddd0_1673, v0x56153332ddd0_1674;
v0x56153332ddd0_1675 .array/port v0x56153332ddd0, 1675;
v0x56153332ddd0_1676 .array/port v0x56153332ddd0, 1676;
v0x56153332ddd0_1677 .array/port v0x56153332ddd0, 1677;
v0x56153332ddd0_1678 .array/port v0x56153332ddd0, 1678;
E_0x5615332774a0/419 .event edge, v0x56153332ddd0_1675, v0x56153332ddd0_1676, v0x56153332ddd0_1677, v0x56153332ddd0_1678;
v0x56153332ddd0_1679 .array/port v0x56153332ddd0, 1679;
v0x56153332ddd0_1680 .array/port v0x56153332ddd0, 1680;
v0x56153332ddd0_1681 .array/port v0x56153332ddd0, 1681;
v0x56153332ddd0_1682 .array/port v0x56153332ddd0, 1682;
E_0x5615332774a0/420 .event edge, v0x56153332ddd0_1679, v0x56153332ddd0_1680, v0x56153332ddd0_1681, v0x56153332ddd0_1682;
v0x56153332ddd0_1683 .array/port v0x56153332ddd0, 1683;
v0x56153332ddd0_1684 .array/port v0x56153332ddd0, 1684;
v0x56153332ddd0_1685 .array/port v0x56153332ddd0, 1685;
v0x56153332ddd0_1686 .array/port v0x56153332ddd0, 1686;
E_0x5615332774a0/421 .event edge, v0x56153332ddd0_1683, v0x56153332ddd0_1684, v0x56153332ddd0_1685, v0x56153332ddd0_1686;
v0x56153332ddd0_1687 .array/port v0x56153332ddd0, 1687;
v0x56153332ddd0_1688 .array/port v0x56153332ddd0, 1688;
v0x56153332ddd0_1689 .array/port v0x56153332ddd0, 1689;
v0x56153332ddd0_1690 .array/port v0x56153332ddd0, 1690;
E_0x5615332774a0/422 .event edge, v0x56153332ddd0_1687, v0x56153332ddd0_1688, v0x56153332ddd0_1689, v0x56153332ddd0_1690;
v0x56153332ddd0_1691 .array/port v0x56153332ddd0, 1691;
v0x56153332ddd0_1692 .array/port v0x56153332ddd0, 1692;
v0x56153332ddd0_1693 .array/port v0x56153332ddd0, 1693;
v0x56153332ddd0_1694 .array/port v0x56153332ddd0, 1694;
E_0x5615332774a0/423 .event edge, v0x56153332ddd0_1691, v0x56153332ddd0_1692, v0x56153332ddd0_1693, v0x56153332ddd0_1694;
v0x56153332ddd0_1695 .array/port v0x56153332ddd0, 1695;
v0x56153332ddd0_1696 .array/port v0x56153332ddd0, 1696;
v0x56153332ddd0_1697 .array/port v0x56153332ddd0, 1697;
v0x56153332ddd0_1698 .array/port v0x56153332ddd0, 1698;
E_0x5615332774a0/424 .event edge, v0x56153332ddd0_1695, v0x56153332ddd0_1696, v0x56153332ddd0_1697, v0x56153332ddd0_1698;
v0x56153332ddd0_1699 .array/port v0x56153332ddd0, 1699;
v0x56153332ddd0_1700 .array/port v0x56153332ddd0, 1700;
v0x56153332ddd0_1701 .array/port v0x56153332ddd0, 1701;
v0x56153332ddd0_1702 .array/port v0x56153332ddd0, 1702;
E_0x5615332774a0/425 .event edge, v0x56153332ddd0_1699, v0x56153332ddd0_1700, v0x56153332ddd0_1701, v0x56153332ddd0_1702;
v0x56153332ddd0_1703 .array/port v0x56153332ddd0, 1703;
v0x56153332ddd0_1704 .array/port v0x56153332ddd0, 1704;
v0x56153332ddd0_1705 .array/port v0x56153332ddd0, 1705;
v0x56153332ddd0_1706 .array/port v0x56153332ddd0, 1706;
E_0x5615332774a0/426 .event edge, v0x56153332ddd0_1703, v0x56153332ddd0_1704, v0x56153332ddd0_1705, v0x56153332ddd0_1706;
v0x56153332ddd0_1707 .array/port v0x56153332ddd0, 1707;
v0x56153332ddd0_1708 .array/port v0x56153332ddd0, 1708;
v0x56153332ddd0_1709 .array/port v0x56153332ddd0, 1709;
v0x56153332ddd0_1710 .array/port v0x56153332ddd0, 1710;
E_0x5615332774a0/427 .event edge, v0x56153332ddd0_1707, v0x56153332ddd0_1708, v0x56153332ddd0_1709, v0x56153332ddd0_1710;
v0x56153332ddd0_1711 .array/port v0x56153332ddd0, 1711;
v0x56153332ddd0_1712 .array/port v0x56153332ddd0, 1712;
v0x56153332ddd0_1713 .array/port v0x56153332ddd0, 1713;
v0x56153332ddd0_1714 .array/port v0x56153332ddd0, 1714;
E_0x5615332774a0/428 .event edge, v0x56153332ddd0_1711, v0x56153332ddd0_1712, v0x56153332ddd0_1713, v0x56153332ddd0_1714;
v0x56153332ddd0_1715 .array/port v0x56153332ddd0, 1715;
v0x56153332ddd0_1716 .array/port v0x56153332ddd0, 1716;
v0x56153332ddd0_1717 .array/port v0x56153332ddd0, 1717;
v0x56153332ddd0_1718 .array/port v0x56153332ddd0, 1718;
E_0x5615332774a0/429 .event edge, v0x56153332ddd0_1715, v0x56153332ddd0_1716, v0x56153332ddd0_1717, v0x56153332ddd0_1718;
v0x56153332ddd0_1719 .array/port v0x56153332ddd0, 1719;
v0x56153332ddd0_1720 .array/port v0x56153332ddd0, 1720;
v0x56153332ddd0_1721 .array/port v0x56153332ddd0, 1721;
v0x56153332ddd0_1722 .array/port v0x56153332ddd0, 1722;
E_0x5615332774a0/430 .event edge, v0x56153332ddd0_1719, v0x56153332ddd0_1720, v0x56153332ddd0_1721, v0x56153332ddd0_1722;
v0x56153332ddd0_1723 .array/port v0x56153332ddd0, 1723;
v0x56153332ddd0_1724 .array/port v0x56153332ddd0, 1724;
v0x56153332ddd0_1725 .array/port v0x56153332ddd0, 1725;
v0x56153332ddd0_1726 .array/port v0x56153332ddd0, 1726;
E_0x5615332774a0/431 .event edge, v0x56153332ddd0_1723, v0x56153332ddd0_1724, v0x56153332ddd0_1725, v0x56153332ddd0_1726;
v0x56153332ddd0_1727 .array/port v0x56153332ddd0, 1727;
v0x56153332ddd0_1728 .array/port v0x56153332ddd0, 1728;
v0x56153332ddd0_1729 .array/port v0x56153332ddd0, 1729;
v0x56153332ddd0_1730 .array/port v0x56153332ddd0, 1730;
E_0x5615332774a0/432 .event edge, v0x56153332ddd0_1727, v0x56153332ddd0_1728, v0x56153332ddd0_1729, v0x56153332ddd0_1730;
v0x56153332ddd0_1731 .array/port v0x56153332ddd0, 1731;
v0x56153332ddd0_1732 .array/port v0x56153332ddd0, 1732;
v0x56153332ddd0_1733 .array/port v0x56153332ddd0, 1733;
v0x56153332ddd0_1734 .array/port v0x56153332ddd0, 1734;
E_0x5615332774a0/433 .event edge, v0x56153332ddd0_1731, v0x56153332ddd0_1732, v0x56153332ddd0_1733, v0x56153332ddd0_1734;
v0x56153332ddd0_1735 .array/port v0x56153332ddd0, 1735;
v0x56153332ddd0_1736 .array/port v0x56153332ddd0, 1736;
v0x56153332ddd0_1737 .array/port v0x56153332ddd0, 1737;
v0x56153332ddd0_1738 .array/port v0x56153332ddd0, 1738;
E_0x5615332774a0/434 .event edge, v0x56153332ddd0_1735, v0x56153332ddd0_1736, v0x56153332ddd0_1737, v0x56153332ddd0_1738;
v0x56153332ddd0_1739 .array/port v0x56153332ddd0, 1739;
v0x56153332ddd0_1740 .array/port v0x56153332ddd0, 1740;
v0x56153332ddd0_1741 .array/port v0x56153332ddd0, 1741;
v0x56153332ddd0_1742 .array/port v0x56153332ddd0, 1742;
E_0x5615332774a0/435 .event edge, v0x56153332ddd0_1739, v0x56153332ddd0_1740, v0x56153332ddd0_1741, v0x56153332ddd0_1742;
v0x56153332ddd0_1743 .array/port v0x56153332ddd0, 1743;
v0x56153332ddd0_1744 .array/port v0x56153332ddd0, 1744;
v0x56153332ddd0_1745 .array/port v0x56153332ddd0, 1745;
v0x56153332ddd0_1746 .array/port v0x56153332ddd0, 1746;
E_0x5615332774a0/436 .event edge, v0x56153332ddd0_1743, v0x56153332ddd0_1744, v0x56153332ddd0_1745, v0x56153332ddd0_1746;
v0x56153332ddd0_1747 .array/port v0x56153332ddd0, 1747;
v0x56153332ddd0_1748 .array/port v0x56153332ddd0, 1748;
v0x56153332ddd0_1749 .array/port v0x56153332ddd0, 1749;
v0x56153332ddd0_1750 .array/port v0x56153332ddd0, 1750;
E_0x5615332774a0/437 .event edge, v0x56153332ddd0_1747, v0x56153332ddd0_1748, v0x56153332ddd0_1749, v0x56153332ddd0_1750;
v0x56153332ddd0_1751 .array/port v0x56153332ddd0, 1751;
v0x56153332ddd0_1752 .array/port v0x56153332ddd0, 1752;
v0x56153332ddd0_1753 .array/port v0x56153332ddd0, 1753;
v0x56153332ddd0_1754 .array/port v0x56153332ddd0, 1754;
E_0x5615332774a0/438 .event edge, v0x56153332ddd0_1751, v0x56153332ddd0_1752, v0x56153332ddd0_1753, v0x56153332ddd0_1754;
v0x56153332ddd0_1755 .array/port v0x56153332ddd0, 1755;
v0x56153332ddd0_1756 .array/port v0x56153332ddd0, 1756;
v0x56153332ddd0_1757 .array/port v0x56153332ddd0, 1757;
v0x56153332ddd0_1758 .array/port v0x56153332ddd0, 1758;
E_0x5615332774a0/439 .event edge, v0x56153332ddd0_1755, v0x56153332ddd0_1756, v0x56153332ddd0_1757, v0x56153332ddd0_1758;
v0x56153332ddd0_1759 .array/port v0x56153332ddd0, 1759;
v0x56153332ddd0_1760 .array/port v0x56153332ddd0, 1760;
v0x56153332ddd0_1761 .array/port v0x56153332ddd0, 1761;
v0x56153332ddd0_1762 .array/port v0x56153332ddd0, 1762;
E_0x5615332774a0/440 .event edge, v0x56153332ddd0_1759, v0x56153332ddd0_1760, v0x56153332ddd0_1761, v0x56153332ddd0_1762;
v0x56153332ddd0_1763 .array/port v0x56153332ddd0, 1763;
v0x56153332ddd0_1764 .array/port v0x56153332ddd0, 1764;
v0x56153332ddd0_1765 .array/port v0x56153332ddd0, 1765;
v0x56153332ddd0_1766 .array/port v0x56153332ddd0, 1766;
E_0x5615332774a0/441 .event edge, v0x56153332ddd0_1763, v0x56153332ddd0_1764, v0x56153332ddd0_1765, v0x56153332ddd0_1766;
v0x56153332ddd0_1767 .array/port v0x56153332ddd0, 1767;
v0x56153332ddd0_1768 .array/port v0x56153332ddd0, 1768;
v0x56153332ddd0_1769 .array/port v0x56153332ddd0, 1769;
v0x56153332ddd0_1770 .array/port v0x56153332ddd0, 1770;
E_0x5615332774a0/442 .event edge, v0x56153332ddd0_1767, v0x56153332ddd0_1768, v0x56153332ddd0_1769, v0x56153332ddd0_1770;
v0x56153332ddd0_1771 .array/port v0x56153332ddd0, 1771;
v0x56153332ddd0_1772 .array/port v0x56153332ddd0, 1772;
v0x56153332ddd0_1773 .array/port v0x56153332ddd0, 1773;
v0x56153332ddd0_1774 .array/port v0x56153332ddd0, 1774;
E_0x5615332774a0/443 .event edge, v0x56153332ddd0_1771, v0x56153332ddd0_1772, v0x56153332ddd0_1773, v0x56153332ddd0_1774;
v0x56153332ddd0_1775 .array/port v0x56153332ddd0, 1775;
v0x56153332ddd0_1776 .array/port v0x56153332ddd0, 1776;
v0x56153332ddd0_1777 .array/port v0x56153332ddd0, 1777;
v0x56153332ddd0_1778 .array/port v0x56153332ddd0, 1778;
E_0x5615332774a0/444 .event edge, v0x56153332ddd0_1775, v0x56153332ddd0_1776, v0x56153332ddd0_1777, v0x56153332ddd0_1778;
v0x56153332ddd0_1779 .array/port v0x56153332ddd0, 1779;
v0x56153332ddd0_1780 .array/port v0x56153332ddd0, 1780;
v0x56153332ddd0_1781 .array/port v0x56153332ddd0, 1781;
v0x56153332ddd0_1782 .array/port v0x56153332ddd0, 1782;
E_0x5615332774a0/445 .event edge, v0x56153332ddd0_1779, v0x56153332ddd0_1780, v0x56153332ddd0_1781, v0x56153332ddd0_1782;
v0x56153332ddd0_1783 .array/port v0x56153332ddd0, 1783;
v0x56153332ddd0_1784 .array/port v0x56153332ddd0, 1784;
v0x56153332ddd0_1785 .array/port v0x56153332ddd0, 1785;
v0x56153332ddd0_1786 .array/port v0x56153332ddd0, 1786;
E_0x5615332774a0/446 .event edge, v0x56153332ddd0_1783, v0x56153332ddd0_1784, v0x56153332ddd0_1785, v0x56153332ddd0_1786;
v0x56153332ddd0_1787 .array/port v0x56153332ddd0, 1787;
v0x56153332ddd0_1788 .array/port v0x56153332ddd0, 1788;
v0x56153332ddd0_1789 .array/port v0x56153332ddd0, 1789;
v0x56153332ddd0_1790 .array/port v0x56153332ddd0, 1790;
E_0x5615332774a0/447 .event edge, v0x56153332ddd0_1787, v0x56153332ddd0_1788, v0x56153332ddd0_1789, v0x56153332ddd0_1790;
v0x56153332ddd0_1791 .array/port v0x56153332ddd0, 1791;
v0x56153332ddd0_1792 .array/port v0x56153332ddd0, 1792;
v0x56153332ddd0_1793 .array/port v0x56153332ddd0, 1793;
v0x56153332ddd0_1794 .array/port v0x56153332ddd0, 1794;
E_0x5615332774a0/448 .event edge, v0x56153332ddd0_1791, v0x56153332ddd0_1792, v0x56153332ddd0_1793, v0x56153332ddd0_1794;
v0x56153332ddd0_1795 .array/port v0x56153332ddd0, 1795;
v0x56153332ddd0_1796 .array/port v0x56153332ddd0, 1796;
v0x56153332ddd0_1797 .array/port v0x56153332ddd0, 1797;
v0x56153332ddd0_1798 .array/port v0x56153332ddd0, 1798;
E_0x5615332774a0/449 .event edge, v0x56153332ddd0_1795, v0x56153332ddd0_1796, v0x56153332ddd0_1797, v0x56153332ddd0_1798;
v0x56153332ddd0_1799 .array/port v0x56153332ddd0, 1799;
v0x56153332ddd0_1800 .array/port v0x56153332ddd0, 1800;
v0x56153332ddd0_1801 .array/port v0x56153332ddd0, 1801;
v0x56153332ddd0_1802 .array/port v0x56153332ddd0, 1802;
E_0x5615332774a0/450 .event edge, v0x56153332ddd0_1799, v0x56153332ddd0_1800, v0x56153332ddd0_1801, v0x56153332ddd0_1802;
v0x56153332ddd0_1803 .array/port v0x56153332ddd0, 1803;
v0x56153332ddd0_1804 .array/port v0x56153332ddd0, 1804;
v0x56153332ddd0_1805 .array/port v0x56153332ddd0, 1805;
v0x56153332ddd0_1806 .array/port v0x56153332ddd0, 1806;
E_0x5615332774a0/451 .event edge, v0x56153332ddd0_1803, v0x56153332ddd0_1804, v0x56153332ddd0_1805, v0x56153332ddd0_1806;
v0x56153332ddd0_1807 .array/port v0x56153332ddd0, 1807;
v0x56153332ddd0_1808 .array/port v0x56153332ddd0, 1808;
v0x56153332ddd0_1809 .array/port v0x56153332ddd0, 1809;
v0x56153332ddd0_1810 .array/port v0x56153332ddd0, 1810;
E_0x5615332774a0/452 .event edge, v0x56153332ddd0_1807, v0x56153332ddd0_1808, v0x56153332ddd0_1809, v0x56153332ddd0_1810;
v0x56153332ddd0_1811 .array/port v0x56153332ddd0, 1811;
v0x56153332ddd0_1812 .array/port v0x56153332ddd0, 1812;
v0x56153332ddd0_1813 .array/port v0x56153332ddd0, 1813;
v0x56153332ddd0_1814 .array/port v0x56153332ddd0, 1814;
E_0x5615332774a0/453 .event edge, v0x56153332ddd0_1811, v0x56153332ddd0_1812, v0x56153332ddd0_1813, v0x56153332ddd0_1814;
v0x56153332ddd0_1815 .array/port v0x56153332ddd0, 1815;
v0x56153332ddd0_1816 .array/port v0x56153332ddd0, 1816;
v0x56153332ddd0_1817 .array/port v0x56153332ddd0, 1817;
v0x56153332ddd0_1818 .array/port v0x56153332ddd0, 1818;
E_0x5615332774a0/454 .event edge, v0x56153332ddd0_1815, v0x56153332ddd0_1816, v0x56153332ddd0_1817, v0x56153332ddd0_1818;
v0x56153332ddd0_1819 .array/port v0x56153332ddd0, 1819;
v0x56153332ddd0_1820 .array/port v0x56153332ddd0, 1820;
v0x56153332ddd0_1821 .array/port v0x56153332ddd0, 1821;
v0x56153332ddd0_1822 .array/port v0x56153332ddd0, 1822;
E_0x5615332774a0/455 .event edge, v0x56153332ddd0_1819, v0x56153332ddd0_1820, v0x56153332ddd0_1821, v0x56153332ddd0_1822;
v0x56153332ddd0_1823 .array/port v0x56153332ddd0, 1823;
v0x56153332ddd0_1824 .array/port v0x56153332ddd0, 1824;
v0x56153332ddd0_1825 .array/port v0x56153332ddd0, 1825;
v0x56153332ddd0_1826 .array/port v0x56153332ddd0, 1826;
E_0x5615332774a0/456 .event edge, v0x56153332ddd0_1823, v0x56153332ddd0_1824, v0x56153332ddd0_1825, v0x56153332ddd0_1826;
v0x56153332ddd0_1827 .array/port v0x56153332ddd0, 1827;
v0x56153332ddd0_1828 .array/port v0x56153332ddd0, 1828;
v0x56153332ddd0_1829 .array/port v0x56153332ddd0, 1829;
v0x56153332ddd0_1830 .array/port v0x56153332ddd0, 1830;
E_0x5615332774a0/457 .event edge, v0x56153332ddd0_1827, v0x56153332ddd0_1828, v0x56153332ddd0_1829, v0x56153332ddd0_1830;
v0x56153332ddd0_1831 .array/port v0x56153332ddd0, 1831;
v0x56153332ddd0_1832 .array/port v0x56153332ddd0, 1832;
v0x56153332ddd0_1833 .array/port v0x56153332ddd0, 1833;
v0x56153332ddd0_1834 .array/port v0x56153332ddd0, 1834;
E_0x5615332774a0/458 .event edge, v0x56153332ddd0_1831, v0x56153332ddd0_1832, v0x56153332ddd0_1833, v0x56153332ddd0_1834;
v0x56153332ddd0_1835 .array/port v0x56153332ddd0, 1835;
v0x56153332ddd0_1836 .array/port v0x56153332ddd0, 1836;
v0x56153332ddd0_1837 .array/port v0x56153332ddd0, 1837;
v0x56153332ddd0_1838 .array/port v0x56153332ddd0, 1838;
E_0x5615332774a0/459 .event edge, v0x56153332ddd0_1835, v0x56153332ddd0_1836, v0x56153332ddd0_1837, v0x56153332ddd0_1838;
v0x56153332ddd0_1839 .array/port v0x56153332ddd0, 1839;
v0x56153332ddd0_1840 .array/port v0x56153332ddd0, 1840;
v0x56153332ddd0_1841 .array/port v0x56153332ddd0, 1841;
v0x56153332ddd0_1842 .array/port v0x56153332ddd0, 1842;
E_0x5615332774a0/460 .event edge, v0x56153332ddd0_1839, v0x56153332ddd0_1840, v0x56153332ddd0_1841, v0x56153332ddd0_1842;
v0x56153332ddd0_1843 .array/port v0x56153332ddd0, 1843;
v0x56153332ddd0_1844 .array/port v0x56153332ddd0, 1844;
v0x56153332ddd0_1845 .array/port v0x56153332ddd0, 1845;
v0x56153332ddd0_1846 .array/port v0x56153332ddd0, 1846;
E_0x5615332774a0/461 .event edge, v0x56153332ddd0_1843, v0x56153332ddd0_1844, v0x56153332ddd0_1845, v0x56153332ddd0_1846;
v0x56153332ddd0_1847 .array/port v0x56153332ddd0, 1847;
v0x56153332ddd0_1848 .array/port v0x56153332ddd0, 1848;
v0x56153332ddd0_1849 .array/port v0x56153332ddd0, 1849;
v0x56153332ddd0_1850 .array/port v0x56153332ddd0, 1850;
E_0x5615332774a0/462 .event edge, v0x56153332ddd0_1847, v0x56153332ddd0_1848, v0x56153332ddd0_1849, v0x56153332ddd0_1850;
v0x56153332ddd0_1851 .array/port v0x56153332ddd0, 1851;
v0x56153332ddd0_1852 .array/port v0x56153332ddd0, 1852;
v0x56153332ddd0_1853 .array/port v0x56153332ddd0, 1853;
v0x56153332ddd0_1854 .array/port v0x56153332ddd0, 1854;
E_0x5615332774a0/463 .event edge, v0x56153332ddd0_1851, v0x56153332ddd0_1852, v0x56153332ddd0_1853, v0x56153332ddd0_1854;
v0x56153332ddd0_1855 .array/port v0x56153332ddd0, 1855;
v0x56153332ddd0_1856 .array/port v0x56153332ddd0, 1856;
v0x56153332ddd0_1857 .array/port v0x56153332ddd0, 1857;
v0x56153332ddd0_1858 .array/port v0x56153332ddd0, 1858;
E_0x5615332774a0/464 .event edge, v0x56153332ddd0_1855, v0x56153332ddd0_1856, v0x56153332ddd0_1857, v0x56153332ddd0_1858;
v0x56153332ddd0_1859 .array/port v0x56153332ddd0, 1859;
v0x56153332ddd0_1860 .array/port v0x56153332ddd0, 1860;
v0x56153332ddd0_1861 .array/port v0x56153332ddd0, 1861;
v0x56153332ddd0_1862 .array/port v0x56153332ddd0, 1862;
E_0x5615332774a0/465 .event edge, v0x56153332ddd0_1859, v0x56153332ddd0_1860, v0x56153332ddd0_1861, v0x56153332ddd0_1862;
v0x56153332ddd0_1863 .array/port v0x56153332ddd0, 1863;
v0x56153332ddd0_1864 .array/port v0x56153332ddd0, 1864;
v0x56153332ddd0_1865 .array/port v0x56153332ddd0, 1865;
v0x56153332ddd0_1866 .array/port v0x56153332ddd0, 1866;
E_0x5615332774a0/466 .event edge, v0x56153332ddd0_1863, v0x56153332ddd0_1864, v0x56153332ddd0_1865, v0x56153332ddd0_1866;
v0x56153332ddd0_1867 .array/port v0x56153332ddd0, 1867;
v0x56153332ddd0_1868 .array/port v0x56153332ddd0, 1868;
v0x56153332ddd0_1869 .array/port v0x56153332ddd0, 1869;
v0x56153332ddd0_1870 .array/port v0x56153332ddd0, 1870;
E_0x5615332774a0/467 .event edge, v0x56153332ddd0_1867, v0x56153332ddd0_1868, v0x56153332ddd0_1869, v0x56153332ddd0_1870;
v0x56153332ddd0_1871 .array/port v0x56153332ddd0, 1871;
v0x56153332ddd0_1872 .array/port v0x56153332ddd0, 1872;
v0x56153332ddd0_1873 .array/port v0x56153332ddd0, 1873;
v0x56153332ddd0_1874 .array/port v0x56153332ddd0, 1874;
E_0x5615332774a0/468 .event edge, v0x56153332ddd0_1871, v0x56153332ddd0_1872, v0x56153332ddd0_1873, v0x56153332ddd0_1874;
v0x56153332ddd0_1875 .array/port v0x56153332ddd0, 1875;
v0x56153332ddd0_1876 .array/port v0x56153332ddd0, 1876;
v0x56153332ddd0_1877 .array/port v0x56153332ddd0, 1877;
v0x56153332ddd0_1878 .array/port v0x56153332ddd0, 1878;
E_0x5615332774a0/469 .event edge, v0x56153332ddd0_1875, v0x56153332ddd0_1876, v0x56153332ddd0_1877, v0x56153332ddd0_1878;
v0x56153332ddd0_1879 .array/port v0x56153332ddd0, 1879;
v0x56153332ddd0_1880 .array/port v0x56153332ddd0, 1880;
v0x56153332ddd0_1881 .array/port v0x56153332ddd0, 1881;
v0x56153332ddd0_1882 .array/port v0x56153332ddd0, 1882;
E_0x5615332774a0/470 .event edge, v0x56153332ddd0_1879, v0x56153332ddd0_1880, v0x56153332ddd0_1881, v0x56153332ddd0_1882;
v0x56153332ddd0_1883 .array/port v0x56153332ddd0, 1883;
v0x56153332ddd0_1884 .array/port v0x56153332ddd0, 1884;
v0x56153332ddd0_1885 .array/port v0x56153332ddd0, 1885;
v0x56153332ddd0_1886 .array/port v0x56153332ddd0, 1886;
E_0x5615332774a0/471 .event edge, v0x56153332ddd0_1883, v0x56153332ddd0_1884, v0x56153332ddd0_1885, v0x56153332ddd0_1886;
v0x56153332ddd0_1887 .array/port v0x56153332ddd0, 1887;
v0x56153332ddd0_1888 .array/port v0x56153332ddd0, 1888;
v0x56153332ddd0_1889 .array/port v0x56153332ddd0, 1889;
v0x56153332ddd0_1890 .array/port v0x56153332ddd0, 1890;
E_0x5615332774a0/472 .event edge, v0x56153332ddd0_1887, v0x56153332ddd0_1888, v0x56153332ddd0_1889, v0x56153332ddd0_1890;
v0x56153332ddd0_1891 .array/port v0x56153332ddd0, 1891;
v0x56153332ddd0_1892 .array/port v0x56153332ddd0, 1892;
v0x56153332ddd0_1893 .array/port v0x56153332ddd0, 1893;
v0x56153332ddd0_1894 .array/port v0x56153332ddd0, 1894;
E_0x5615332774a0/473 .event edge, v0x56153332ddd0_1891, v0x56153332ddd0_1892, v0x56153332ddd0_1893, v0x56153332ddd0_1894;
v0x56153332ddd0_1895 .array/port v0x56153332ddd0, 1895;
v0x56153332ddd0_1896 .array/port v0x56153332ddd0, 1896;
v0x56153332ddd0_1897 .array/port v0x56153332ddd0, 1897;
v0x56153332ddd0_1898 .array/port v0x56153332ddd0, 1898;
E_0x5615332774a0/474 .event edge, v0x56153332ddd0_1895, v0x56153332ddd0_1896, v0x56153332ddd0_1897, v0x56153332ddd0_1898;
v0x56153332ddd0_1899 .array/port v0x56153332ddd0, 1899;
v0x56153332ddd0_1900 .array/port v0x56153332ddd0, 1900;
v0x56153332ddd0_1901 .array/port v0x56153332ddd0, 1901;
v0x56153332ddd0_1902 .array/port v0x56153332ddd0, 1902;
E_0x5615332774a0/475 .event edge, v0x56153332ddd0_1899, v0x56153332ddd0_1900, v0x56153332ddd0_1901, v0x56153332ddd0_1902;
v0x56153332ddd0_1903 .array/port v0x56153332ddd0, 1903;
v0x56153332ddd0_1904 .array/port v0x56153332ddd0, 1904;
v0x56153332ddd0_1905 .array/port v0x56153332ddd0, 1905;
v0x56153332ddd0_1906 .array/port v0x56153332ddd0, 1906;
E_0x5615332774a0/476 .event edge, v0x56153332ddd0_1903, v0x56153332ddd0_1904, v0x56153332ddd0_1905, v0x56153332ddd0_1906;
v0x56153332ddd0_1907 .array/port v0x56153332ddd0, 1907;
v0x56153332ddd0_1908 .array/port v0x56153332ddd0, 1908;
v0x56153332ddd0_1909 .array/port v0x56153332ddd0, 1909;
v0x56153332ddd0_1910 .array/port v0x56153332ddd0, 1910;
E_0x5615332774a0/477 .event edge, v0x56153332ddd0_1907, v0x56153332ddd0_1908, v0x56153332ddd0_1909, v0x56153332ddd0_1910;
v0x56153332ddd0_1911 .array/port v0x56153332ddd0, 1911;
v0x56153332ddd0_1912 .array/port v0x56153332ddd0, 1912;
v0x56153332ddd0_1913 .array/port v0x56153332ddd0, 1913;
v0x56153332ddd0_1914 .array/port v0x56153332ddd0, 1914;
E_0x5615332774a0/478 .event edge, v0x56153332ddd0_1911, v0x56153332ddd0_1912, v0x56153332ddd0_1913, v0x56153332ddd0_1914;
v0x56153332ddd0_1915 .array/port v0x56153332ddd0, 1915;
v0x56153332ddd0_1916 .array/port v0x56153332ddd0, 1916;
v0x56153332ddd0_1917 .array/port v0x56153332ddd0, 1917;
v0x56153332ddd0_1918 .array/port v0x56153332ddd0, 1918;
E_0x5615332774a0/479 .event edge, v0x56153332ddd0_1915, v0x56153332ddd0_1916, v0x56153332ddd0_1917, v0x56153332ddd0_1918;
v0x56153332ddd0_1919 .array/port v0x56153332ddd0, 1919;
v0x56153332ddd0_1920 .array/port v0x56153332ddd0, 1920;
v0x56153332ddd0_1921 .array/port v0x56153332ddd0, 1921;
v0x56153332ddd0_1922 .array/port v0x56153332ddd0, 1922;
E_0x5615332774a0/480 .event edge, v0x56153332ddd0_1919, v0x56153332ddd0_1920, v0x56153332ddd0_1921, v0x56153332ddd0_1922;
v0x56153332ddd0_1923 .array/port v0x56153332ddd0, 1923;
v0x56153332ddd0_1924 .array/port v0x56153332ddd0, 1924;
v0x56153332ddd0_1925 .array/port v0x56153332ddd0, 1925;
v0x56153332ddd0_1926 .array/port v0x56153332ddd0, 1926;
E_0x5615332774a0/481 .event edge, v0x56153332ddd0_1923, v0x56153332ddd0_1924, v0x56153332ddd0_1925, v0x56153332ddd0_1926;
v0x56153332ddd0_1927 .array/port v0x56153332ddd0, 1927;
v0x56153332ddd0_1928 .array/port v0x56153332ddd0, 1928;
v0x56153332ddd0_1929 .array/port v0x56153332ddd0, 1929;
v0x56153332ddd0_1930 .array/port v0x56153332ddd0, 1930;
E_0x5615332774a0/482 .event edge, v0x56153332ddd0_1927, v0x56153332ddd0_1928, v0x56153332ddd0_1929, v0x56153332ddd0_1930;
v0x56153332ddd0_1931 .array/port v0x56153332ddd0, 1931;
v0x56153332ddd0_1932 .array/port v0x56153332ddd0, 1932;
v0x56153332ddd0_1933 .array/port v0x56153332ddd0, 1933;
v0x56153332ddd0_1934 .array/port v0x56153332ddd0, 1934;
E_0x5615332774a0/483 .event edge, v0x56153332ddd0_1931, v0x56153332ddd0_1932, v0x56153332ddd0_1933, v0x56153332ddd0_1934;
v0x56153332ddd0_1935 .array/port v0x56153332ddd0, 1935;
v0x56153332ddd0_1936 .array/port v0x56153332ddd0, 1936;
v0x56153332ddd0_1937 .array/port v0x56153332ddd0, 1937;
v0x56153332ddd0_1938 .array/port v0x56153332ddd0, 1938;
E_0x5615332774a0/484 .event edge, v0x56153332ddd0_1935, v0x56153332ddd0_1936, v0x56153332ddd0_1937, v0x56153332ddd0_1938;
v0x56153332ddd0_1939 .array/port v0x56153332ddd0, 1939;
v0x56153332ddd0_1940 .array/port v0x56153332ddd0, 1940;
v0x56153332ddd0_1941 .array/port v0x56153332ddd0, 1941;
v0x56153332ddd0_1942 .array/port v0x56153332ddd0, 1942;
E_0x5615332774a0/485 .event edge, v0x56153332ddd0_1939, v0x56153332ddd0_1940, v0x56153332ddd0_1941, v0x56153332ddd0_1942;
v0x56153332ddd0_1943 .array/port v0x56153332ddd0, 1943;
v0x56153332ddd0_1944 .array/port v0x56153332ddd0, 1944;
v0x56153332ddd0_1945 .array/port v0x56153332ddd0, 1945;
v0x56153332ddd0_1946 .array/port v0x56153332ddd0, 1946;
E_0x5615332774a0/486 .event edge, v0x56153332ddd0_1943, v0x56153332ddd0_1944, v0x56153332ddd0_1945, v0x56153332ddd0_1946;
v0x56153332ddd0_1947 .array/port v0x56153332ddd0, 1947;
v0x56153332ddd0_1948 .array/port v0x56153332ddd0, 1948;
v0x56153332ddd0_1949 .array/port v0x56153332ddd0, 1949;
v0x56153332ddd0_1950 .array/port v0x56153332ddd0, 1950;
E_0x5615332774a0/487 .event edge, v0x56153332ddd0_1947, v0x56153332ddd0_1948, v0x56153332ddd0_1949, v0x56153332ddd0_1950;
v0x56153332ddd0_1951 .array/port v0x56153332ddd0, 1951;
v0x56153332ddd0_1952 .array/port v0x56153332ddd0, 1952;
v0x56153332ddd0_1953 .array/port v0x56153332ddd0, 1953;
v0x56153332ddd0_1954 .array/port v0x56153332ddd0, 1954;
E_0x5615332774a0/488 .event edge, v0x56153332ddd0_1951, v0x56153332ddd0_1952, v0x56153332ddd0_1953, v0x56153332ddd0_1954;
v0x56153332ddd0_1955 .array/port v0x56153332ddd0, 1955;
v0x56153332ddd0_1956 .array/port v0x56153332ddd0, 1956;
v0x56153332ddd0_1957 .array/port v0x56153332ddd0, 1957;
v0x56153332ddd0_1958 .array/port v0x56153332ddd0, 1958;
E_0x5615332774a0/489 .event edge, v0x56153332ddd0_1955, v0x56153332ddd0_1956, v0x56153332ddd0_1957, v0x56153332ddd0_1958;
v0x56153332ddd0_1959 .array/port v0x56153332ddd0, 1959;
v0x56153332ddd0_1960 .array/port v0x56153332ddd0, 1960;
v0x56153332ddd0_1961 .array/port v0x56153332ddd0, 1961;
v0x56153332ddd0_1962 .array/port v0x56153332ddd0, 1962;
E_0x5615332774a0/490 .event edge, v0x56153332ddd0_1959, v0x56153332ddd0_1960, v0x56153332ddd0_1961, v0x56153332ddd0_1962;
v0x56153332ddd0_1963 .array/port v0x56153332ddd0, 1963;
v0x56153332ddd0_1964 .array/port v0x56153332ddd0, 1964;
v0x56153332ddd0_1965 .array/port v0x56153332ddd0, 1965;
v0x56153332ddd0_1966 .array/port v0x56153332ddd0, 1966;
E_0x5615332774a0/491 .event edge, v0x56153332ddd0_1963, v0x56153332ddd0_1964, v0x56153332ddd0_1965, v0x56153332ddd0_1966;
v0x56153332ddd0_1967 .array/port v0x56153332ddd0, 1967;
v0x56153332ddd0_1968 .array/port v0x56153332ddd0, 1968;
v0x56153332ddd0_1969 .array/port v0x56153332ddd0, 1969;
v0x56153332ddd0_1970 .array/port v0x56153332ddd0, 1970;
E_0x5615332774a0/492 .event edge, v0x56153332ddd0_1967, v0x56153332ddd0_1968, v0x56153332ddd0_1969, v0x56153332ddd0_1970;
v0x56153332ddd0_1971 .array/port v0x56153332ddd0, 1971;
v0x56153332ddd0_1972 .array/port v0x56153332ddd0, 1972;
v0x56153332ddd0_1973 .array/port v0x56153332ddd0, 1973;
v0x56153332ddd0_1974 .array/port v0x56153332ddd0, 1974;
E_0x5615332774a0/493 .event edge, v0x56153332ddd0_1971, v0x56153332ddd0_1972, v0x56153332ddd0_1973, v0x56153332ddd0_1974;
v0x56153332ddd0_1975 .array/port v0x56153332ddd0, 1975;
v0x56153332ddd0_1976 .array/port v0x56153332ddd0, 1976;
v0x56153332ddd0_1977 .array/port v0x56153332ddd0, 1977;
v0x56153332ddd0_1978 .array/port v0x56153332ddd0, 1978;
E_0x5615332774a0/494 .event edge, v0x56153332ddd0_1975, v0x56153332ddd0_1976, v0x56153332ddd0_1977, v0x56153332ddd0_1978;
v0x56153332ddd0_1979 .array/port v0x56153332ddd0, 1979;
v0x56153332ddd0_1980 .array/port v0x56153332ddd0, 1980;
v0x56153332ddd0_1981 .array/port v0x56153332ddd0, 1981;
v0x56153332ddd0_1982 .array/port v0x56153332ddd0, 1982;
E_0x5615332774a0/495 .event edge, v0x56153332ddd0_1979, v0x56153332ddd0_1980, v0x56153332ddd0_1981, v0x56153332ddd0_1982;
v0x56153332ddd0_1983 .array/port v0x56153332ddd0, 1983;
v0x56153332ddd0_1984 .array/port v0x56153332ddd0, 1984;
v0x56153332ddd0_1985 .array/port v0x56153332ddd0, 1985;
v0x56153332ddd0_1986 .array/port v0x56153332ddd0, 1986;
E_0x5615332774a0/496 .event edge, v0x56153332ddd0_1983, v0x56153332ddd0_1984, v0x56153332ddd0_1985, v0x56153332ddd0_1986;
v0x56153332ddd0_1987 .array/port v0x56153332ddd0, 1987;
v0x56153332ddd0_1988 .array/port v0x56153332ddd0, 1988;
v0x56153332ddd0_1989 .array/port v0x56153332ddd0, 1989;
v0x56153332ddd0_1990 .array/port v0x56153332ddd0, 1990;
E_0x5615332774a0/497 .event edge, v0x56153332ddd0_1987, v0x56153332ddd0_1988, v0x56153332ddd0_1989, v0x56153332ddd0_1990;
v0x56153332ddd0_1991 .array/port v0x56153332ddd0, 1991;
v0x56153332ddd0_1992 .array/port v0x56153332ddd0, 1992;
v0x56153332ddd0_1993 .array/port v0x56153332ddd0, 1993;
v0x56153332ddd0_1994 .array/port v0x56153332ddd0, 1994;
E_0x5615332774a0/498 .event edge, v0x56153332ddd0_1991, v0x56153332ddd0_1992, v0x56153332ddd0_1993, v0x56153332ddd0_1994;
v0x56153332ddd0_1995 .array/port v0x56153332ddd0, 1995;
v0x56153332ddd0_1996 .array/port v0x56153332ddd0, 1996;
v0x56153332ddd0_1997 .array/port v0x56153332ddd0, 1997;
v0x56153332ddd0_1998 .array/port v0x56153332ddd0, 1998;
E_0x5615332774a0/499 .event edge, v0x56153332ddd0_1995, v0x56153332ddd0_1996, v0x56153332ddd0_1997, v0x56153332ddd0_1998;
v0x56153332ddd0_1999 .array/port v0x56153332ddd0, 1999;
v0x56153332ddd0_2000 .array/port v0x56153332ddd0, 2000;
v0x56153332ddd0_2001 .array/port v0x56153332ddd0, 2001;
v0x56153332ddd0_2002 .array/port v0x56153332ddd0, 2002;
E_0x5615332774a0/500 .event edge, v0x56153332ddd0_1999, v0x56153332ddd0_2000, v0x56153332ddd0_2001, v0x56153332ddd0_2002;
v0x56153332ddd0_2003 .array/port v0x56153332ddd0, 2003;
v0x56153332ddd0_2004 .array/port v0x56153332ddd0, 2004;
v0x56153332ddd0_2005 .array/port v0x56153332ddd0, 2005;
v0x56153332ddd0_2006 .array/port v0x56153332ddd0, 2006;
E_0x5615332774a0/501 .event edge, v0x56153332ddd0_2003, v0x56153332ddd0_2004, v0x56153332ddd0_2005, v0x56153332ddd0_2006;
v0x56153332ddd0_2007 .array/port v0x56153332ddd0, 2007;
v0x56153332ddd0_2008 .array/port v0x56153332ddd0, 2008;
v0x56153332ddd0_2009 .array/port v0x56153332ddd0, 2009;
v0x56153332ddd0_2010 .array/port v0x56153332ddd0, 2010;
E_0x5615332774a0/502 .event edge, v0x56153332ddd0_2007, v0x56153332ddd0_2008, v0x56153332ddd0_2009, v0x56153332ddd0_2010;
v0x56153332ddd0_2011 .array/port v0x56153332ddd0, 2011;
v0x56153332ddd0_2012 .array/port v0x56153332ddd0, 2012;
v0x56153332ddd0_2013 .array/port v0x56153332ddd0, 2013;
v0x56153332ddd0_2014 .array/port v0x56153332ddd0, 2014;
E_0x5615332774a0/503 .event edge, v0x56153332ddd0_2011, v0x56153332ddd0_2012, v0x56153332ddd0_2013, v0x56153332ddd0_2014;
v0x56153332ddd0_2015 .array/port v0x56153332ddd0, 2015;
v0x56153332ddd0_2016 .array/port v0x56153332ddd0, 2016;
v0x56153332ddd0_2017 .array/port v0x56153332ddd0, 2017;
v0x56153332ddd0_2018 .array/port v0x56153332ddd0, 2018;
E_0x5615332774a0/504 .event edge, v0x56153332ddd0_2015, v0x56153332ddd0_2016, v0x56153332ddd0_2017, v0x56153332ddd0_2018;
v0x56153332ddd0_2019 .array/port v0x56153332ddd0, 2019;
v0x56153332ddd0_2020 .array/port v0x56153332ddd0, 2020;
v0x56153332ddd0_2021 .array/port v0x56153332ddd0, 2021;
v0x56153332ddd0_2022 .array/port v0x56153332ddd0, 2022;
E_0x5615332774a0/505 .event edge, v0x56153332ddd0_2019, v0x56153332ddd0_2020, v0x56153332ddd0_2021, v0x56153332ddd0_2022;
v0x56153332ddd0_2023 .array/port v0x56153332ddd0, 2023;
v0x56153332ddd0_2024 .array/port v0x56153332ddd0, 2024;
v0x56153332ddd0_2025 .array/port v0x56153332ddd0, 2025;
v0x56153332ddd0_2026 .array/port v0x56153332ddd0, 2026;
E_0x5615332774a0/506 .event edge, v0x56153332ddd0_2023, v0x56153332ddd0_2024, v0x56153332ddd0_2025, v0x56153332ddd0_2026;
v0x56153332ddd0_2027 .array/port v0x56153332ddd0, 2027;
v0x56153332ddd0_2028 .array/port v0x56153332ddd0, 2028;
v0x56153332ddd0_2029 .array/port v0x56153332ddd0, 2029;
v0x56153332ddd0_2030 .array/port v0x56153332ddd0, 2030;
E_0x5615332774a0/507 .event edge, v0x56153332ddd0_2027, v0x56153332ddd0_2028, v0x56153332ddd0_2029, v0x56153332ddd0_2030;
v0x56153332ddd0_2031 .array/port v0x56153332ddd0, 2031;
v0x56153332ddd0_2032 .array/port v0x56153332ddd0, 2032;
v0x56153332ddd0_2033 .array/port v0x56153332ddd0, 2033;
v0x56153332ddd0_2034 .array/port v0x56153332ddd0, 2034;
E_0x5615332774a0/508 .event edge, v0x56153332ddd0_2031, v0x56153332ddd0_2032, v0x56153332ddd0_2033, v0x56153332ddd0_2034;
v0x56153332ddd0_2035 .array/port v0x56153332ddd0, 2035;
v0x56153332ddd0_2036 .array/port v0x56153332ddd0, 2036;
v0x56153332ddd0_2037 .array/port v0x56153332ddd0, 2037;
v0x56153332ddd0_2038 .array/port v0x56153332ddd0, 2038;
E_0x5615332774a0/509 .event edge, v0x56153332ddd0_2035, v0x56153332ddd0_2036, v0x56153332ddd0_2037, v0x56153332ddd0_2038;
v0x56153332ddd0_2039 .array/port v0x56153332ddd0, 2039;
v0x56153332ddd0_2040 .array/port v0x56153332ddd0, 2040;
v0x56153332ddd0_2041 .array/port v0x56153332ddd0, 2041;
v0x56153332ddd0_2042 .array/port v0x56153332ddd0, 2042;
E_0x5615332774a0/510 .event edge, v0x56153332ddd0_2039, v0x56153332ddd0_2040, v0x56153332ddd0_2041, v0x56153332ddd0_2042;
v0x56153332ddd0_2043 .array/port v0x56153332ddd0, 2043;
v0x56153332ddd0_2044 .array/port v0x56153332ddd0, 2044;
v0x56153332ddd0_2045 .array/port v0x56153332ddd0, 2045;
v0x56153332ddd0_2046 .array/port v0x56153332ddd0, 2046;
E_0x5615332774a0/511 .event edge, v0x56153332ddd0_2043, v0x56153332ddd0_2044, v0x56153332ddd0_2045, v0x56153332ddd0_2046;
v0x56153332ddd0_2047 .array/port v0x56153332ddd0, 2047;
v0x56153332ddd0_2048 .array/port v0x56153332ddd0, 2048;
v0x56153332ddd0_2049 .array/port v0x56153332ddd0, 2049;
v0x56153332ddd0_2050 .array/port v0x56153332ddd0, 2050;
E_0x5615332774a0/512 .event edge, v0x56153332ddd0_2047, v0x56153332ddd0_2048, v0x56153332ddd0_2049, v0x56153332ddd0_2050;
v0x56153332ddd0_2051 .array/port v0x56153332ddd0, 2051;
v0x56153332ddd0_2052 .array/port v0x56153332ddd0, 2052;
v0x56153332ddd0_2053 .array/port v0x56153332ddd0, 2053;
v0x56153332ddd0_2054 .array/port v0x56153332ddd0, 2054;
E_0x5615332774a0/513 .event edge, v0x56153332ddd0_2051, v0x56153332ddd0_2052, v0x56153332ddd0_2053, v0x56153332ddd0_2054;
v0x56153332ddd0_2055 .array/port v0x56153332ddd0, 2055;
v0x56153332ddd0_2056 .array/port v0x56153332ddd0, 2056;
v0x56153332ddd0_2057 .array/port v0x56153332ddd0, 2057;
v0x56153332ddd0_2058 .array/port v0x56153332ddd0, 2058;
E_0x5615332774a0/514 .event edge, v0x56153332ddd0_2055, v0x56153332ddd0_2056, v0x56153332ddd0_2057, v0x56153332ddd0_2058;
v0x56153332ddd0_2059 .array/port v0x56153332ddd0, 2059;
v0x56153332ddd0_2060 .array/port v0x56153332ddd0, 2060;
v0x56153332ddd0_2061 .array/port v0x56153332ddd0, 2061;
v0x56153332ddd0_2062 .array/port v0x56153332ddd0, 2062;
E_0x5615332774a0/515 .event edge, v0x56153332ddd0_2059, v0x56153332ddd0_2060, v0x56153332ddd0_2061, v0x56153332ddd0_2062;
v0x56153332ddd0_2063 .array/port v0x56153332ddd0, 2063;
v0x56153332ddd0_2064 .array/port v0x56153332ddd0, 2064;
v0x56153332ddd0_2065 .array/port v0x56153332ddd0, 2065;
v0x56153332ddd0_2066 .array/port v0x56153332ddd0, 2066;
E_0x5615332774a0/516 .event edge, v0x56153332ddd0_2063, v0x56153332ddd0_2064, v0x56153332ddd0_2065, v0x56153332ddd0_2066;
v0x56153332ddd0_2067 .array/port v0x56153332ddd0, 2067;
v0x56153332ddd0_2068 .array/port v0x56153332ddd0, 2068;
v0x56153332ddd0_2069 .array/port v0x56153332ddd0, 2069;
v0x56153332ddd0_2070 .array/port v0x56153332ddd0, 2070;
E_0x5615332774a0/517 .event edge, v0x56153332ddd0_2067, v0x56153332ddd0_2068, v0x56153332ddd0_2069, v0x56153332ddd0_2070;
v0x56153332ddd0_2071 .array/port v0x56153332ddd0, 2071;
v0x56153332ddd0_2072 .array/port v0x56153332ddd0, 2072;
v0x56153332ddd0_2073 .array/port v0x56153332ddd0, 2073;
v0x56153332ddd0_2074 .array/port v0x56153332ddd0, 2074;
E_0x5615332774a0/518 .event edge, v0x56153332ddd0_2071, v0x56153332ddd0_2072, v0x56153332ddd0_2073, v0x56153332ddd0_2074;
v0x56153332ddd0_2075 .array/port v0x56153332ddd0, 2075;
v0x56153332ddd0_2076 .array/port v0x56153332ddd0, 2076;
v0x56153332ddd0_2077 .array/port v0x56153332ddd0, 2077;
v0x56153332ddd0_2078 .array/port v0x56153332ddd0, 2078;
E_0x5615332774a0/519 .event edge, v0x56153332ddd0_2075, v0x56153332ddd0_2076, v0x56153332ddd0_2077, v0x56153332ddd0_2078;
v0x56153332ddd0_2079 .array/port v0x56153332ddd0, 2079;
v0x56153332ddd0_2080 .array/port v0x56153332ddd0, 2080;
v0x56153332ddd0_2081 .array/port v0x56153332ddd0, 2081;
v0x56153332ddd0_2082 .array/port v0x56153332ddd0, 2082;
E_0x5615332774a0/520 .event edge, v0x56153332ddd0_2079, v0x56153332ddd0_2080, v0x56153332ddd0_2081, v0x56153332ddd0_2082;
v0x56153332ddd0_2083 .array/port v0x56153332ddd0, 2083;
v0x56153332ddd0_2084 .array/port v0x56153332ddd0, 2084;
v0x56153332ddd0_2085 .array/port v0x56153332ddd0, 2085;
v0x56153332ddd0_2086 .array/port v0x56153332ddd0, 2086;
E_0x5615332774a0/521 .event edge, v0x56153332ddd0_2083, v0x56153332ddd0_2084, v0x56153332ddd0_2085, v0x56153332ddd0_2086;
v0x56153332ddd0_2087 .array/port v0x56153332ddd0, 2087;
v0x56153332ddd0_2088 .array/port v0x56153332ddd0, 2088;
v0x56153332ddd0_2089 .array/port v0x56153332ddd0, 2089;
v0x56153332ddd0_2090 .array/port v0x56153332ddd0, 2090;
E_0x5615332774a0/522 .event edge, v0x56153332ddd0_2087, v0x56153332ddd0_2088, v0x56153332ddd0_2089, v0x56153332ddd0_2090;
v0x56153332ddd0_2091 .array/port v0x56153332ddd0, 2091;
v0x56153332ddd0_2092 .array/port v0x56153332ddd0, 2092;
v0x56153332ddd0_2093 .array/port v0x56153332ddd0, 2093;
v0x56153332ddd0_2094 .array/port v0x56153332ddd0, 2094;
E_0x5615332774a0/523 .event edge, v0x56153332ddd0_2091, v0x56153332ddd0_2092, v0x56153332ddd0_2093, v0x56153332ddd0_2094;
v0x56153332ddd0_2095 .array/port v0x56153332ddd0, 2095;
v0x56153332ddd0_2096 .array/port v0x56153332ddd0, 2096;
v0x56153332ddd0_2097 .array/port v0x56153332ddd0, 2097;
v0x56153332ddd0_2098 .array/port v0x56153332ddd0, 2098;
E_0x5615332774a0/524 .event edge, v0x56153332ddd0_2095, v0x56153332ddd0_2096, v0x56153332ddd0_2097, v0x56153332ddd0_2098;
v0x56153332ddd0_2099 .array/port v0x56153332ddd0, 2099;
v0x56153332ddd0_2100 .array/port v0x56153332ddd0, 2100;
v0x56153332ddd0_2101 .array/port v0x56153332ddd0, 2101;
v0x56153332ddd0_2102 .array/port v0x56153332ddd0, 2102;
E_0x5615332774a0/525 .event edge, v0x56153332ddd0_2099, v0x56153332ddd0_2100, v0x56153332ddd0_2101, v0x56153332ddd0_2102;
v0x56153332ddd0_2103 .array/port v0x56153332ddd0, 2103;
v0x56153332ddd0_2104 .array/port v0x56153332ddd0, 2104;
v0x56153332ddd0_2105 .array/port v0x56153332ddd0, 2105;
v0x56153332ddd0_2106 .array/port v0x56153332ddd0, 2106;
E_0x5615332774a0/526 .event edge, v0x56153332ddd0_2103, v0x56153332ddd0_2104, v0x56153332ddd0_2105, v0x56153332ddd0_2106;
v0x56153332ddd0_2107 .array/port v0x56153332ddd0, 2107;
v0x56153332ddd0_2108 .array/port v0x56153332ddd0, 2108;
v0x56153332ddd0_2109 .array/port v0x56153332ddd0, 2109;
v0x56153332ddd0_2110 .array/port v0x56153332ddd0, 2110;
E_0x5615332774a0/527 .event edge, v0x56153332ddd0_2107, v0x56153332ddd0_2108, v0x56153332ddd0_2109, v0x56153332ddd0_2110;
v0x56153332ddd0_2111 .array/port v0x56153332ddd0, 2111;
v0x56153332ddd0_2112 .array/port v0x56153332ddd0, 2112;
v0x56153332ddd0_2113 .array/port v0x56153332ddd0, 2113;
v0x56153332ddd0_2114 .array/port v0x56153332ddd0, 2114;
E_0x5615332774a0/528 .event edge, v0x56153332ddd0_2111, v0x56153332ddd0_2112, v0x56153332ddd0_2113, v0x56153332ddd0_2114;
v0x56153332ddd0_2115 .array/port v0x56153332ddd0, 2115;
v0x56153332ddd0_2116 .array/port v0x56153332ddd0, 2116;
v0x56153332ddd0_2117 .array/port v0x56153332ddd0, 2117;
v0x56153332ddd0_2118 .array/port v0x56153332ddd0, 2118;
E_0x5615332774a0/529 .event edge, v0x56153332ddd0_2115, v0x56153332ddd0_2116, v0x56153332ddd0_2117, v0x56153332ddd0_2118;
v0x56153332ddd0_2119 .array/port v0x56153332ddd0, 2119;
v0x56153332ddd0_2120 .array/port v0x56153332ddd0, 2120;
v0x56153332ddd0_2121 .array/port v0x56153332ddd0, 2121;
v0x56153332ddd0_2122 .array/port v0x56153332ddd0, 2122;
E_0x5615332774a0/530 .event edge, v0x56153332ddd0_2119, v0x56153332ddd0_2120, v0x56153332ddd0_2121, v0x56153332ddd0_2122;
v0x56153332ddd0_2123 .array/port v0x56153332ddd0, 2123;
v0x56153332ddd0_2124 .array/port v0x56153332ddd0, 2124;
v0x56153332ddd0_2125 .array/port v0x56153332ddd0, 2125;
v0x56153332ddd0_2126 .array/port v0x56153332ddd0, 2126;
E_0x5615332774a0/531 .event edge, v0x56153332ddd0_2123, v0x56153332ddd0_2124, v0x56153332ddd0_2125, v0x56153332ddd0_2126;
v0x56153332ddd0_2127 .array/port v0x56153332ddd0, 2127;
v0x56153332ddd0_2128 .array/port v0x56153332ddd0, 2128;
v0x56153332ddd0_2129 .array/port v0x56153332ddd0, 2129;
v0x56153332ddd0_2130 .array/port v0x56153332ddd0, 2130;
E_0x5615332774a0/532 .event edge, v0x56153332ddd0_2127, v0x56153332ddd0_2128, v0x56153332ddd0_2129, v0x56153332ddd0_2130;
v0x56153332ddd0_2131 .array/port v0x56153332ddd0, 2131;
v0x56153332ddd0_2132 .array/port v0x56153332ddd0, 2132;
v0x56153332ddd0_2133 .array/port v0x56153332ddd0, 2133;
v0x56153332ddd0_2134 .array/port v0x56153332ddd0, 2134;
E_0x5615332774a0/533 .event edge, v0x56153332ddd0_2131, v0x56153332ddd0_2132, v0x56153332ddd0_2133, v0x56153332ddd0_2134;
v0x56153332ddd0_2135 .array/port v0x56153332ddd0, 2135;
v0x56153332ddd0_2136 .array/port v0x56153332ddd0, 2136;
v0x56153332ddd0_2137 .array/port v0x56153332ddd0, 2137;
v0x56153332ddd0_2138 .array/port v0x56153332ddd0, 2138;
E_0x5615332774a0/534 .event edge, v0x56153332ddd0_2135, v0x56153332ddd0_2136, v0x56153332ddd0_2137, v0x56153332ddd0_2138;
v0x56153332ddd0_2139 .array/port v0x56153332ddd0, 2139;
v0x56153332ddd0_2140 .array/port v0x56153332ddd0, 2140;
v0x56153332ddd0_2141 .array/port v0x56153332ddd0, 2141;
v0x56153332ddd0_2142 .array/port v0x56153332ddd0, 2142;
E_0x5615332774a0/535 .event edge, v0x56153332ddd0_2139, v0x56153332ddd0_2140, v0x56153332ddd0_2141, v0x56153332ddd0_2142;
v0x56153332ddd0_2143 .array/port v0x56153332ddd0, 2143;
v0x56153332ddd0_2144 .array/port v0x56153332ddd0, 2144;
v0x56153332ddd0_2145 .array/port v0x56153332ddd0, 2145;
v0x56153332ddd0_2146 .array/port v0x56153332ddd0, 2146;
E_0x5615332774a0/536 .event edge, v0x56153332ddd0_2143, v0x56153332ddd0_2144, v0x56153332ddd0_2145, v0x56153332ddd0_2146;
v0x56153332ddd0_2147 .array/port v0x56153332ddd0, 2147;
v0x56153332ddd0_2148 .array/port v0x56153332ddd0, 2148;
v0x56153332ddd0_2149 .array/port v0x56153332ddd0, 2149;
v0x56153332ddd0_2150 .array/port v0x56153332ddd0, 2150;
E_0x5615332774a0/537 .event edge, v0x56153332ddd0_2147, v0x56153332ddd0_2148, v0x56153332ddd0_2149, v0x56153332ddd0_2150;
v0x56153332ddd0_2151 .array/port v0x56153332ddd0, 2151;
v0x56153332ddd0_2152 .array/port v0x56153332ddd0, 2152;
v0x56153332ddd0_2153 .array/port v0x56153332ddd0, 2153;
v0x56153332ddd0_2154 .array/port v0x56153332ddd0, 2154;
E_0x5615332774a0/538 .event edge, v0x56153332ddd0_2151, v0x56153332ddd0_2152, v0x56153332ddd0_2153, v0x56153332ddd0_2154;
v0x56153332ddd0_2155 .array/port v0x56153332ddd0, 2155;
v0x56153332ddd0_2156 .array/port v0x56153332ddd0, 2156;
v0x56153332ddd0_2157 .array/port v0x56153332ddd0, 2157;
v0x56153332ddd0_2158 .array/port v0x56153332ddd0, 2158;
E_0x5615332774a0/539 .event edge, v0x56153332ddd0_2155, v0x56153332ddd0_2156, v0x56153332ddd0_2157, v0x56153332ddd0_2158;
v0x56153332ddd0_2159 .array/port v0x56153332ddd0, 2159;
v0x56153332ddd0_2160 .array/port v0x56153332ddd0, 2160;
v0x56153332ddd0_2161 .array/port v0x56153332ddd0, 2161;
v0x56153332ddd0_2162 .array/port v0x56153332ddd0, 2162;
E_0x5615332774a0/540 .event edge, v0x56153332ddd0_2159, v0x56153332ddd0_2160, v0x56153332ddd0_2161, v0x56153332ddd0_2162;
v0x56153332ddd0_2163 .array/port v0x56153332ddd0, 2163;
v0x56153332ddd0_2164 .array/port v0x56153332ddd0, 2164;
v0x56153332ddd0_2165 .array/port v0x56153332ddd0, 2165;
v0x56153332ddd0_2166 .array/port v0x56153332ddd0, 2166;
E_0x5615332774a0/541 .event edge, v0x56153332ddd0_2163, v0x56153332ddd0_2164, v0x56153332ddd0_2165, v0x56153332ddd0_2166;
v0x56153332ddd0_2167 .array/port v0x56153332ddd0, 2167;
v0x56153332ddd0_2168 .array/port v0x56153332ddd0, 2168;
v0x56153332ddd0_2169 .array/port v0x56153332ddd0, 2169;
v0x56153332ddd0_2170 .array/port v0x56153332ddd0, 2170;
E_0x5615332774a0/542 .event edge, v0x56153332ddd0_2167, v0x56153332ddd0_2168, v0x56153332ddd0_2169, v0x56153332ddd0_2170;
v0x56153332ddd0_2171 .array/port v0x56153332ddd0, 2171;
v0x56153332ddd0_2172 .array/port v0x56153332ddd0, 2172;
v0x56153332ddd0_2173 .array/port v0x56153332ddd0, 2173;
v0x56153332ddd0_2174 .array/port v0x56153332ddd0, 2174;
E_0x5615332774a0/543 .event edge, v0x56153332ddd0_2171, v0x56153332ddd0_2172, v0x56153332ddd0_2173, v0x56153332ddd0_2174;
v0x56153332ddd0_2175 .array/port v0x56153332ddd0, 2175;
v0x56153332ddd0_2176 .array/port v0x56153332ddd0, 2176;
v0x56153332ddd0_2177 .array/port v0x56153332ddd0, 2177;
v0x56153332ddd0_2178 .array/port v0x56153332ddd0, 2178;
E_0x5615332774a0/544 .event edge, v0x56153332ddd0_2175, v0x56153332ddd0_2176, v0x56153332ddd0_2177, v0x56153332ddd0_2178;
v0x56153332ddd0_2179 .array/port v0x56153332ddd0, 2179;
v0x56153332ddd0_2180 .array/port v0x56153332ddd0, 2180;
v0x56153332ddd0_2181 .array/port v0x56153332ddd0, 2181;
v0x56153332ddd0_2182 .array/port v0x56153332ddd0, 2182;
E_0x5615332774a0/545 .event edge, v0x56153332ddd0_2179, v0x56153332ddd0_2180, v0x56153332ddd0_2181, v0x56153332ddd0_2182;
v0x56153332ddd0_2183 .array/port v0x56153332ddd0, 2183;
v0x56153332ddd0_2184 .array/port v0x56153332ddd0, 2184;
v0x56153332ddd0_2185 .array/port v0x56153332ddd0, 2185;
v0x56153332ddd0_2186 .array/port v0x56153332ddd0, 2186;
E_0x5615332774a0/546 .event edge, v0x56153332ddd0_2183, v0x56153332ddd0_2184, v0x56153332ddd0_2185, v0x56153332ddd0_2186;
v0x56153332ddd0_2187 .array/port v0x56153332ddd0, 2187;
v0x56153332ddd0_2188 .array/port v0x56153332ddd0, 2188;
v0x56153332ddd0_2189 .array/port v0x56153332ddd0, 2189;
v0x56153332ddd0_2190 .array/port v0x56153332ddd0, 2190;
E_0x5615332774a0/547 .event edge, v0x56153332ddd0_2187, v0x56153332ddd0_2188, v0x56153332ddd0_2189, v0x56153332ddd0_2190;
v0x56153332ddd0_2191 .array/port v0x56153332ddd0, 2191;
v0x56153332ddd0_2192 .array/port v0x56153332ddd0, 2192;
v0x56153332ddd0_2193 .array/port v0x56153332ddd0, 2193;
v0x56153332ddd0_2194 .array/port v0x56153332ddd0, 2194;
E_0x5615332774a0/548 .event edge, v0x56153332ddd0_2191, v0x56153332ddd0_2192, v0x56153332ddd0_2193, v0x56153332ddd0_2194;
v0x56153332ddd0_2195 .array/port v0x56153332ddd0, 2195;
v0x56153332ddd0_2196 .array/port v0x56153332ddd0, 2196;
v0x56153332ddd0_2197 .array/port v0x56153332ddd0, 2197;
v0x56153332ddd0_2198 .array/port v0x56153332ddd0, 2198;
E_0x5615332774a0/549 .event edge, v0x56153332ddd0_2195, v0x56153332ddd0_2196, v0x56153332ddd0_2197, v0x56153332ddd0_2198;
v0x56153332ddd0_2199 .array/port v0x56153332ddd0, 2199;
v0x56153332ddd0_2200 .array/port v0x56153332ddd0, 2200;
v0x56153332ddd0_2201 .array/port v0x56153332ddd0, 2201;
v0x56153332ddd0_2202 .array/port v0x56153332ddd0, 2202;
E_0x5615332774a0/550 .event edge, v0x56153332ddd0_2199, v0x56153332ddd0_2200, v0x56153332ddd0_2201, v0x56153332ddd0_2202;
v0x56153332ddd0_2203 .array/port v0x56153332ddd0, 2203;
v0x56153332ddd0_2204 .array/port v0x56153332ddd0, 2204;
v0x56153332ddd0_2205 .array/port v0x56153332ddd0, 2205;
v0x56153332ddd0_2206 .array/port v0x56153332ddd0, 2206;
E_0x5615332774a0/551 .event edge, v0x56153332ddd0_2203, v0x56153332ddd0_2204, v0x56153332ddd0_2205, v0x56153332ddd0_2206;
v0x56153332ddd0_2207 .array/port v0x56153332ddd0, 2207;
v0x56153332ddd0_2208 .array/port v0x56153332ddd0, 2208;
v0x56153332ddd0_2209 .array/port v0x56153332ddd0, 2209;
v0x56153332ddd0_2210 .array/port v0x56153332ddd0, 2210;
E_0x5615332774a0/552 .event edge, v0x56153332ddd0_2207, v0x56153332ddd0_2208, v0x56153332ddd0_2209, v0x56153332ddd0_2210;
v0x56153332ddd0_2211 .array/port v0x56153332ddd0, 2211;
v0x56153332ddd0_2212 .array/port v0x56153332ddd0, 2212;
v0x56153332ddd0_2213 .array/port v0x56153332ddd0, 2213;
v0x56153332ddd0_2214 .array/port v0x56153332ddd0, 2214;
E_0x5615332774a0/553 .event edge, v0x56153332ddd0_2211, v0x56153332ddd0_2212, v0x56153332ddd0_2213, v0x56153332ddd0_2214;
v0x56153332ddd0_2215 .array/port v0x56153332ddd0, 2215;
v0x56153332ddd0_2216 .array/port v0x56153332ddd0, 2216;
v0x56153332ddd0_2217 .array/port v0x56153332ddd0, 2217;
v0x56153332ddd0_2218 .array/port v0x56153332ddd0, 2218;
E_0x5615332774a0/554 .event edge, v0x56153332ddd0_2215, v0x56153332ddd0_2216, v0x56153332ddd0_2217, v0x56153332ddd0_2218;
v0x56153332ddd0_2219 .array/port v0x56153332ddd0, 2219;
v0x56153332ddd0_2220 .array/port v0x56153332ddd0, 2220;
v0x56153332ddd0_2221 .array/port v0x56153332ddd0, 2221;
v0x56153332ddd0_2222 .array/port v0x56153332ddd0, 2222;
E_0x5615332774a0/555 .event edge, v0x56153332ddd0_2219, v0x56153332ddd0_2220, v0x56153332ddd0_2221, v0x56153332ddd0_2222;
v0x56153332ddd0_2223 .array/port v0x56153332ddd0, 2223;
v0x56153332ddd0_2224 .array/port v0x56153332ddd0, 2224;
v0x56153332ddd0_2225 .array/port v0x56153332ddd0, 2225;
v0x56153332ddd0_2226 .array/port v0x56153332ddd0, 2226;
E_0x5615332774a0/556 .event edge, v0x56153332ddd0_2223, v0x56153332ddd0_2224, v0x56153332ddd0_2225, v0x56153332ddd0_2226;
v0x56153332ddd0_2227 .array/port v0x56153332ddd0, 2227;
v0x56153332ddd0_2228 .array/port v0x56153332ddd0, 2228;
v0x56153332ddd0_2229 .array/port v0x56153332ddd0, 2229;
v0x56153332ddd0_2230 .array/port v0x56153332ddd0, 2230;
E_0x5615332774a0/557 .event edge, v0x56153332ddd0_2227, v0x56153332ddd0_2228, v0x56153332ddd0_2229, v0x56153332ddd0_2230;
v0x56153332ddd0_2231 .array/port v0x56153332ddd0, 2231;
v0x56153332ddd0_2232 .array/port v0x56153332ddd0, 2232;
v0x56153332ddd0_2233 .array/port v0x56153332ddd0, 2233;
v0x56153332ddd0_2234 .array/port v0x56153332ddd0, 2234;
E_0x5615332774a0/558 .event edge, v0x56153332ddd0_2231, v0x56153332ddd0_2232, v0x56153332ddd0_2233, v0x56153332ddd0_2234;
v0x56153332ddd0_2235 .array/port v0x56153332ddd0, 2235;
v0x56153332ddd0_2236 .array/port v0x56153332ddd0, 2236;
v0x56153332ddd0_2237 .array/port v0x56153332ddd0, 2237;
v0x56153332ddd0_2238 .array/port v0x56153332ddd0, 2238;
E_0x5615332774a0/559 .event edge, v0x56153332ddd0_2235, v0x56153332ddd0_2236, v0x56153332ddd0_2237, v0x56153332ddd0_2238;
v0x56153332ddd0_2239 .array/port v0x56153332ddd0, 2239;
v0x56153332ddd0_2240 .array/port v0x56153332ddd0, 2240;
v0x56153332ddd0_2241 .array/port v0x56153332ddd0, 2241;
v0x56153332ddd0_2242 .array/port v0x56153332ddd0, 2242;
E_0x5615332774a0/560 .event edge, v0x56153332ddd0_2239, v0x56153332ddd0_2240, v0x56153332ddd0_2241, v0x56153332ddd0_2242;
v0x56153332ddd0_2243 .array/port v0x56153332ddd0, 2243;
v0x56153332ddd0_2244 .array/port v0x56153332ddd0, 2244;
v0x56153332ddd0_2245 .array/port v0x56153332ddd0, 2245;
v0x56153332ddd0_2246 .array/port v0x56153332ddd0, 2246;
E_0x5615332774a0/561 .event edge, v0x56153332ddd0_2243, v0x56153332ddd0_2244, v0x56153332ddd0_2245, v0x56153332ddd0_2246;
v0x56153332ddd0_2247 .array/port v0x56153332ddd0, 2247;
v0x56153332ddd0_2248 .array/port v0x56153332ddd0, 2248;
v0x56153332ddd0_2249 .array/port v0x56153332ddd0, 2249;
v0x56153332ddd0_2250 .array/port v0x56153332ddd0, 2250;
E_0x5615332774a0/562 .event edge, v0x56153332ddd0_2247, v0x56153332ddd0_2248, v0x56153332ddd0_2249, v0x56153332ddd0_2250;
v0x56153332ddd0_2251 .array/port v0x56153332ddd0, 2251;
v0x56153332ddd0_2252 .array/port v0x56153332ddd0, 2252;
v0x56153332ddd0_2253 .array/port v0x56153332ddd0, 2253;
v0x56153332ddd0_2254 .array/port v0x56153332ddd0, 2254;
E_0x5615332774a0/563 .event edge, v0x56153332ddd0_2251, v0x56153332ddd0_2252, v0x56153332ddd0_2253, v0x56153332ddd0_2254;
v0x56153332ddd0_2255 .array/port v0x56153332ddd0, 2255;
v0x56153332ddd0_2256 .array/port v0x56153332ddd0, 2256;
v0x56153332ddd0_2257 .array/port v0x56153332ddd0, 2257;
v0x56153332ddd0_2258 .array/port v0x56153332ddd0, 2258;
E_0x5615332774a0/564 .event edge, v0x56153332ddd0_2255, v0x56153332ddd0_2256, v0x56153332ddd0_2257, v0x56153332ddd0_2258;
v0x56153332ddd0_2259 .array/port v0x56153332ddd0, 2259;
v0x56153332ddd0_2260 .array/port v0x56153332ddd0, 2260;
v0x56153332ddd0_2261 .array/port v0x56153332ddd0, 2261;
v0x56153332ddd0_2262 .array/port v0x56153332ddd0, 2262;
E_0x5615332774a0/565 .event edge, v0x56153332ddd0_2259, v0x56153332ddd0_2260, v0x56153332ddd0_2261, v0x56153332ddd0_2262;
v0x56153332ddd0_2263 .array/port v0x56153332ddd0, 2263;
v0x56153332ddd0_2264 .array/port v0x56153332ddd0, 2264;
v0x56153332ddd0_2265 .array/port v0x56153332ddd0, 2265;
v0x56153332ddd0_2266 .array/port v0x56153332ddd0, 2266;
E_0x5615332774a0/566 .event edge, v0x56153332ddd0_2263, v0x56153332ddd0_2264, v0x56153332ddd0_2265, v0x56153332ddd0_2266;
v0x56153332ddd0_2267 .array/port v0x56153332ddd0, 2267;
v0x56153332ddd0_2268 .array/port v0x56153332ddd0, 2268;
v0x56153332ddd0_2269 .array/port v0x56153332ddd0, 2269;
v0x56153332ddd0_2270 .array/port v0x56153332ddd0, 2270;
E_0x5615332774a0/567 .event edge, v0x56153332ddd0_2267, v0x56153332ddd0_2268, v0x56153332ddd0_2269, v0x56153332ddd0_2270;
v0x56153332ddd0_2271 .array/port v0x56153332ddd0, 2271;
v0x56153332ddd0_2272 .array/port v0x56153332ddd0, 2272;
v0x56153332ddd0_2273 .array/port v0x56153332ddd0, 2273;
v0x56153332ddd0_2274 .array/port v0x56153332ddd0, 2274;
E_0x5615332774a0/568 .event edge, v0x56153332ddd0_2271, v0x56153332ddd0_2272, v0x56153332ddd0_2273, v0x56153332ddd0_2274;
v0x56153332ddd0_2275 .array/port v0x56153332ddd0, 2275;
v0x56153332ddd0_2276 .array/port v0x56153332ddd0, 2276;
v0x56153332ddd0_2277 .array/port v0x56153332ddd0, 2277;
v0x56153332ddd0_2278 .array/port v0x56153332ddd0, 2278;
E_0x5615332774a0/569 .event edge, v0x56153332ddd0_2275, v0x56153332ddd0_2276, v0x56153332ddd0_2277, v0x56153332ddd0_2278;
v0x56153332ddd0_2279 .array/port v0x56153332ddd0, 2279;
v0x56153332ddd0_2280 .array/port v0x56153332ddd0, 2280;
v0x56153332ddd0_2281 .array/port v0x56153332ddd0, 2281;
v0x56153332ddd0_2282 .array/port v0x56153332ddd0, 2282;
E_0x5615332774a0/570 .event edge, v0x56153332ddd0_2279, v0x56153332ddd0_2280, v0x56153332ddd0_2281, v0x56153332ddd0_2282;
v0x56153332ddd0_2283 .array/port v0x56153332ddd0, 2283;
v0x56153332ddd0_2284 .array/port v0x56153332ddd0, 2284;
v0x56153332ddd0_2285 .array/port v0x56153332ddd0, 2285;
v0x56153332ddd0_2286 .array/port v0x56153332ddd0, 2286;
E_0x5615332774a0/571 .event edge, v0x56153332ddd0_2283, v0x56153332ddd0_2284, v0x56153332ddd0_2285, v0x56153332ddd0_2286;
v0x56153332ddd0_2287 .array/port v0x56153332ddd0, 2287;
v0x56153332ddd0_2288 .array/port v0x56153332ddd0, 2288;
v0x56153332ddd0_2289 .array/port v0x56153332ddd0, 2289;
v0x56153332ddd0_2290 .array/port v0x56153332ddd0, 2290;
E_0x5615332774a0/572 .event edge, v0x56153332ddd0_2287, v0x56153332ddd0_2288, v0x56153332ddd0_2289, v0x56153332ddd0_2290;
v0x56153332ddd0_2291 .array/port v0x56153332ddd0, 2291;
v0x56153332ddd0_2292 .array/port v0x56153332ddd0, 2292;
v0x56153332ddd0_2293 .array/port v0x56153332ddd0, 2293;
v0x56153332ddd0_2294 .array/port v0x56153332ddd0, 2294;
E_0x5615332774a0/573 .event edge, v0x56153332ddd0_2291, v0x56153332ddd0_2292, v0x56153332ddd0_2293, v0x56153332ddd0_2294;
v0x56153332ddd0_2295 .array/port v0x56153332ddd0, 2295;
v0x56153332ddd0_2296 .array/port v0x56153332ddd0, 2296;
v0x56153332ddd0_2297 .array/port v0x56153332ddd0, 2297;
v0x56153332ddd0_2298 .array/port v0x56153332ddd0, 2298;
E_0x5615332774a0/574 .event edge, v0x56153332ddd0_2295, v0x56153332ddd0_2296, v0x56153332ddd0_2297, v0x56153332ddd0_2298;
v0x56153332ddd0_2299 .array/port v0x56153332ddd0, 2299;
v0x56153332ddd0_2300 .array/port v0x56153332ddd0, 2300;
v0x56153332ddd0_2301 .array/port v0x56153332ddd0, 2301;
v0x56153332ddd0_2302 .array/port v0x56153332ddd0, 2302;
E_0x5615332774a0/575 .event edge, v0x56153332ddd0_2299, v0x56153332ddd0_2300, v0x56153332ddd0_2301, v0x56153332ddd0_2302;
v0x56153332ddd0_2303 .array/port v0x56153332ddd0, 2303;
v0x56153332ddd0_2304 .array/port v0x56153332ddd0, 2304;
v0x56153332ddd0_2305 .array/port v0x56153332ddd0, 2305;
v0x56153332ddd0_2306 .array/port v0x56153332ddd0, 2306;
E_0x5615332774a0/576 .event edge, v0x56153332ddd0_2303, v0x56153332ddd0_2304, v0x56153332ddd0_2305, v0x56153332ddd0_2306;
v0x56153332ddd0_2307 .array/port v0x56153332ddd0, 2307;
v0x56153332ddd0_2308 .array/port v0x56153332ddd0, 2308;
v0x56153332ddd0_2309 .array/port v0x56153332ddd0, 2309;
v0x56153332ddd0_2310 .array/port v0x56153332ddd0, 2310;
E_0x5615332774a0/577 .event edge, v0x56153332ddd0_2307, v0x56153332ddd0_2308, v0x56153332ddd0_2309, v0x56153332ddd0_2310;
v0x56153332ddd0_2311 .array/port v0x56153332ddd0, 2311;
v0x56153332ddd0_2312 .array/port v0x56153332ddd0, 2312;
v0x56153332ddd0_2313 .array/port v0x56153332ddd0, 2313;
v0x56153332ddd0_2314 .array/port v0x56153332ddd0, 2314;
E_0x5615332774a0/578 .event edge, v0x56153332ddd0_2311, v0x56153332ddd0_2312, v0x56153332ddd0_2313, v0x56153332ddd0_2314;
v0x56153332ddd0_2315 .array/port v0x56153332ddd0, 2315;
v0x56153332ddd0_2316 .array/port v0x56153332ddd0, 2316;
v0x56153332ddd0_2317 .array/port v0x56153332ddd0, 2317;
v0x56153332ddd0_2318 .array/port v0x56153332ddd0, 2318;
E_0x5615332774a0/579 .event edge, v0x56153332ddd0_2315, v0x56153332ddd0_2316, v0x56153332ddd0_2317, v0x56153332ddd0_2318;
v0x56153332ddd0_2319 .array/port v0x56153332ddd0, 2319;
v0x56153332ddd0_2320 .array/port v0x56153332ddd0, 2320;
v0x56153332ddd0_2321 .array/port v0x56153332ddd0, 2321;
v0x56153332ddd0_2322 .array/port v0x56153332ddd0, 2322;
E_0x5615332774a0/580 .event edge, v0x56153332ddd0_2319, v0x56153332ddd0_2320, v0x56153332ddd0_2321, v0x56153332ddd0_2322;
v0x56153332ddd0_2323 .array/port v0x56153332ddd0, 2323;
v0x56153332ddd0_2324 .array/port v0x56153332ddd0, 2324;
v0x56153332ddd0_2325 .array/port v0x56153332ddd0, 2325;
v0x56153332ddd0_2326 .array/port v0x56153332ddd0, 2326;
E_0x5615332774a0/581 .event edge, v0x56153332ddd0_2323, v0x56153332ddd0_2324, v0x56153332ddd0_2325, v0x56153332ddd0_2326;
v0x56153332ddd0_2327 .array/port v0x56153332ddd0, 2327;
v0x56153332ddd0_2328 .array/port v0x56153332ddd0, 2328;
v0x56153332ddd0_2329 .array/port v0x56153332ddd0, 2329;
v0x56153332ddd0_2330 .array/port v0x56153332ddd0, 2330;
E_0x5615332774a0/582 .event edge, v0x56153332ddd0_2327, v0x56153332ddd0_2328, v0x56153332ddd0_2329, v0x56153332ddd0_2330;
v0x56153332ddd0_2331 .array/port v0x56153332ddd0, 2331;
v0x56153332ddd0_2332 .array/port v0x56153332ddd0, 2332;
v0x56153332ddd0_2333 .array/port v0x56153332ddd0, 2333;
v0x56153332ddd0_2334 .array/port v0x56153332ddd0, 2334;
E_0x5615332774a0/583 .event edge, v0x56153332ddd0_2331, v0x56153332ddd0_2332, v0x56153332ddd0_2333, v0x56153332ddd0_2334;
v0x56153332ddd0_2335 .array/port v0x56153332ddd0, 2335;
v0x56153332ddd0_2336 .array/port v0x56153332ddd0, 2336;
v0x56153332ddd0_2337 .array/port v0x56153332ddd0, 2337;
v0x56153332ddd0_2338 .array/port v0x56153332ddd0, 2338;
E_0x5615332774a0/584 .event edge, v0x56153332ddd0_2335, v0x56153332ddd0_2336, v0x56153332ddd0_2337, v0x56153332ddd0_2338;
v0x56153332ddd0_2339 .array/port v0x56153332ddd0, 2339;
v0x56153332ddd0_2340 .array/port v0x56153332ddd0, 2340;
v0x56153332ddd0_2341 .array/port v0x56153332ddd0, 2341;
v0x56153332ddd0_2342 .array/port v0x56153332ddd0, 2342;
E_0x5615332774a0/585 .event edge, v0x56153332ddd0_2339, v0x56153332ddd0_2340, v0x56153332ddd0_2341, v0x56153332ddd0_2342;
v0x56153332ddd0_2343 .array/port v0x56153332ddd0, 2343;
v0x56153332ddd0_2344 .array/port v0x56153332ddd0, 2344;
v0x56153332ddd0_2345 .array/port v0x56153332ddd0, 2345;
v0x56153332ddd0_2346 .array/port v0x56153332ddd0, 2346;
E_0x5615332774a0/586 .event edge, v0x56153332ddd0_2343, v0x56153332ddd0_2344, v0x56153332ddd0_2345, v0x56153332ddd0_2346;
v0x56153332ddd0_2347 .array/port v0x56153332ddd0, 2347;
v0x56153332ddd0_2348 .array/port v0x56153332ddd0, 2348;
v0x56153332ddd0_2349 .array/port v0x56153332ddd0, 2349;
v0x56153332ddd0_2350 .array/port v0x56153332ddd0, 2350;
E_0x5615332774a0/587 .event edge, v0x56153332ddd0_2347, v0x56153332ddd0_2348, v0x56153332ddd0_2349, v0x56153332ddd0_2350;
v0x56153332ddd0_2351 .array/port v0x56153332ddd0, 2351;
v0x56153332ddd0_2352 .array/port v0x56153332ddd0, 2352;
v0x56153332ddd0_2353 .array/port v0x56153332ddd0, 2353;
v0x56153332ddd0_2354 .array/port v0x56153332ddd0, 2354;
E_0x5615332774a0/588 .event edge, v0x56153332ddd0_2351, v0x56153332ddd0_2352, v0x56153332ddd0_2353, v0x56153332ddd0_2354;
v0x56153332ddd0_2355 .array/port v0x56153332ddd0, 2355;
v0x56153332ddd0_2356 .array/port v0x56153332ddd0, 2356;
v0x56153332ddd0_2357 .array/port v0x56153332ddd0, 2357;
v0x56153332ddd0_2358 .array/port v0x56153332ddd0, 2358;
E_0x5615332774a0/589 .event edge, v0x56153332ddd0_2355, v0x56153332ddd0_2356, v0x56153332ddd0_2357, v0x56153332ddd0_2358;
v0x56153332ddd0_2359 .array/port v0x56153332ddd0, 2359;
v0x56153332ddd0_2360 .array/port v0x56153332ddd0, 2360;
v0x56153332ddd0_2361 .array/port v0x56153332ddd0, 2361;
v0x56153332ddd0_2362 .array/port v0x56153332ddd0, 2362;
E_0x5615332774a0/590 .event edge, v0x56153332ddd0_2359, v0x56153332ddd0_2360, v0x56153332ddd0_2361, v0x56153332ddd0_2362;
v0x56153332ddd0_2363 .array/port v0x56153332ddd0, 2363;
v0x56153332ddd0_2364 .array/port v0x56153332ddd0, 2364;
v0x56153332ddd0_2365 .array/port v0x56153332ddd0, 2365;
v0x56153332ddd0_2366 .array/port v0x56153332ddd0, 2366;
E_0x5615332774a0/591 .event edge, v0x56153332ddd0_2363, v0x56153332ddd0_2364, v0x56153332ddd0_2365, v0x56153332ddd0_2366;
v0x56153332ddd0_2367 .array/port v0x56153332ddd0, 2367;
v0x56153332ddd0_2368 .array/port v0x56153332ddd0, 2368;
v0x56153332ddd0_2369 .array/port v0x56153332ddd0, 2369;
v0x56153332ddd0_2370 .array/port v0x56153332ddd0, 2370;
E_0x5615332774a0/592 .event edge, v0x56153332ddd0_2367, v0x56153332ddd0_2368, v0x56153332ddd0_2369, v0x56153332ddd0_2370;
v0x56153332ddd0_2371 .array/port v0x56153332ddd0, 2371;
v0x56153332ddd0_2372 .array/port v0x56153332ddd0, 2372;
v0x56153332ddd0_2373 .array/port v0x56153332ddd0, 2373;
v0x56153332ddd0_2374 .array/port v0x56153332ddd0, 2374;
E_0x5615332774a0/593 .event edge, v0x56153332ddd0_2371, v0x56153332ddd0_2372, v0x56153332ddd0_2373, v0x56153332ddd0_2374;
v0x56153332ddd0_2375 .array/port v0x56153332ddd0, 2375;
v0x56153332ddd0_2376 .array/port v0x56153332ddd0, 2376;
v0x56153332ddd0_2377 .array/port v0x56153332ddd0, 2377;
v0x56153332ddd0_2378 .array/port v0x56153332ddd0, 2378;
E_0x5615332774a0/594 .event edge, v0x56153332ddd0_2375, v0x56153332ddd0_2376, v0x56153332ddd0_2377, v0x56153332ddd0_2378;
v0x56153332ddd0_2379 .array/port v0x56153332ddd0, 2379;
v0x56153332ddd0_2380 .array/port v0x56153332ddd0, 2380;
v0x56153332ddd0_2381 .array/port v0x56153332ddd0, 2381;
v0x56153332ddd0_2382 .array/port v0x56153332ddd0, 2382;
E_0x5615332774a0/595 .event edge, v0x56153332ddd0_2379, v0x56153332ddd0_2380, v0x56153332ddd0_2381, v0x56153332ddd0_2382;
v0x56153332ddd0_2383 .array/port v0x56153332ddd0, 2383;
v0x56153332ddd0_2384 .array/port v0x56153332ddd0, 2384;
v0x56153332ddd0_2385 .array/port v0x56153332ddd0, 2385;
v0x56153332ddd0_2386 .array/port v0x56153332ddd0, 2386;
E_0x5615332774a0/596 .event edge, v0x56153332ddd0_2383, v0x56153332ddd0_2384, v0x56153332ddd0_2385, v0x56153332ddd0_2386;
v0x56153332ddd0_2387 .array/port v0x56153332ddd0, 2387;
v0x56153332ddd0_2388 .array/port v0x56153332ddd0, 2388;
v0x56153332ddd0_2389 .array/port v0x56153332ddd0, 2389;
v0x56153332ddd0_2390 .array/port v0x56153332ddd0, 2390;
E_0x5615332774a0/597 .event edge, v0x56153332ddd0_2387, v0x56153332ddd0_2388, v0x56153332ddd0_2389, v0x56153332ddd0_2390;
v0x56153332ddd0_2391 .array/port v0x56153332ddd0, 2391;
v0x56153332ddd0_2392 .array/port v0x56153332ddd0, 2392;
v0x56153332ddd0_2393 .array/port v0x56153332ddd0, 2393;
v0x56153332ddd0_2394 .array/port v0x56153332ddd0, 2394;
E_0x5615332774a0/598 .event edge, v0x56153332ddd0_2391, v0x56153332ddd0_2392, v0x56153332ddd0_2393, v0x56153332ddd0_2394;
v0x56153332ddd0_2395 .array/port v0x56153332ddd0, 2395;
v0x56153332ddd0_2396 .array/port v0x56153332ddd0, 2396;
v0x56153332ddd0_2397 .array/port v0x56153332ddd0, 2397;
v0x56153332ddd0_2398 .array/port v0x56153332ddd0, 2398;
E_0x5615332774a0/599 .event edge, v0x56153332ddd0_2395, v0x56153332ddd0_2396, v0x56153332ddd0_2397, v0x56153332ddd0_2398;
v0x56153332ddd0_2399 .array/port v0x56153332ddd0, 2399;
v0x56153332ddd0_2400 .array/port v0x56153332ddd0, 2400;
v0x56153332ddd0_2401 .array/port v0x56153332ddd0, 2401;
v0x56153332ddd0_2402 .array/port v0x56153332ddd0, 2402;
E_0x5615332774a0/600 .event edge, v0x56153332ddd0_2399, v0x56153332ddd0_2400, v0x56153332ddd0_2401, v0x56153332ddd0_2402;
v0x56153332ddd0_2403 .array/port v0x56153332ddd0, 2403;
v0x56153332ddd0_2404 .array/port v0x56153332ddd0, 2404;
v0x56153332ddd0_2405 .array/port v0x56153332ddd0, 2405;
v0x56153332ddd0_2406 .array/port v0x56153332ddd0, 2406;
E_0x5615332774a0/601 .event edge, v0x56153332ddd0_2403, v0x56153332ddd0_2404, v0x56153332ddd0_2405, v0x56153332ddd0_2406;
v0x56153332ddd0_2407 .array/port v0x56153332ddd0, 2407;
v0x56153332ddd0_2408 .array/port v0x56153332ddd0, 2408;
v0x56153332ddd0_2409 .array/port v0x56153332ddd0, 2409;
v0x56153332ddd0_2410 .array/port v0x56153332ddd0, 2410;
E_0x5615332774a0/602 .event edge, v0x56153332ddd0_2407, v0x56153332ddd0_2408, v0x56153332ddd0_2409, v0x56153332ddd0_2410;
v0x56153332ddd0_2411 .array/port v0x56153332ddd0, 2411;
v0x56153332ddd0_2412 .array/port v0x56153332ddd0, 2412;
v0x56153332ddd0_2413 .array/port v0x56153332ddd0, 2413;
v0x56153332ddd0_2414 .array/port v0x56153332ddd0, 2414;
E_0x5615332774a0/603 .event edge, v0x56153332ddd0_2411, v0x56153332ddd0_2412, v0x56153332ddd0_2413, v0x56153332ddd0_2414;
v0x56153332ddd0_2415 .array/port v0x56153332ddd0, 2415;
v0x56153332ddd0_2416 .array/port v0x56153332ddd0, 2416;
v0x56153332ddd0_2417 .array/port v0x56153332ddd0, 2417;
v0x56153332ddd0_2418 .array/port v0x56153332ddd0, 2418;
E_0x5615332774a0/604 .event edge, v0x56153332ddd0_2415, v0x56153332ddd0_2416, v0x56153332ddd0_2417, v0x56153332ddd0_2418;
v0x56153332ddd0_2419 .array/port v0x56153332ddd0, 2419;
v0x56153332ddd0_2420 .array/port v0x56153332ddd0, 2420;
v0x56153332ddd0_2421 .array/port v0x56153332ddd0, 2421;
v0x56153332ddd0_2422 .array/port v0x56153332ddd0, 2422;
E_0x5615332774a0/605 .event edge, v0x56153332ddd0_2419, v0x56153332ddd0_2420, v0x56153332ddd0_2421, v0x56153332ddd0_2422;
v0x56153332ddd0_2423 .array/port v0x56153332ddd0, 2423;
v0x56153332ddd0_2424 .array/port v0x56153332ddd0, 2424;
v0x56153332ddd0_2425 .array/port v0x56153332ddd0, 2425;
v0x56153332ddd0_2426 .array/port v0x56153332ddd0, 2426;
E_0x5615332774a0/606 .event edge, v0x56153332ddd0_2423, v0x56153332ddd0_2424, v0x56153332ddd0_2425, v0x56153332ddd0_2426;
v0x56153332ddd0_2427 .array/port v0x56153332ddd0, 2427;
v0x56153332ddd0_2428 .array/port v0x56153332ddd0, 2428;
v0x56153332ddd0_2429 .array/port v0x56153332ddd0, 2429;
v0x56153332ddd0_2430 .array/port v0x56153332ddd0, 2430;
E_0x5615332774a0/607 .event edge, v0x56153332ddd0_2427, v0x56153332ddd0_2428, v0x56153332ddd0_2429, v0x56153332ddd0_2430;
v0x56153332ddd0_2431 .array/port v0x56153332ddd0, 2431;
v0x56153332ddd0_2432 .array/port v0x56153332ddd0, 2432;
v0x56153332ddd0_2433 .array/port v0x56153332ddd0, 2433;
v0x56153332ddd0_2434 .array/port v0x56153332ddd0, 2434;
E_0x5615332774a0/608 .event edge, v0x56153332ddd0_2431, v0x56153332ddd0_2432, v0x56153332ddd0_2433, v0x56153332ddd0_2434;
v0x56153332ddd0_2435 .array/port v0x56153332ddd0, 2435;
v0x56153332ddd0_2436 .array/port v0x56153332ddd0, 2436;
v0x56153332ddd0_2437 .array/port v0x56153332ddd0, 2437;
v0x56153332ddd0_2438 .array/port v0x56153332ddd0, 2438;
E_0x5615332774a0/609 .event edge, v0x56153332ddd0_2435, v0x56153332ddd0_2436, v0x56153332ddd0_2437, v0x56153332ddd0_2438;
v0x56153332ddd0_2439 .array/port v0x56153332ddd0, 2439;
v0x56153332ddd0_2440 .array/port v0x56153332ddd0, 2440;
v0x56153332ddd0_2441 .array/port v0x56153332ddd0, 2441;
v0x56153332ddd0_2442 .array/port v0x56153332ddd0, 2442;
E_0x5615332774a0/610 .event edge, v0x56153332ddd0_2439, v0x56153332ddd0_2440, v0x56153332ddd0_2441, v0x56153332ddd0_2442;
v0x56153332ddd0_2443 .array/port v0x56153332ddd0, 2443;
v0x56153332ddd0_2444 .array/port v0x56153332ddd0, 2444;
v0x56153332ddd0_2445 .array/port v0x56153332ddd0, 2445;
v0x56153332ddd0_2446 .array/port v0x56153332ddd0, 2446;
E_0x5615332774a0/611 .event edge, v0x56153332ddd0_2443, v0x56153332ddd0_2444, v0x56153332ddd0_2445, v0x56153332ddd0_2446;
v0x56153332ddd0_2447 .array/port v0x56153332ddd0, 2447;
v0x56153332ddd0_2448 .array/port v0x56153332ddd0, 2448;
v0x56153332ddd0_2449 .array/port v0x56153332ddd0, 2449;
v0x56153332ddd0_2450 .array/port v0x56153332ddd0, 2450;
E_0x5615332774a0/612 .event edge, v0x56153332ddd0_2447, v0x56153332ddd0_2448, v0x56153332ddd0_2449, v0x56153332ddd0_2450;
v0x56153332ddd0_2451 .array/port v0x56153332ddd0, 2451;
v0x56153332ddd0_2452 .array/port v0x56153332ddd0, 2452;
v0x56153332ddd0_2453 .array/port v0x56153332ddd0, 2453;
v0x56153332ddd0_2454 .array/port v0x56153332ddd0, 2454;
E_0x5615332774a0/613 .event edge, v0x56153332ddd0_2451, v0x56153332ddd0_2452, v0x56153332ddd0_2453, v0x56153332ddd0_2454;
v0x56153332ddd0_2455 .array/port v0x56153332ddd0, 2455;
v0x56153332ddd0_2456 .array/port v0x56153332ddd0, 2456;
v0x56153332ddd0_2457 .array/port v0x56153332ddd0, 2457;
v0x56153332ddd0_2458 .array/port v0x56153332ddd0, 2458;
E_0x5615332774a0/614 .event edge, v0x56153332ddd0_2455, v0x56153332ddd0_2456, v0x56153332ddd0_2457, v0x56153332ddd0_2458;
v0x56153332ddd0_2459 .array/port v0x56153332ddd0, 2459;
v0x56153332ddd0_2460 .array/port v0x56153332ddd0, 2460;
v0x56153332ddd0_2461 .array/port v0x56153332ddd0, 2461;
v0x56153332ddd0_2462 .array/port v0x56153332ddd0, 2462;
E_0x5615332774a0/615 .event edge, v0x56153332ddd0_2459, v0x56153332ddd0_2460, v0x56153332ddd0_2461, v0x56153332ddd0_2462;
v0x56153332ddd0_2463 .array/port v0x56153332ddd0, 2463;
v0x56153332ddd0_2464 .array/port v0x56153332ddd0, 2464;
v0x56153332ddd0_2465 .array/port v0x56153332ddd0, 2465;
v0x56153332ddd0_2466 .array/port v0x56153332ddd0, 2466;
E_0x5615332774a0/616 .event edge, v0x56153332ddd0_2463, v0x56153332ddd0_2464, v0x56153332ddd0_2465, v0x56153332ddd0_2466;
v0x56153332ddd0_2467 .array/port v0x56153332ddd0, 2467;
v0x56153332ddd0_2468 .array/port v0x56153332ddd0, 2468;
v0x56153332ddd0_2469 .array/port v0x56153332ddd0, 2469;
v0x56153332ddd0_2470 .array/port v0x56153332ddd0, 2470;
E_0x5615332774a0/617 .event edge, v0x56153332ddd0_2467, v0x56153332ddd0_2468, v0x56153332ddd0_2469, v0x56153332ddd0_2470;
v0x56153332ddd0_2471 .array/port v0x56153332ddd0, 2471;
v0x56153332ddd0_2472 .array/port v0x56153332ddd0, 2472;
v0x56153332ddd0_2473 .array/port v0x56153332ddd0, 2473;
v0x56153332ddd0_2474 .array/port v0x56153332ddd0, 2474;
E_0x5615332774a0/618 .event edge, v0x56153332ddd0_2471, v0x56153332ddd0_2472, v0x56153332ddd0_2473, v0x56153332ddd0_2474;
v0x56153332ddd0_2475 .array/port v0x56153332ddd0, 2475;
v0x56153332ddd0_2476 .array/port v0x56153332ddd0, 2476;
v0x56153332ddd0_2477 .array/port v0x56153332ddd0, 2477;
v0x56153332ddd0_2478 .array/port v0x56153332ddd0, 2478;
E_0x5615332774a0/619 .event edge, v0x56153332ddd0_2475, v0x56153332ddd0_2476, v0x56153332ddd0_2477, v0x56153332ddd0_2478;
v0x56153332ddd0_2479 .array/port v0x56153332ddd0, 2479;
v0x56153332ddd0_2480 .array/port v0x56153332ddd0, 2480;
v0x56153332ddd0_2481 .array/port v0x56153332ddd0, 2481;
v0x56153332ddd0_2482 .array/port v0x56153332ddd0, 2482;
E_0x5615332774a0/620 .event edge, v0x56153332ddd0_2479, v0x56153332ddd0_2480, v0x56153332ddd0_2481, v0x56153332ddd0_2482;
v0x56153332ddd0_2483 .array/port v0x56153332ddd0, 2483;
v0x56153332ddd0_2484 .array/port v0x56153332ddd0, 2484;
v0x56153332ddd0_2485 .array/port v0x56153332ddd0, 2485;
v0x56153332ddd0_2486 .array/port v0x56153332ddd0, 2486;
E_0x5615332774a0/621 .event edge, v0x56153332ddd0_2483, v0x56153332ddd0_2484, v0x56153332ddd0_2485, v0x56153332ddd0_2486;
v0x56153332ddd0_2487 .array/port v0x56153332ddd0, 2487;
v0x56153332ddd0_2488 .array/port v0x56153332ddd0, 2488;
v0x56153332ddd0_2489 .array/port v0x56153332ddd0, 2489;
v0x56153332ddd0_2490 .array/port v0x56153332ddd0, 2490;
E_0x5615332774a0/622 .event edge, v0x56153332ddd0_2487, v0x56153332ddd0_2488, v0x56153332ddd0_2489, v0x56153332ddd0_2490;
v0x56153332ddd0_2491 .array/port v0x56153332ddd0, 2491;
v0x56153332ddd0_2492 .array/port v0x56153332ddd0, 2492;
v0x56153332ddd0_2493 .array/port v0x56153332ddd0, 2493;
v0x56153332ddd0_2494 .array/port v0x56153332ddd0, 2494;
E_0x5615332774a0/623 .event edge, v0x56153332ddd0_2491, v0x56153332ddd0_2492, v0x56153332ddd0_2493, v0x56153332ddd0_2494;
v0x56153332ddd0_2495 .array/port v0x56153332ddd0, 2495;
v0x56153332ddd0_2496 .array/port v0x56153332ddd0, 2496;
v0x56153332ddd0_2497 .array/port v0x56153332ddd0, 2497;
v0x56153332ddd0_2498 .array/port v0x56153332ddd0, 2498;
E_0x5615332774a0/624 .event edge, v0x56153332ddd0_2495, v0x56153332ddd0_2496, v0x56153332ddd0_2497, v0x56153332ddd0_2498;
v0x56153332ddd0_2499 .array/port v0x56153332ddd0, 2499;
v0x56153332ddd0_2500 .array/port v0x56153332ddd0, 2500;
v0x56153332ddd0_2501 .array/port v0x56153332ddd0, 2501;
v0x56153332ddd0_2502 .array/port v0x56153332ddd0, 2502;
E_0x5615332774a0/625 .event edge, v0x56153332ddd0_2499, v0x56153332ddd0_2500, v0x56153332ddd0_2501, v0x56153332ddd0_2502;
v0x56153332ddd0_2503 .array/port v0x56153332ddd0, 2503;
v0x56153332ddd0_2504 .array/port v0x56153332ddd0, 2504;
v0x56153332ddd0_2505 .array/port v0x56153332ddd0, 2505;
v0x56153332ddd0_2506 .array/port v0x56153332ddd0, 2506;
E_0x5615332774a0/626 .event edge, v0x56153332ddd0_2503, v0x56153332ddd0_2504, v0x56153332ddd0_2505, v0x56153332ddd0_2506;
v0x56153332ddd0_2507 .array/port v0x56153332ddd0, 2507;
v0x56153332ddd0_2508 .array/port v0x56153332ddd0, 2508;
v0x56153332ddd0_2509 .array/port v0x56153332ddd0, 2509;
v0x56153332ddd0_2510 .array/port v0x56153332ddd0, 2510;
E_0x5615332774a0/627 .event edge, v0x56153332ddd0_2507, v0x56153332ddd0_2508, v0x56153332ddd0_2509, v0x56153332ddd0_2510;
v0x56153332ddd0_2511 .array/port v0x56153332ddd0, 2511;
v0x56153332ddd0_2512 .array/port v0x56153332ddd0, 2512;
v0x56153332ddd0_2513 .array/port v0x56153332ddd0, 2513;
v0x56153332ddd0_2514 .array/port v0x56153332ddd0, 2514;
E_0x5615332774a0/628 .event edge, v0x56153332ddd0_2511, v0x56153332ddd0_2512, v0x56153332ddd0_2513, v0x56153332ddd0_2514;
v0x56153332ddd0_2515 .array/port v0x56153332ddd0, 2515;
v0x56153332ddd0_2516 .array/port v0x56153332ddd0, 2516;
v0x56153332ddd0_2517 .array/port v0x56153332ddd0, 2517;
v0x56153332ddd0_2518 .array/port v0x56153332ddd0, 2518;
E_0x5615332774a0/629 .event edge, v0x56153332ddd0_2515, v0x56153332ddd0_2516, v0x56153332ddd0_2517, v0x56153332ddd0_2518;
v0x56153332ddd0_2519 .array/port v0x56153332ddd0, 2519;
v0x56153332ddd0_2520 .array/port v0x56153332ddd0, 2520;
v0x56153332ddd0_2521 .array/port v0x56153332ddd0, 2521;
v0x56153332ddd0_2522 .array/port v0x56153332ddd0, 2522;
E_0x5615332774a0/630 .event edge, v0x56153332ddd0_2519, v0x56153332ddd0_2520, v0x56153332ddd0_2521, v0x56153332ddd0_2522;
v0x56153332ddd0_2523 .array/port v0x56153332ddd0, 2523;
v0x56153332ddd0_2524 .array/port v0x56153332ddd0, 2524;
v0x56153332ddd0_2525 .array/port v0x56153332ddd0, 2525;
v0x56153332ddd0_2526 .array/port v0x56153332ddd0, 2526;
E_0x5615332774a0/631 .event edge, v0x56153332ddd0_2523, v0x56153332ddd0_2524, v0x56153332ddd0_2525, v0x56153332ddd0_2526;
v0x56153332ddd0_2527 .array/port v0x56153332ddd0, 2527;
v0x56153332ddd0_2528 .array/port v0x56153332ddd0, 2528;
v0x56153332ddd0_2529 .array/port v0x56153332ddd0, 2529;
v0x56153332ddd0_2530 .array/port v0x56153332ddd0, 2530;
E_0x5615332774a0/632 .event edge, v0x56153332ddd0_2527, v0x56153332ddd0_2528, v0x56153332ddd0_2529, v0x56153332ddd0_2530;
v0x56153332ddd0_2531 .array/port v0x56153332ddd0, 2531;
v0x56153332ddd0_2532 .array/port v0x56153332ddd0, 2532;
v0x56153332ddd0_2533 .array/port v0x56153332ddd0, 2533;
v0x56153332ddd0_2534 .array/port v0x56153332ddd0, 2534;
E_0x5615332774a0/633 .event edge, v0x56153332ddd0_2531, v0x56153332ddd0_2532, v0x56153332ddd0_2533, v0x56153332ddd0_2534;
v0x56153332ddd0_2535 .array/port v0x56153332ddd0, 2535;
v0x56153332ddd0_2536 .array/port v0x56153332ddd0, 2536;
v0x56153332ddd0_2537 .array/port v0x56153332ddd0, 2537;
v0x56153332ddd0_2538 .array/port v0x56153332ddd0, 2538;
E_0x5615332774a0/634 .event edge, v0x56153332ddd0_2535, v0x56153332ddd0_2536, v0x56153332ddd0_2537, v0x56153332ddd0_2538;
v0x56153332ddd0_2539 .array/port v0x56153332ddd0, 2539;
v0x56153332ddd0_2540 .array/port v0x56153332ddd0, 2540;
v0x56153332ddd0_2541 .array/port v0x56153332ddd0, 2541;
v0x56153332ddd0_2542 .array/port v0x56153332ddd0, 2542;
E_0x5615332774a0/635 .event edge, v0x56153332ddd0_2539, v0x56153332ddd0_2540, v0x56153332ddd0_2541, v0x56153332ddd0_2542;
v0x56153332ddd0_2543 .array/port v0x56153332ddd0, 2543;
v0x56153332ddd0_2544 .array/port v0x56153332ddd0, 2544;
v0x56153332ddd0_2545 .array/port v0x56153332ddd0, 2545;
v0x56153332ddd0_2546 .array/port v0x56153332ddd0, 2546;
E_0x5615332774a0/636 .event edge, v0x56153332ddd0_2543, v0x56153332ddd0_2544, v0x56153332ddd0_2545, v0x56153332ddd0_2546;
v0x56153332ddd0_2547 .array/port v0x56153332ddd0, 2547;
v0x56153332ddd0_2548 .array/port v0x56153332ddd0, 2548;
v0x56153332ddd0_2549 .array/port v0x56153332ddd0, 2549;
v0x56153332ddd0_2550 .array/port v0x56153332ddd0, 2550;
E_0x5615332774a0/637 .event edge, v0x56153332ddd0_2547, v0x56153332ddd0_2548, v0x56153332ddd0_2549, v0x56153332ddd0_2550;
v0x56153332ddd0_2551 .array/port v0x56153332ddd0, 2551;
v0x56153332ddd0_2552 .array/port v0x56153332ddd0, 2552;
v0x56153332ddd0_2553 .array/port v0x56153332ddd0, 2553;
v0x56153332ddd0_2554 .array/port v0x56153332ddd0, 2554;
E_0x5615332774a0/638 .event edge, v0x56153332ddd0_2551, v0x56153332ddd0_2552, v0x56153332ddd0_2553, v0x56153332ddd0_2554;
v0x56153332ddd0_2555 .array/port v0x56153332ddd0, 2555;
v0x56153332ddd0_2556 .array/port v0x56153332ddd0, 2556;
v0x56153332ddd0_2557 .array/port v0x56153332ddd0, 2557;
v0x56153332ddd0_2558 .array/port v0x56153332ddd0, 2558;
E_0x5615332774a0/639 .event edge, v0x56153332ddd0_2555, v0x56153332ddd0_2556, v0x56153332ddd0_2557, v0x56153332ddd0_2558;
v0x56153332ddd0_2559 .array/port v0x56153332ddd0, 2559;
v0x56153332ddd0_2560 .array/port v0x56153332ddd0, 2560;
v0x56153332ddd0_2561 .array/port v0x56153332ddd0, 2561;
v0x56153332ddd0_2562 .array/port v0x56153332ddd0, 2562;
E_0x5615332774a0/640 .event edge, v0x56153332ddd0_2559, v0x56153332ddd0_2560, v0x56153332ddd0_2561, v0x56153332ddd0_2562;
v0x56153332ddd0_2563 .array/port v0x56153332ddd0, 2563;
v0x56153332ddd0_2564 .array/port v0x56153332ddd0, 2564;
v0x56153332ddd0_2565 .array/port v0x56153332ddd0, 2565;
v0x56153332ddd0_2566 .array/port v0x56153332ddd0, 2566;
E_0x5615332774a0/641 .event edge, v0x56153332ddd0_2563, v0x56153332ddd0_2564, v0x56153332ddd0_2565, v0x56153332ddd0_2566;
v0x56153332ddd0_2567 .array/port v0x56153332ddd0, 2567;
v0x56153332ddd0_2568 .array/port v0x56153332ddd0, 2568;
v0x56153332ddd0_2569 .array/port v0x56153332ddd0, 2569;
v0x56153332ddd0_2570 .array/port v0x56153332ddd0, 2570;
E_0x5615332774a0/642 .event edge, v0x56153332ddd0_2567, v0x56153332ddd0_2568, v0x56153332ddd0_2569, v0x56153332ddd0_2570;
v0x56153332ddd0_2571 .array/port v0x56153332ddd0, 2571;
v0x56153332ddd0_2572 .array/port v0x56153332ddd0, 2572;
v0x56153332ddd0_2573 .array/port v0x56153332ddd0, 2573;
v0x56153332ddd0_2574 .array/port v0x56153332ddd0, 2574;
E_0x5615332774a0/643 .event edge, v0x56153332ddd0_2571, v0x56153332ddd0_2572, v0x56153332ddd0_2573, v0x56153332ddd0_2574;
v0x56153332ddd0_2575 .array/port v0x56153332ddd0, 2575;
v0x56153332ddd0_2576 .array/port v0x56153332ddd0, 2576;
v0x56153332ddd0_2577 .array/port v0x56153332ddd0, 2577;
v0x56153332ddd0_2578 .array/port v0x56153332ddd0, 2578;
E_0x5615332774a0/644 .event edge, v0x56153332ddd0_2575, v0x56153332ddd0_2576, v0x56153332ddd0_2577, v0x56153332ddd0_2578;
v0x56153332ddd0_2579 .array/port v0x56153332ddd0, 2579;
v0x56153332ddd0_2580 .array/port v0x56153332ddd0, 2580;
v0x56153332ddd0_2581 .array/port v0x56153332ddd0, 2581;
v0x56153332ddd0_2582 .array/port v0x56153332ddd0, 2582;
E_0x5615332774a0/645 .event edge, v0x56153332ddd0_2579, v0x56153332ddd0_2580, v0x56153332ddd0_2581, v0x56153332ddd0_2582;
v0x56153332ddd0_2583 .array/port v0x56153332ddd0, 2583;
v0x56153332ddd0_2584 .array/port v0x56153332ddd0, 2584;
v0x56153332ddd0_2585 .array/port v0x56153332ddd0, 2585;
v0x56153332ddd0_2586 .array/port v0x56153332ddd0, 2586;
E_0x5615332774a0/646 .event edge, v0x56153332ddd0_2583, v0x56153332ddd0_2584, v0x56153332ddd0_2585, v0x56153332ddd0_2586;
v0x56153332ddd0_2587 .array/port v0x56153332ddd0, 2587;
v0x56153332ddd0_2588 .array/port v0x56153332ddd0, 2588;
v0x56153332ddd0_2589 .array/port v0x56153332ddd0, 2589;
v0x56153332ddd0_2590 .array/port v0x56153332ddd0, 2590;
E_0x5615332774a0/647 .event edge, v0x56153332ddd0_2587, v0x56153332ddd0_2588, v0x56153332ddd0_2589, v0x56153332ddd0_2590;
v0x56153332ddd0_2591 .array/port v0x56153332ddd0, 2591;
v0x56153332ddd0_2592 .array/port v0x56153332ddd0, 2592;
v0x56153332ddd0_2593 .array/port v0x56153332ddd0, 2593;
v0x56153332ddd0_2594 .array/port v0x56153332ddd0, 2594;
E_0x5615332774a0/648 .event edge, v0x56153332ddd0_2591, v0x56153332ddd0_2592, v0x56153332ddd0_2593, v0x56153332ddd0_2594;
v0x56153332ddd0_2595 .array/port v0x56153332ddd0, 2595;
v0x56153332ddd0_2596 .array/port v0x56153332ddd0, 2596;
v0x56153332ddd0_2597 .array/port v0x56153332ddd0, 2597;
v0x56153332ddd0_2598 .array/port v0x56153332ddd0, 2598;
E_0x5615332774a0/649 .event edge, v0x56153332ddd0_2595, v0x56153332ddd0_2596, v0x56153332ddd0_2597, v0x56153332ddd0_2598;
v0x56153332ddd0_2599 .array/port v0x56153332ddd0, 2599;
v0x56153332ddd0_2600 .array/port v0x56153332ddd0, 2600;
v0x56153332ddd0_2601 .array/port v0x56153332ddd0, 2601;
v0x56153332ddd0_2602 .array/port v0x56153332ddd0, 2602;
E_0x5615332774a0/650 .event edge, v0x56153332ddd0_2599, v0x56153332ddd0_2600, v0x56153332ddd0_2601, v0x56153332ddd0_2602;
v0x56153332ddd0_2603 .array/port v0x56153332ddd0, 2603;
v0x56153332ddd0_2604 .array/port v0x56153332ddd0, 2604;
v0x56153332ddd0_2605 .array/port v0x56153332ddd0, 2605;
v0x56153332ddd0_2606 .array/port v0x56153332ddd0, 2606;
E_0x5615332774a0/651 .event edge, v0x56153332ddd0_2603, v0x56153332ddd0_2604, v0x56153332ddd0_2605, v0x56153332ddd0_2606;
v0x56153332ddd0_2607 .array/port v0x56153332ddd0, 2607;
v0x56153332ddd0_2608 .array/port v0x56153332ddd0, 2608;
v0x56153332ddd0_2609 .array/port v0x56153332ddd0, 2609;
v0x56153332ddd0_2610 .array/port v0x56153332ddd0, 2610;
E_0x5615332774a0/652 .event edge, v0x56153332ddd0_2607, v0x56153332ddd0_2608, v0x56153332ddd0_2609, v0x56153332ddd0_2610;
v0x56153332ddd0_2611 .array/port v0x56153332ddd0, 2611;
v0x56153332ddd0_2612 .array/port v0x56153332ddd0, 2612;
v0x56153332ddd0_2613 .array/port v0x56153332ddd0, 2613;
v0x56153332ddd0_2614 .array/port v0x56153332ddd0, 2614;
E_0x5615332774a0/653 .event edge, v0x56153332ddd0_2611, v0x56153332ddd0_2612, v0x56153332ddd0_2613, v0x56153332ddd0_2614;
v0x56153332ddd0_2615 .array/port v0x56153332ddd0, 2615;
v0x56153332ddd0_2616 .array/port v0x56153332ddd0, 2616;
v0x56153332ddd0_2617 .array/port v0x56153332ddd0, 2617;
v0x56153332ddd0_2618 .array/port v0x56153332ddd0, 2618;
E_0x5615332774a0/654 .event edge, v0x56153332ddd0_2615, v0x56153332ddd0_2616, v0x56153332ddd0_2617, v0x56153332ddd0_2618;
v0x56153332ddd0_2619 .array/port v0x56153332ddd0, 2619;
v0x56153332ddd0_2620 .array/port v0x56153332ddd0, 2620;
v0x56153332ddd0_2621 .array/port v0x56153332ddd0, 2621;
v0x56153332ddd0_2622 .array/port v0x56153332ddd0, 2622;
E_0x5615332774a0/655 .event edge, v0x56153332ddd0_2619, v0x56153332ddd0_2620, v0x56153332ddd0_2621, v0x56153332ddd0_2622;
v0x56153332ddd0_2623 .array/port v0x56153332ddd0, 2623;
v0x56153332ddd0_2624 .array/port v0x56153332ddd0, 2624;
v0x56153332ddd0_2625 .array/port v0x56153332ddd0, 2625;
v0x56153332ddd0_2626 .array/port v0x56153332ddd0, 2626;
E_0x5615332774a0/656 .event edge, v0x56153332ddd0_2623, v0x56153332ddd0_2624, v0x56153332ddd0_2625, v0x56153332ddd0_2626;
v0x56153332ddd0_2627 .array/port v0x56153332ddd0, 2627;
v0x56153332ddd0_2628 .array/port v0x56153332ddd0, 2628;
v0x56153332ddd0_2629 .array/port v0x56153332ddd0, 2629;
v0x56153332ddd0_2630 .array/port v0x56153332ddd0, 2630;
E_0x5615332774a0/657 .event edge, v0x56153332ddd0_2627, v0x56153332ddd0_2628, v0x56153332ddd0_2629, v0x56153332ddd0_2630;
v0x56153332ddd0_2631 .array/port v0x56153332ddd0, 2631;
v0x56153332ddd0_2632 .array/port v0x56153332ddd0, 2632;
v0x56153332ddd0_2633 .array/port v0x56153332ddd0, 2633;
v0x56153332ddd0_2634 .array/port v0x56153332ddd0, 2634;
E_0x5615332774a0/658 .event edge, v0x56153332ddd0_2631, v0x56153332ddd0_2632, v0x56153332ddd0_2633, v0x56153332ddd0_2634;
v0x56153332ddd0_2635 .array/port v0x56153332ddd0, 2635;
v0x56153332ddd0_2636 .array/port v0x56153332ddd0, 2636;
v0x56153332ddd0_2637 .array/port v0x56153332ddd0, 2637;
v0x56153332ddd0_2638 .array/port v0x56153332ddd0, 2638;
E_0x5615332774a0/659 .event edge, v0x56153332ddd0_2635, v0x56153332ddd0_2636, v0x56153332ddd0_2637, v0x56153332ddd0_2638;
v0x56153332ddd0_2639 .array/port v0x56153332ddd0, 2639;
v0x56153332ddd0_2640 .array/port v0x56153332ddd0, 2640;
v0x56153332ddd0_2641 .array/port v0x56153332ddd0, 2641;
v0x56153332ddd0_2642 .array/port v0x56153332ddd0, 2642;
E_0x5615332774a0/660 .event edge, v0x56153332ddd0_2639, v0x56153332ddd0_2640, v0x56153332ddd0_2641, v0x56153332ddd0_2642;
v0x56153332ddd0_2643 .array/port v0x56153332ddd0, 2643;
v0x56153332ddd0_2644 .array/port v0x56153332ddd0, 2644;
v0x56153332ddd0_2645 .array/port v0x56153332ddd0, 2645;
v0x56153332ddd0_2646 .array/port v0x56153332ddd0, 2646;
E_0x5615332774a0/661 .event edge, v0x56153332ddd0_2643, v0x56153332ddd0_2644, v0x56153332ddd0_2645, v0x56153332ddd0_2646;
v0x56153332ddd0_2647 .array/port v0x56153332ddd0, 2647;
v0x56153332ddd0_2648 .array/port v0x56153332ddd0, 2648;
v0x56153332ddd0_2649 .array/port v0x56153332ddd0, 2649;
v0x56153332ddd0_2650 .array/port v0x56153332ddd0, 2650;
E_0x5615332774a0/662 .event edge, v0x56153332ddd0_2647, v0x56153332ddd0_2648, v0x56153332ddd0_2649, v0x56153332ddd0_2650;
v0x56153332ddd0_2651 .array/port v0x56153332ddd0, 2651;
v0x56153332ddd0_2652 .array/port v0x56153332ddd0, 2652;
v0x56153332ddd0_2653 .array/port v0x56153332ddd0, 2653;
v0x56153332ddd0_2654 .array/port v0x56153332ddd0, 2654;
E_0x5615332774a0/663 .event edge, v0x56153332ddd0_2651, v0x56153332ddd0_2652, v0x56153332ddd0_2653, v0x56153332ddd0_2654;
v0x56153332ddd0_2655 .array/port v0x56153332ddd0, 2655;
v0x56153332ddd0_2656 .array/port v0x56153332ddd0, 2656;
v0x56153332ddd0_2657 .array/port v0x56153332ddd0, 2657;
v0x56153332ddd0_2658 .array/port v0x56153332ddd0, 2658;
E_0x5615332774a0/664 .event edge, v0x56153332ddd0_2655, v0x56153332ddd0_2656, v0x56153332ddd0_2657, v0x56153332ddd0_2658;
v0x56153332ddd0_2659 .array/port v0x56153332ddd0, 2659;
v0x56153332ddd0_2660 .array/port v0x56153332ddd0, 2660;
v0x56153332ddd0_2661 .array/port v0x56153332ddd0, 2661;
v0x56153332ddd0_2662 .array/port v0x56153332ddd0, 2662;
E_0x5615332774a0/665 .event edge, v0x56153332ddd0_2659, v0x56153332ddd0_2660, v0x56153332ddd0_2661, v0x56153332ddd0_2662;
v0x56153332ddd0_2663 .array/port v0x56153332ddd0, 2663;
v0x56153332ddd0_2664 .array/port v0x56153332ddd0, 2664;
v0x56153332ddd0_2665 .array/port v0x56153332ddd0, 2665;
v0x56153332ddd0_2666 .array/port v0x56153332ddd0, 2666;
E_0x5615332774a0/666 .event edge, v0x56153332ddd0_2663, v0x56153332ddd0_2664, v0x56153332ddd0_2665, v0x56153332ddd0_2666;
v0x56153332ddd0_2667 .array/port v0x56153332ddd0, 2667;
v0x56153332ddd0_2668 .array/port v0x56153332ddd0, 2668;
v0x56153332ddd0_2669 .array/port v0x56153332ddd0, 2669;
v0x56153332ddd0_2670 .array/port v0x56153332ddd0, 2670;
E_0x5615332774a0/667 .event edge, v0x56153332ddd0_2667, v0x56153332ddd0_2668, v0x56153332ddd0_2669, v0x56153332ddd0_2670;
v0x56153332ddd0_2671 .array/port v0x56153332ddd0, 2671;
v0x56153332ddd0_2672 .array/port v0x56153332ddd0, 2672;
v0x56153332ddd0_2673 .array/port v0x56153332ddd0, 2673;
v0x56153332ddd0_2674 .array/port v0x56153332ddd0, 2674;
E_0x5615332774a0/668 .event edge, v0x56153332ddd0_2671, v0x56153332ddd0_2672, v0x56153332ddd0_2673, v0x56153332ddd0_2674;
v0x56153332ddd0_2675 .array/port v0x56153332ddd0, 2675;
v0x56153332ddd0_2676 .array/port v0x56153332ddd0, 2676;
v0x56153332ddd0_2677 .array/port v0x56153332ddd0, 2677;
v0x56153332ddd0_2678 .array/port v0x56153332ddd0, 2678;
E_0x5615332774a0/669 .event edge, v0x56153332ddd0_2675, v0x56153332ddd0_2676, v0x56153332ddd0_2677, v0x56153332ddd0_2678;
v0x56153332ddd0_2679 .array/port v0x56153332ddd0, 2679;
v0x56153332ddd0_2680 .array/port v0x56153332ddd0, 2680;
v0x56153332ddd0_2681 .array/port v0x56153332ddd0, 2681;
v0x56153332ddd0_2682 .array/port v0x56153332ddd0, 2682;
E_0x5615332774a0/670 .event edge, v0x56153332ddd0_2679, v0x56153332ddd0_2680, v0x56153332ddd0_2681, v0x56153332ddd0_2682;
v0x56153332ddd0_2683 .array/port v0x56153332ddd0, 2683;
v0x56153332ddd0_2684 .array/port v0x56153332ddd0, 2684;
v0x56153332ddd0_2685 .array/port v0x56153332ddd0, 2685;
v0x56153332ddd0_2686 .array/port v0x56153332ddd0, 2686;
E_0x5615332774a0/671 .event edge, v0x56153332ddd0_2683, v0x56153332ddd0_2684, v0x56153332ddd0_2685, v0x56153332ddd0_2686;
v0x56153332ddd0_2687 .array/port v0x56153332ddd0, 2687;
v0x56153332ddd0_2688 .array/port v0x56153332ddd0, 2688;
v0x56153332ddd0_2689 .array/port v0x56153332ddd0, 2689;
v0x56153332ddd0_2690 .array/port v0x56153332ddd0, 2690;
E_0x5615332774a0/672 .event edge, v0x56153332ddd0_2687, v0x56153332ddd0_2688, v0x56153332ddd0_2689, v0x56153332ddd0_2690;
v0x56153332ddd0_2691 .array/port v0x56153332ddd0, 2691;
v0x56153332ddd0_2692 .array/port v0x56153332ddd0, 2692;
v0x56153332ddd0_2693 .array/port v0x56153332ddd0, 2693;
v0x56153332ddd0_2694 .array/port v0x56153332ddd0, 2694;
E_0x5615332774a0/673 .event edge, v0x56153332ddd0_2691, v0x56153332ddd0_2692, v0x56153332ddd0_2693, v0x56153332ddd0_2694;
v0x56153332ddd0_2695 .array/port v0x56153332ddd0, 2695;
v0x56153332ddd0_2696 .array/port v0x56153332ddd0, 2696;
v0x56153332ddd0_2697 .array/port v0x56153332ddd0, 2697;
v0x56153332ddd0_2698 .array/port v0x56153332ddd0, 2698;
E_0x5615332774a0/674 .event edge, v0x56153332ddd0_2695, v0x56153332ddd0_2696, v0x56153332ddd0_2697, v0x56153332ddd0_2698;
v0x56153332ddd0_2699 .array/port v0x56153332ddd0, 2699;
v0x56153332ddd0_2700 .array/port v0x56153332ddd0, 2700;
v0x56153332ddd0_2701 .array/port v0x56153332ddd0, 2701;
v0x56153332ddd0_2702 .array/port v0x56153332ddd0, 2702;
E_0x5615332774a0/675 .event edge, v0x56153332ddd0_2699, v0x56153332ddd0_2700, v0x56153332ddd0_2701, v0x56153332ddd0_2702;
v0x56153332ddd0_2703 .array/port v0x56153332ddd0, 2703;
v0x56153332ddd0_2704 .array/port v0x56153332ddd0, 2704;
v0x56153332ddd0_2705 .array/port v0x56153332ddd0, 2705;
v0x56153332ddd0_2706 .array/port v0x56153332ddd0, 2706;
E_0x5615332774a0/676 .event edge, v0x56153332ddd0_2703, v0x56153332ddd0_2704, v0x56153332ddd0_2705, v0x56153332ddd0_2706;
v0x56153332ddd0_2707 .array/port v0x56153332ddd0, 2707;
v0x56153332ddd0_2708 .array/port v0x56153332ddd0, 2708;
v0x56153332ddd0_2709 .array/port v0x56153332ddd0, 2709;
v0x56153332ddd0_2710 .array/port v0x56153332ddd0, 2710;
E_0x5615332774a0/677 .event edge, v0x56153332ddd0_2707, v0x56153332ddd0_2708, v0x56153332ddd0_2709, v0x56153332ddd0_2710;
v0x56153332ddd0_2711 .array/port v0x56153332ddd0, 2711;
v0x56153332ddd0_2712 .array/port v0x56153332ddd0, 2712;
v0x56153332ddd0_2713 .array/port v0x56153332ddd0, 2713;
v0x56153332ddd0_2714 .array/port v0x56153332ddd0, 2714;
E_0x5615332774a0/678 .event edge, v0x56153332ddd0_2711, v0x56153332ddd0_2712, v0x56153332ddd0_2713, v0x56153332ddd0_2714;
v0x56153332ddd0_2715 .array/port v0x56153332ddd0, 2715;
v0x56153332ddd0_2716 .array/port v0x56153332ddd0, 2716;
v0x56153332ddd0_2717 .array/port v0x56153332ddd0, 2717;
v0x56153332ddd0_2718 .array/port v0x56153332ddd0, 2718;
E_0x5615332774a0/679 .event edge, v0x56153332ddd0_2715, v0x56153332ddd0_2716, v0x56153332ddd0_2717, v0x56153332ddd0_2718;
v0x56153332ddd0_2719 .array/port v0x56153332ddd0, 2719;
v0x56153332ddd0_2720 .array/port v0x56153332ddd0, 2720;
v0x56153332ddd0_2721 .array/port v0x56153332ddd0, 2721;
v0x56153332ddd0_2722 .array/port v0x56153332ddd0, 2722;
E_0x5615332774a0/680 .event edge, v0x56153332ddd0_2719, v0x56153332ddd0_2720, v0x56153332ddd0_2721, v0x56153332ddd0_2722;
v0x56153332ddd0_2723 .array/port v0x56153332ddd0, 2723;
v0x56153332ddd0_2724 .array/port v0x56153332ddd0, 2724;
v0x56153332ddd0_2725 .array/port v0x56153332ddd0, 2725;
v0x56153332ddd0_2726 .array/port v0x56153332ddd0, 2726;
E_0x5615332774a0/681 .event edge, v0x56153332ddd0_2723, v0x56153332ddd0_2724, v0x56153332ddd0_2725, v0x56153332ddd0_2726;
v0x56153332ddd0_2727 .array/port v0x56153332ddd0, 2727;
v0x56153332ddd0_2728 .array/port v0x56153332ddd0, 2728;
v0x56153332ddd0_2729 .array/port v0x56153332ddd0, 2729;
v0x56153332ddd0_2730 .array/port v0x56153332ddd0, 2730;
E_0x5615332774a0/682 .event edge, v0x56153332ddd0_2727, v0x56153332ddd0_2728, v0x56153332ddd0_2729, v0x56153332ddd0_2730;
v0x56153332ddd0_2731 .array/port v0x56153332ddd0, 2731;
v0x56153332ddd0_2732 .array/port v0x56153332ddd0, 2732;
v0x56153332ddd0_2733 .array/port v0x56153332ddd0, 2733;
v0x56153332ddd0_2734 .array/port v0x56153332ddd0, 2734;
E_0x5615332774a0/683 .event edge, v0x56153332ddd0_2731, v0x56153332ddd0_2732, v0x56153332ddd0_2733, v0x56153332ddd0_2734;
v0x56153332ddd0_2735 .array/port v0x56153332ddd0, 2735;
v0x56153332ddd0_2736 .array/port v0x56153332ddd0, 2736;
v0x56153332ddd0_2737 .array/port v0x56153332ddd0, 2737;
v0x56153332ddd0_2738 .array/port v0x56153332ddd0, 2738;
E_0x5615332774a0/684 .event edge, v0x56153332ddd0_2735, v0x56153332ddd0_2736, v0x56153332ddd0_2737, v0x56153332ddd0_2738;
v0x56153332ddd0_2739 .array/port v0x56153332ddd0, 2739;
v0x56153332ddd0_2740 .array/port v0x56153332ddd0, 2740;
v0x56153332ddd0_2741 .array/port v0x56153332ddd0, 2741;
v0x56153332ddd0_2742 .array/port v0x56153332ddd0, 2742;
E_0x5615332774a0/685 .event edge, v0x56153332ddd0_2739, v0x56153332ddd0_2740, v0x56153332ddd0_2741, v0x56153332ddd0_2742;
v0x56153332ddd0_2743 .array/port v0x56153332ddd0, 2743;
v0x56153332ddd0_2744 .array/port v0x56153332ddd0, 2744;
v0x56153332ddd0_2745 .array/port v0x56153332ddd0, 2745;
v0x56153332ddd0_2746 .array/port v0x56153332ddd0, 2746;
E_0x5615332774a0/686 .event edge, v0x56153332ddd0_2743, v0x56153332ddd0_2744, v0x56153332ddd0_2745, v0x56153332ddd0_2746;
v0x56153332ddd0_2747 .array/port v0x56153332ddd0, 2747;
v0x56153332ddd0_2748 .array/port v0x56153332ddd0, 2748;
v0x56153332ddd0_2749 .array/port v0x56153332ddd0, 2749;
v0x56153332ddd0_2750 .array/port v0x56153332ddd0, 2750;
E_0x5615332774a0/687 .event edge, v0x56153332ddd0_2747, v0x56153332ddd0_2748, v0x56153332ddd0_2749, v0x56153332ddd0_2750;
v0x56153332ddd0_2751 .array/port v0x56153332ddd0, 2751;
v0x56153332ddd0_2752 .array/port v0x56153332ddd0, 2752;
v0x56153332ddd0_2753 .array/port v0x56153332ddd0, 2753;
v0x56153332ddd0_2754 .array/port v0x56153332ddd0, 2754;
E_0x5615332774a0/688 .event edge, v0x56153332ddd0_2751, v0x56153332ddd0_2752, v0x56153332ddd0_2753, v0x56153332ddd0_2754;
v0x56153332ddd0_2755 .array/port v0x56153332ddd0, 2755;
v0x56153332ddd0_2756 .array/port v0x56153332ddd0, 2756;
v0x56153332ddd0_2757 .array/port v0x56153332ddd0, 2757;
v0x56153332ddd0_2758 .array/port v0x56153332ddd0, 2758;
E_0x5615332774a0/689 .event edge, v0x56153332ddd0_2755, v0x56153332ddd0_2756, v0x56153332ddd0_2757, v0x56153332ddd0_2758;
v0x56153332ddd0_2759 .array/port v0x56153332ddd0, 2759;
v0x56153332ddd0_2760 .array/port v0x56153332ddd0, 2760;
v0x56153332ddd0_2761 .array/port v0x56153332ddd0, 2761;
v0x56153332ddd0_2762 .array/port v0x56153332ddd0, 2762;
E_0x5615332774a0/690 .event edge, v0x56153332ddd0_2759, v0x56153332ddd0_2760, v0x56153332ddd0_2761, v0x56153332ddd0_2762;
v0x56153332ddd0_2763 .array/port v0x56153332ddd0, 2763;
v0x56153332ddd0_2764 .array/port v0x56153332ddd0, 2764;
v0x56153332ddd0_2765 .array/port v0x56153332ddd0, 2765;
v0x56153332ddd0_2766 .array/port v0x56153332ddd0, 2766;
E_0x5615332774a0/691 .event edge, v0x56153332ddd0_2763, v0x56153332ddd0_2764, v0x56153332ddd0_2765, v0x56153332ddd0_2766;
v0x56153332ddd0_2767 .array/port v0x56153332ddd0, 2767;
v0x56153332ddd0_2768 .array/port v0x56153332ddd0, 2768;
v0x56153332ddd0_2769 .array/port v0x56153332ddd0, 2769;
v0x56153332ddd0_2770 .array/port v0x56153332ddd0, 2770;
E_0x5615332774a0/692 .event edge, v0x56153332ddd0_2767, v0x56153332ddd0_2768, v0x56153332ddd0_2769, v0x56153332ddd0_2770;
v0x56153332ddd0_2771 .array/port v0x56153332ddd0, 2771;
v0x56153332ddd0_2772 .array/port v0x56153332ddd0, 2772;
v0x56153332ddd0_2773 .array/port v0x56153332ddd0, 2773;
v0x56153332ddd0_2774 .array/port v0x56153332ddd0, 2774;
E_0x5615332774a0/693 .event edge, v0x56153332ddd0_2771, v0x56153332ddd0_2772, v0x56153332ddd0_2773, v0x56153332ddd0_2774;
v0x56153332ddd0_2775 .array/port v0x56153332ddd0, 2775;
v0x56153332ddd0_2776 .array/port v0x56153332ddd0, 2776;
v0x56153332ddd0_2777 .array/port v0x56153332ddd0, 2777;
v0x56153332ddd0_2778 .array/port v0x56153332ddd0, 2778;
E_0x5615332774a0/694 .event edge, v0x56153332ddd0_2775, v0x56153332ddd0_2776, v0x56153332ddd0_2777, v0x56153332ddd0_2778;
v0x56153332ddd0_2779 .array/port v0x56153332ddd0, 2779;
v0x56153332ddd0_2780 .array/port v0x56153332ddd0, 2780;
v0x56153332ddd0_2781 .array/port v0x56153332ddd0, 2781;
v0x56153332ddd0_2782 .array/port v0x56153332ddd0, 2782;
E_0x5615332774a0/695 .event edge, v0x56153332ddd0_2779, v0x56153332ddd0_2780, v0x56153332ddd0_2781, v0x56153332ddd0_2782;
v0x56153332ddd0_2783 .array/port v0x56153332ddd0, 2783;
v0x56153332ddd0_2784 .array/port v0x56153332ddd0, 2784;
v0x56153332ddd0_2785 .array/port v0x56153332ddd0, 2785;
v0x56153332ddd0_2786 .array/port v0x56153332ddd0, 2786;
E_0x5615332774a0/696 .event edge, v0x56153332ddd0_2783, v0x56153332ddd0_2784, v0x56153332ddd0_2785, v0x56153332ddd0_2786;
v0x56153332ddd0_2787 .array/port v0x56153332ddd0, 2787;
v0x56153332ddd0_2788 .array/port v0x56153332ddd0, 2788;
v0x56153332ddd0_2789 .array/port v0x56153332ddd0, 2789;
v0x56153332ddd0_2790 .array/port v0x56153332ddd0, 2790;
E_0x5615332774a0/697 .event edge, v0x56153332ddd0_2787, v0x56153332ddd0_2788, v0x56153332ddd0_2789, v0x56153332ddd0_2790;
v0x56153332ddd0_2791 .array/port v0x56153332ddd0, 2791;
v0x56153332ddd0_2792 .array/port v0x56153332ddd0, 2792;
v0x56153332ddd0_2793 .array/port v0x56153332ddd0, 2793;
v0x56153332ddd0_2794 .array/port v0x56153332ddd0, 2794;
E_0x5615332774a0/698 .event edge, v0x56153332ddd0_2791, v0x56153332ddd0_2792, v0x56153332ddd0_2793, v0x56153332ddd0_2794;
v0x56153332ddd0_2795 .array/port v0x56153332ddd0, 2795;
v0x56153332ddd0_2796 .array/port v0x56153332ddd0, 2796;
v0x56153332ddd0_2797 .array/port v0x56153332ddd0, 2797;
v0x56153332ddd0_2798 .array/port v0x56153332ddd0, 2798;
E_0x5615332774a0/699 .event edge, v0x56153332ddd0_2795, v0x56153332ddd0_2796, v0x56153332ddd0_2797, v0x56153332ddd0_2798;
v0x56153332ddd0_2799 .array/port v0x56153332ddd0, 2799;
v0x56153332ddd0_2800 .array/port v0x56153332ddd0, 2800;
v0x56153332ddd0_2801 .array/port v0x56153332ddd0, 2801;
v0x56153332ddd0_2802 .array/port v0x56153332ddd0, 2802;
E_0x5615332774a0/700 .event edge, v0x56153332ddd0_2799, v0x56153332ddd0_2800, v0x56153332ddd0_2801, v0x56153332ddd0_2802;
v0x56153332ddd0_2803 .array/port v0x56153332ddd0, 2803;
v0x56153332ddd0_2804 .array/port v0x56153332ddd0, 2804;
v0x56153332ddd0_2805 .array/port v0x56153332ddd0, 2805;
v0x56153332ddd0_2806 .array/port v0x56153332ddd0, 2806;
E_0x5615332774a0/701 .event edge, v0x56153332ddd0_2803, v0x56153332ddd0_2804, v0x56153332ddd0_2805, v0x56153332ddd0_2806;
v0x56153332ddd0_2807 .array/port v0x56153332ddd0, 2807;
v0x56153332ddd0_2808 .array/port v0x56153332ddd0, 2808;
v0x56153332ddd0_2809 .array/port v0x56153332ddd0, 2809;
v0x56153332ddd0_2810 .array/port v0x56153332ddd0, 2810;
E_0x5615332774a0/702 .event edge, v0x56153332ddd0_2807, v0x56153332ddd0_2808, v0x56153332ddd0_2809, v0x56153332ddd0_2810;
v0x56153332ddd0_2811 .array/port v0x56153332ddd0, 2811;
v0x56153332ddd0_2812 .array/port v0x56153332ddd0, 2812;
v0x56153332ddd0_2813 .array/port v0x56153332ddd0, 2813;
v0x56153332ddd0_2814 .array/port v0x56153332ddd0, 2814;
E_0x5615332774a0/703 .event edge, v0x56153332ddd0_2811, v0x56153332ddd0_2812, v0x56153332ddd0_2813, v0x56153332ddd0_2814;
v0x56153332ddd0_2815 .array/port v0x56153332ddd0, 2815;
v0x56153332ddd0_2816 .array/port v0x56153332ddd0, 2816;
v0x56153332ddd0_2817 .array/port v0x56153332ddd0, 2817;
v0x56153332ddd0_2818 .array/port v0x56153332ddd0, 2818;
E_0x5615332774a0/704 .event edge, v0x56153332ddd0_2815, v0x56153332ddd0_2816, v0x56153332ddd0_2817, v0x56153332ddd0_2818;
v0x56153332ddd0_2819 .array/port v0x56153332ddd0, 2819;
v0x56153332ddd0_2820 .array/port v0x56153332ddd0, 2820;
v0x56153332ddd0_2821 .array/port v0x56153332ddd0, 2821;
v0x56153332ddd0_2822 .array/port v0x56153332ddd0, 2822;
E_0x5615332774a0/705 .event edge, v0x56153332ddd0_2819, v0x56153332ddd0_2820, v0x56153332ddd0_2821, v0x56153332ddd0_2822;
v0x56153332ddd0_2823 .array/port v0x56153332ddd0, 2823;
v0x56153332ddd0_2824 .array/port v0x56153332ddd0, 2824;
v0x56153332ddd0_2825 .array/port v0x56153332ddd0, 2825;
v0x56153332ddd0_2826 .array/port v0x56153332ddd0, 2826;
E_0x5615332774a0/706 .event edge, v0x56153332ddd0_2823, v0x56153332ddd0_2824, v0x56153332ddd0_2825, v0x56153332ddd0_2826;
v0x56153332ddd0_2827 .array/port v0x56153332ddd0, 2827;
v0x56153332ddd0_2828 .array/port v0x56153332ddd0, 2828;
v0x56153332ddd0_2829 .array/port v0x56153332ddd0, 2829;
v0x56153332ddd0_2830 .array/port v0x56153332ddd0, 2830;
E_0x5615332774a0/707 .event edge, v0x56153332ddd0_2827, v0x56153332ddd0_2828, v0x56153332ddd0_2829, v0x56153332ddd0_2830;
v0x56153332ddd0_2831 .array/port v0x56153332ddd0, 2831;
v0x56153332ddd0_2832 .array/port v0x56153332ddd0, 2832;
v0x56153332ddd0_2833 .array/port v0x56153332ddd0, 2833;
v0x56153332ddd0_2834 .array/port v0x56153332ddd0, 2834;
E_0x5615332774a0/708 .event edge, v0x56153332ddd0_2831, v0x56153332ddd0_2832, v0x56153332ddd0_2833, v0x56153332ddd0_2834;
v0x56153332ddd0_2835 .array/port v0x56153332ddd0, 2835;
v0x56153332ddd0_2836 .array/port v0x56153332ddd0, 2836;
v0x56153332ddd0_2837 .array/port v0x56153332ddd0, 2837;
v0x56153332ddd0_2838 .array/port v0x56153332ddd0, 2838;
E_0x5615332774a0/709 .event edge, v0x56153332ddd0_2835, v0x56153332ddd0_2836, v0x56153332ddd0_2837, v0x56153332ddd0_2838;
v0x56153332ddd0_2839 .array/port v0x56153332ddd0, 2839;
v0x56153332ddd0_2840 .array/port v0x56153332ddd0, 2840;
v0x56153332ddd0_2841 .array/port v0x56153332ddd0, 2841;
v0x56153332ddd0_2842 .array/port v0x56153332ddd0, 2842;
E_0x5615332774a0/710 .event edge, v0x56153332ddd0_2839, v0x56153332ddd0_2840, v0x56153332ddd0_2841, v0x56153332ddd0_2842;
v0x56153332ddd0_2843 .array/port v0x56153332ddd0, 2843;
v0x56153332ddd0_2844 .array/port v0x56153332ddd0, 2844;
v0x56153332ddd0_2845 .array/port v0x56153332ddd0, 2845;
v0x56153332ddd0_2846 .array/port v0x56153332ddd0, 2846;
E_0x5615332774a0/711 .event edge, v0x56153332ddd0_2843, v0x56153332ddd0_2844, v0x56153332ddd0_2845, v0x56153332ddd0_2846;
v0x56153332ddd0_2847 .array/port v0x56153332ddd0, 2847;
v0x56153332ddd0_2848 .array/port v0x56153332ddd0, 2848;
v0x56153332ddd0_2849 .array/port v0x56153332ddd0, 2849;
v0x56153332ddd0_2850 .array/port v0x56153332ddd0, 2850;
E_0x5615332774a0/712 .event edge, v0x56153332ddd0_2847, v0x56153332ddd0_2848, v0x56153332ddd0_2849, v0x56153332ddd0_2850;
v0x56153332ddd0_2851 .array/port v0x56153332ddd0, 2851;
v0x56153332ddd0_2852 .array/port v0x56153332ddd0, 2852;
v0x56153332ddd0_2853 .array/port v0x56153332ddd0, 2853;
v0x56153332ddd0_2854 .array/port v0x56153332ddd0, 2854;
E_0x5615332774a0/713 .event edge, v0x56153332ddd0_2851, v0x56153332ddd0_2852, v0x56153332ddd0_2853, v0x56153332ddd0_2854;
v0x56153332ddd0_2855 .array/port v0x56153332ddd0, 2855;
v0x56153332ddd0_2856 .array/port v0x56153332ddd0, 2856;
v0x56153332ddd0_2857 .array/port v0x56153332ddd0, 2857;
v0x56153332ddd0_2858 .array/port v0x56153332ddd0, 2858;
E_0x5615332774a0/714 .event edge, v0x56153332ddd0_2855, v0x56153332ddd0_2856, v0x56153332ddd0_2857, v0x56153332ddd0_2858;
v0x56153332ddd0_2859 .array/port v0x56153332ddd0, 2859;
v0x56153332ddd0_2860 .array/port v0x56153332ddd0, 2860;
v0x56153332ddd0_2861 .array/port v0x56153332ddd0, 2861;
v0x56153332ddd0_2862 .array/port v0x56153332ddd0, 2862;
E_0x5615332774a0/715 .event edge, v0x56153332ddd0_2859, v0x56153332ddd0_2860, v0x56153332ddd0_2861, v0x56153332ddd0_2862;
v0x56153332ddd0_2863 .array/port v0x56153332ddd0, 2863;
v0x56153332ddd0_2864 .array/port v0x56153332ddd0, 2864;
v0x56153332ddd0_2865 .array/port v0x56153332ddd0, 2865;
v0x56153332ddd0_2866 .array/port v0x56153332ddd0, 2866;
E_0x5615332774a0/716 .event edge, v0x56153332ddd0_2863, v0x56153332ddd0_2864, v0x56153332ddd0_2865, v0x56153332ddd0_2866;
v0x56153332ddd0_2867 .array/port v0x56153332ddd0, 2867;
v0x56153332ddd0_2868 .array/port v0x56153332ddd0, 2868;
v0x56153332ddd0_2869 .array/port v0x56153332ddd0, 2869;
v0x56153332ddd0_2870 .array/port v0x56153332ddd0, 2870;
E_0x5615332774a0/717 .event edge, v0x56153332ddd0_2867, v0x56153332ddd0_2868, v0x56153332ddd0_2869, v0x56153332ddd0_2870;
v0x56153332ddd0_2871 .array/port v0x56153332ddd0, 2871;
v0x56153332ddd0_2872 .array/port v0x56153332ddd0, 2872;
v0x56153332ddd0_2873 .array/port v0x56153332ddd0, 2873;
v0x56153332ddd0_2874 .array/port v0x56153332ddd0, 2874;
E_0x5615332774a0/718 .event edge, v0x56153332ddd0_2871, v0x56153332ddd0_2872, v0x56153332ddd0_2873, v0x56153332ddd0_2874;
v0x56153332ddd0_2875 .array/port v0x56153332ddd0, 2875;
v0x56153332ddd0_2876 .array/port v0x56153332ddd0, 2876;
v0x56153332ddd0_2877 .array/port v0x56153332ddd0, 2877;
v0x56153332ddd0_2878 .array/port v0x56153332ddd0, 2878;
E_0x5615332774a0/719 .event edge, v0x56153332ddd0_2875, v0x56153332ddd0_2876, v0x56153332ddd0_2877, v0x56153332ddd0_2878;
v0x56153332ddd0_2879 .array/port v0x56153332ddd0, 2879;
v0x56153332ddd0_2880 .array/port v0x56153332ddd0, 2880;
v0x56153332ddd0_2881 .array/port v0x56153332ddd0, 2881;
v0x56153332ddd0_2882 .array/port v0x56153332ddd0, 2882;
E_0x5615332774a0/720 .event edge, v0x56153332ddd0_2879, v0x56153332ddd0_2880, v0x56153332ddd0_2881, v0x56153332ddd0_2882;
v0x56153332ddd0_2883 .array/port v0x56153332ddd0, 2883;
v0x56153332ddd0_2884 .array/port v0x56153332ddd0, 2884;
v0x56153332ddd0_2885 .array/port v0x56153332ddd0, 2885;
v0x56153332ddd0_2886 .array/port v0x56153332ddd0, 2886;
E_0x5615332774a0/721 .event edge, v0x56153332ddd0_2883, v0x56153332ddd0_2884, v0x56153332ddd0_2885, v0x56153332ddd0_2886;
v0x56153332ddd0_2887 .array/port v0x56153332ddd0, 2887;
v0x56153332ddd0_2888 .array/port v0x56153332ddd0, 2888;
v0x56153332ddd0_2889 .array/port v0x56153332ddd0, 2889;
v0x56153332ddd0_2890 .array/port v0x56153332ddd0, 2890;
E_0x5615332774a0/722 .event edge, v0x56153332ddd0_2887, v0x56153332ddd0_2888, v0x56153332ddd0_2889, v0x56153332ddd0_2890;
v0x56153332ddd0_2891 .array/port v0x56153332ddd0, 2891;
v0x56153332ddd0_2892 .array/port v0x56153332ddd0, 2892;
v0x56153332ddd0_2893 .array/port v0x56153332ddd0, 2893;
v0x56153332ddd0_2894 .array/port v0x56153332ddd0, 2894;
E_0x5615332774a0/723 .event edge, v0x56153332ddd0_2891, v0x56153332ddd0_2892, v0x56153332ddd0_2893, v0x56153332ddd0_2894;
v0x56153332ddd0_2895 .array/port v0x56153332ddd0, 2895;
v0x56153332ddd0_2896 .array/port v0x56153332ddd0, 2896;
v0x56153332ddd0_2897 .array/port v0x56153332ddd0, 2897;
v0x56153332ddd0_2898 .array/port v0x56153332ddd0, 2898;
E_0x5615332774a0/724 .event edge, v0x56153332ddd0_2895, v0x56153332ddd0_2896, v0x56153332ddd0_2897, v0x56153332ddd0_2898;
v0x56153332ddd0_2899 .array/port v0x56153332ddd0, 2899;
v0x56153332ddd0_2900 .array/port v0x56153332ddd0, 2900;
v0x56153332ddd0_2901 .array/port v0x56153332ddd0, 2901;
v0x56153332ddd0_2902 .array/port v0x56153332ddd0, 2902;
E_0x5615332774a0/725 .event edge, v0x56153332ddd0_2899, v0x56153332ddd0_2900, v0x56153332ddd0_2901, v0x56153332ddd0_2902;
v0x56153332ddd0_2903 .array/port v0x56153332ddd0, 2903;
v0x56153332ddd0_2904 .array/port v0x56153332ddd0, 2904;
v0x56153332ddd0_2905 .array/port v0x56153332ddd0, 2905;
v0x56153332ddd0_2906 .array/port v0x56153332ddd0, 2906;
E_0x5615332774a0/726 .event edge, v0x56153332ddd0_2903, v0x56153332ddd0_2904, v0x56153332ddd0_2905, v0x56153332ddd0_2906;
v0x56153332ddd0_2907 .array/port v0x56153332ddd0, 2907;
v0x56153332ddd0_2908 .array/port v0x56153332ddd0, 2908;
v0x56153332ddd0_2909 .array/port v0x56153332ddd0, 2909;
v0x56153332ddd0_2910 .array/port v0x56153332ddd0, 2910;
E_0x5615332774a0/727 .event edge, v0x56153332ddd0_2907, v0x56153332ddd0_2908, v0x56153332ddd0_2909, v0x56153332ddd0_2910;
v0x56153332ddd0_2911 .array/port v0x56153332ddd0, 2911;
v0x56153332ddd0_2912 .array/port v0x56153332ddd0, 2912;
v0x56153332ddd0_2913 .array/port v0x56153332ddd0, 2913;
v0x56153332ddd0_2914 .array/port v0x56153332ddd0, 2914;
E_0x5615332774a0/728 .event edge, v0x56153332ddd0_2911, v0x56153332ddd0_2912, v0x56153332ddd0_2913, v0x56153332ddd0_2914;
v0x56153332ddd0_2915 .array/port v0x56153332ddd0, 2915;
v0x56153332ddd0_2916 .array/port v0x56153332ddd0, 2916;
v0x56153332ddd0_2917 .array/port v0x56153332ddd0, 2917;
v0x56153332ddd0_2918 .array/port v0x56153332ddd0, 2918;
E_0x5615332774a0/729 .event edge, v0x56153332ddd0_2915, v0x56153332ddd0_2916, v0x56153332ddd0_2917, v0x56153332ddd0_2918;
v0x56153332ddd0_2919 .array/port v0x56153332ddd0, 2919;
v0x56153332ddd0_2920 .array/port v0x56153332ddd0, 2920;
v0x56153332ddd0_2921 .array/port v0x56153332ddd0, 2921;
v0x56153332ddd0_2922 .array/port v0x56153332ddd0, 2922;
E_0x5615332774a0/730 .event edge, v0x56153332ddd0_2919, v0x56153332ddd0_2920, v0x56153332ddd0_2921, v0x56153332ddd0_2922;
v0x56153332ddd0_2923 .array/port v0x56153332ddd0, 2923;
v0x56153332ddd0_2924 .array/port v0x56153332ddd0, 2924;
v0x56153332ddd0_2925 .array/port v0x56153332ddd0, 2925;
v0x56153332ddd0_2926 .array/port v0x56153332ddd0, 2926;
E_0x5615332774a0/731 .event edge, v0x56153332ddd0_2923, v0x56153332ddd0_2924, v0x56153332ddd0_2925, v0x56153332ddd0_2926;
v0x56153332ddd0_2927 .array/port v0x56153332ddd0, 2927;
v0x56153332ddd0_2928 .array/port v0x56153332ddd0, 2928;
v0x56153332ddd0_2929 .array/port v0x56153332ddd0, 2929;
v0x56153332ddd0_2930 .array/port v0x56153332ddd0, 2930;
E_0x5615332774a0/732 .event edge, v0x56153332ddd0_2927, v0x56153332ddd0_2928, v0x56153332ddd0_2929, v0x56153332ddd0_2930;
v0x56153332ddd0_2931 .array/port v0x56153332ddd0, 2931;
v0x56153332ddd0_2932 .array/port v0x56153332ddd0, 2932;
v0x56153332ddd0_2933 .array/port v0x56153332ddd0, 2933;
v0x56153332ddd0_2934 .array/port v0x56153332ddd0, 2934;
E_0x5615332774a0/733 .event edge, v0x56153332ddd0_2931, v0x56153332ddd0_2932, v0x56153332ddd0_2933, v0x56153332ddd0_2934;
v0x56153332ddd0_2935 .array/port v0x56153332ddd0, 2935;
v0x56153332ddd0_2936 .array/port v0x56153332ddd0, 2936;
v0x56153332ddd0_2937 .array/port v0x56153332ddd0, 2937;
v0x56153332ddd0_2938 .array/port v0x56153332ddd0, 2938;
E_0x5615332774a0/734 .event edge, v0x56153332ddd0_2935, v0x56153332ddd0_2936, v0x56153332ddd0_2937, v0x56153332ddd0_2938;
v0x56153332ddd0_2939 .array/port v0x56153332ddd0, 2939;
v0x56153332ddd0_2940 .array/port v0x56153332ddd0, 2940;
v0x56153332ddd0_2941 .array/port v0x56153332ddd0, 2941;
v0x56153332ddd0_2942 .array/port v0x56153332ddd0, 2942;
E_0x5615332774a0/735 .event edge, v0x56153332ddd0_2939, v0x56153332ddd0_2940, v0x56153332ddd0_2941, v0x56153332ddd0_2942;
v0x56153332ddd0_2943 .array/port v0x56153332ddd0, 2943;
v0x56153332ddd0_2944 .array/port v0x56153332ddd0, 2944;
v0x56153332ddd0_2945 .array/port v0x56153332ddd0, 2945;
v0x56153332ddd0_2946 .array/port v0x56153332ddd0, 2946;
E_0x5615332774a0/736 .event edge, v0x56153332ddd0_2943, v0x56153332ddd0_2944, v0x56153332ddd0_2945, v0x56153332ddd0_2946;
v0x56153332ddd0_2947 .array/port v0x56153332ddd0, 2947;
v0x56153332ddd0_2948 .array/port v0x56153332ddd0, 2948;
v0x56153332ddd0_2949 .array/port v0x56153332ddd0, 2949;
v0x56153332ddd0_2950 .array/port v0x56153332ddd0, 2950;
E_0x5615332774a0/737 .event edge, v0x56153332ddd0_2947, v0x56153332ddd0_2948, v0x56153332ddd0_2949, v0x56153332ddd0_2950;
v0x56153332ddd0_2951 .array/port v0x56153332ddd0, 2951;
v0x56153332ddd0_2952 .array/port v0x56153332ddd0, 2952;
v0x56153332ddd0_2953 .array/port v0x56153332ddd0, 2953;
v0x56153332ddd0_2954 .array/port v0x56153332ddd0, 2954;
E_0x5615332774a0/738 .event edge, v0x56153332ddd0_2951, v0x56153332ddd0_2952, v0x56153332ddd0_2953, v0x56153332ddd0_2954;
v0x56153332ddd0_2955 .array/port v0x56153332ddd0, 2955;
v0x56153332ddd0_2956 .array/port v0x56153332ddd0, 2956;
v0x56153332ddd0_2957 .array/port v0x56153332ddd0, 2957;
v0x56153332ddd0_2958 .array/port v0x56153332ddd0, 2958;
E_0x5615332774a0/739 .event edge, v0x56153332ddd0_2955, v0x56153332ddd0_2956, v0x56153332ddd0_2957, v0x56153332ddd0_2958;
v0x56153332ddd0_2959 .array/port v0x56153332ddd0, 2959;
v0x56153332ddd0_2960 .array/port v0x56153332ddd0, 2960;
v0x56153332ddd0_2961 .array/port v0x56153332ddd0, 2961;
v0x56153332ddd0_2962 .array/port v0x56153332ddd0, 2962;
E_0x5615332774a0/740 .event edge, v0x56153332ddd0_2959, v0x56153332ddd0_2960, v0x56153332ddd0_2961, v0x56153332ddd0_2962;
v0x56153332ddd0_2963 .array/port v0x56153332ddd0, 2963;
v0x56153332ddd0_2964 .array/port v0x56153332ddd0, 2964;
v0x56153332ddd0_2965 .array/port v0x56153332ddd0, 2965;
v0x56153332ddd0_2966 .array/port v0x56153332ddd0, 2966;
E_0x5615332774a0/741 .event edge, v0x56153332ddd0_2963, v0x56153332ddd0_2964, v0x56153332ddd0_2965, v0x56153332ddd0_2966;
v0x56153332ddd0_2967 .array/port v0x56153332ddd0, 2967;
v0x56153332ddd0_2968 .array/port v0x56153332ddd0, 2968;
v0x56153332ddd0_2969 .array/port v0x56153332ddd0, 2969;
v0x56153332ddd0_2970 .array/port v0x56153332ddd0, 2970;
E_0x5615332774a0/742 .event edge, v0x56153332ddd0_2967, v0x56153332ddd0_2968, v0x56153332ddd0_2969, v0x56153332ddd0_2970;
v0x56153332ddd0_2971 .array/port v0x56153332ddd0, 2971;
v0x56153332ddd0_2972 .array/port v0x56153332ddd0, 2972;
v0x56153332ddd0_2973 .array/port v0x56153332ddd0, 2973;
v0x56153332ddd0_2974 .array/port v0x56153332ddd0, 2974;
E_0x5615332774a0/743 .event edge, v0x56153332ddd0_2971, v0x56153332ddd0_2972, v0x56153332ddd0_2973, v0x56153332ddd0_2974;
v0x56153332ddd0_2975 .array/port v0x56153332ddd0, 2975;
v0x56153332ddd0_2976 .array/port v0x56153332ddd0, 2976;
v0x56153332ddd0_2977 .array/port v0x56153332ddd0, 2977;
v0x56153332ddd0_2978 .array/port v0x56153332ddd0, 2978;
E_0x5615332774a0/744 .event edge, v0x56153332ddd0_2975, v0x56153332ddd0_2976, v0x56153332ddd0_2977, v0x56153332ddd0_2978;
v0x56153332ddd0_2979 .array/port v0x56153332ddd0, 2979;
v0x56153332ddd0_2980 .array/port v0x56153332ddd0, 2980;
v0x56153332ddd0_2981 .array/port v0x56153332ddd0, 2981;
v0x56153332ddd0_2982 .array/port v0x56153332ddd0, 2982;
E_0x5615332774a0/745 .event edge, v0x56153332ddd0_2979, v0x56153332ddd0_2980, v0x56153332ddd0_2981, v0x56153332ddd0_2982;
v0x56153332ddd0_2983 .array/port v0x56153332ddd0, 2983;
v0x56153332ddd0_2984 .array/port v0x56153332ddd0, 2984;
v0x56153332ddd0_2985 .array/port v0x56153332ddd0, 2985;
v0x56153332ddd0_2986 .array/port v0x56153332ddd0, 2986;
E_0x5615332774a0/746 .event edge, v0x56153332ddd0_2983, v0x56153332ddd0_2984, v0x56153332ddd0_2985, v0x56153332ddd0_2986;
v0x56153332ddd0_2987 .array/port v0x56153332ddd0, 2987;
v0x56153332ddd0_2988 .array/port v0x56153332ddd0, 2988;
v0x56153332ddd0_2989 .array/port v0x56153332ddd0, 2989;
v0x56153332ddd0_2990 .array/port v0x56153332ddd0, 2990;
E_0x5615332774a0/747 .event edge, v0x56153332ddd0_2987, v0x56153332ddd0_2988, v0x56153332ddd0_2989, v0x56153332ddd0_2990;
v0x56153332ddd0_2991 .array/port v0x56153332ddd0, 2991;
v0x56153332ddd0_2992 .array/port v0x56153332ddd0, 2992;
v0x56153332ddd0_2993 .array/port v0x56153332ddd0, 2993;
v0x56153332ddd0_2994 .array/port v0x56153332ddd0, 2994;
E_0x5615332774a0/748 .event edge, v0x56153332ddd0_2991, v0x56153332ddd0_2992, v0x56153332ddd0_2993, v0x56153332ddd0_2994;
v0x56153332ddd0_2995 .array/port v0x56153332ddd0, 2995;
v0x56153332ddd0_2996 .array/port v0x56153332ddd0, 2996;
v0x56153332ddd0_2997 .array/port v0x56153332ddd0, 2997;
v0x56153332ddd0_2998 .array/port v0x56153332ddd0, 2998;
E_0x5615332774a0/749 .event edge, v0x56153332ddd0_2995, v0x56153332ddd0_2996, v0x56153332ddd0_2997, v0x56153332ddd0_2998;
v0x56153332ddd0_2999 .array/port v0x56153332ddd0, 2999;
v0x56153332ddd0_3000 .array/port v0x56153332ddd0, 3000;
v0x56153332ddd0_3001 .array/port v0x56153332ddd0, 3001;
v0x56153332ddd0_3002 .array/port v0x56153332ddd0, 3002;
E_0x5615332774a0/750 .event edge, v0x56153332ddd0_2999, v0x56153332ddd0_3000, v0x56153332ddd0_3001, v0x56153332ddd0_3002;
v0x56153332ddd0_3003 .array/port v0x56153332ddd0, 3003;
v0x56153332ddd0_3004 .array/port v0x56153332ddd0, 3004;
v0x56153332ddd0_3005 .array/port v0x56153332ddd0, 3005;
v0x56153332ddd0_3006 .array/port v0x56153332ddd0, 3006;
E_0x5615332774a0/751 .event edge, v0x56153332ddd0_3003, v0x56153332ddd0_3004, v0x56153332ddd0_3005, v0x56153332ddd0_3006;
v0x56153332ddd0_3007 .array/port v0x56153332ddd0, 3007;
v0x56153332ddd0_3008 .array/port v0x56153332ddd0, 3008;
v0x56153332ddd0_3009 .array/port v0x56153332ddd0, 3009;
v0x56153332ddd0_3010 .array/port v0x56153332ddd0, 3010;
E_0x5615332774a0/752 .event edge, v0x56153332ddd0_3007, v0x56153332ddd0_3008, v0x56153332ddd0_3009, v0x56153332ddd0_3010;
v0x56153332ddd0_3011 .array/port v0x56153332ddd0, 3011;
v0x56153332ddd0_3012 .array/port v0x56153332ddd0, 3012;
v0x56153332ddd0_3013 .array/port v0x56153332ddd0, 3013;
v0x56153332ddd0_3014 .array/port v0x56153332ddd0, 3014;
E_0x5615332774a0/753 .event edge, v0x56153332ddd0_3011, v0x56153332ddd0_3012, v0x56153332ddd0_3013, v0x56153332ddd0_3014;
v0x56153332ddd0_3015 .array/port v0x56153332ddd0, 3015;
v0x56153332ddd0_3016 .array/port v0x56153332ddd0, 3016;
v0x56153332ddd0_3017 .array/port v0x56153332ddd0, 3017;
v0x56153332ddd0_3018 .array/port v0x56153332ddd0, 3018;
E_0x5615332774a0/754 .event edge, v0x56153332ddd0_3015, v0x56153332ddd0_3016, v0x56153332ddd0_3017, v0x56153332ddd0_3018;
v0x56153332ddd0_3019 .array/port v0x56153332ddd0, 3019;
v0x56153332ddd0_3020 .array/port v0x56153332ddd0, 3020;
v0x56153332ddd0_3021 .array/port v0x56153332ddd0, 3021;
v0x56153332ddd0_3022 .array/port v0x56153332ddd0, 3022;
E_0x5615332774a0/755 .event edge, v0x56153332ddd0_3019, v0x56153332ddd0_3020, v0x56153332ddd0_3021, v0x56153332ddd0_3022;
v0x56153332ddd0_3023 .array/port v0x56153332ddd0, 3023;
v0x56153332ddd0_3024 .array/port v0x56153332ddd0, 3024;
v0x56153332ddd0_3025 .array/port v0x56153332ddd0, 3025;
v0x56153332ddd0_3026 .array/port v0x56153332ddd0, 3026;
E_0x5615332774a0/756 .event edge, v0x56153332ddd0_3023, v0x56153332ddd0_3024, v0x56153332ddd0_3025, v0x56153332ddd0_3026;
v0x56153332ddd0_3027 .array/port v0x56153332ddd0, 3027;
v0x56153332ddd0_3028 .array/port v0x56153332ddd0, 3028;
v0x56153332ddd0_3029 .array/port v0x56153332ddd0, 3029;
v0x56153332ddd0_3030 .array/port v0x56153332ddd0, 3030;
E_0x5615332774a0/757 .event edge, v0x56153332ddd0_3027, v0x56153332ddd0_3028, v0x56153332ddd0_3029, v0x56153332ddd0_3030;
v0x56153332ddd0_3031 .array/port v0x56153332ddd0, 3031;
v0x56153332ddd0_3032 .array/port v0x56153332ddd0, 3032;
v0x56153332ddd0_3033 .array/port v0x56153332ddd0, 3033;
v0x56153332ddd0_3034 .array/port v0x56153332ddd0, 3034;
E_0x5615332774a0/758 .event edge, v0x56153332ddd0_3031, v0x56153332ddd0_3032, v0x56153332ddd0_3033, v0x56153332ddd0_3034;
v0x56153332ddd0_3035 .array/port v0x56153332ddd0, 3035;
v0x56153332ddd0_3036 .array/port v0x56153332ddd0, 3036;
v0x56153332ddd0_3037 .array/port v0x56153332ddd0, 3037;
v0x56153332ddd0_3038 .array/port v0x56153332ddd0, 3038;
E_0x5615332774a0/759 .event edge, v0x56153332ddd0_3035, v0x56153332ddd0_3036, v0x56153332ddd0_3037, v0x56153332ddd0_3038;
v0x56153332ddd0_3039 .array/port v0x56153332ddd0, 3039;
v0x56153332ddd0_3040 .array/port v0x56153332ddd0, 3040;
v0x56153332ddd0_3041 .array/port v0x56153332ddd0, 3041;
v0x56153332ddd0_3042 .array/port v0x56153332ddd0, 3042;
E_0x5615332774a0/760 .event edge, v0x56153332ddd0_3039, v0x56153332ddd0_3040, v0x56153332ddd0_3041, v0x56153332ddd0_3042;
v0x56153332ddd0_3043 .array/port v0x56153332ddd0, 3043;
v0x56153332ddd0_3044 .array/port v0x56153332ddd0, 3044;
v0x56153332ddd0_3045 .array/port v0x56153332ddd0, 3045;
v0x56153332ddd0_3046 .array/port v0x56153332ddd0, 3046;
E_0x5615332774a0/761 .event edge, v0x56153332ddd0_3043, v0x56153332ddd0_3044, v0x56153332ddd0_3045, v0x56153332ddd0_3046;
v0x56153332ddd0_3047 .array/port v0x56153332ddd0, 3047;
v0x56153332ddd0_3048 .array/port v0x56153332ddd0, 3048;
v0x56153332ddd0_3049 .array/port v0x56153332ddd0, 3049;
v0x56153332ddd0_3050 .array/port v0x56153332ddd0, 3050;
E_0x5615332774a0/762 .event edge, v0x56153332ddd0_3047, v0x56153332ddd0_3048, v0x56153332ddd0_3049, v0x56153332ddd0_3050;
v0x56153332ddd0_3051 .array/port v0x56153332ddd0, 3051;
v0x56153332ddd0_3052 .array/port v0x56153332ddd0, 3052;
v0x56153332ddd0_3053 .array/port v0x56153332ddd0, 3053;
v0x56153332ddd0_3054 .array/port v0x56153332ddd0, 3054;
E_0x5615332774a0/763 .event edge, v0x56153332ddd0_3051, v0x56153332ddd0_3052, v0x56153332ddd0_3053, v0x56153332ddd0_3054;
v0x56153332ddd0_3055 .array/port v0x56153332ddd0, 3055;
v0x56153332ddd0_3056 .array/port v0x56153332ddd0, 3056;
v0x56153332ddd0_3057 .array/port v0x56153332ddd0, 3057;
v0x56153332ddd0_3058 .array/port v0x56153332ddd0, 3058;
E_0x5615332774a0/764 .event edge, v0x56153332ddd0_3055, v0x56153332ddd0_3056, v0x56153332ddd0_3057, v0x56153332ddd0_3058;
v0x56153332ddd0_3059 .array/port v0x56153332ddd0, 3059;
v0x56153332ddd0_3060 .array/port v0x56153332ddd0, 3060;
v0x56153332ddd0_3061 .array/port v0x56153332ddd0, 3061;
v0x56153332ddd0_3062 .array/port v0x56153332ddd0, 3062;
E_0x5615332774a0/765 .event edge, v0x56153332ddd0_3059, v0x56153332ddd0_3060, v0x56153332ddd0_3061, v0x56153332ddd0_3062;
v0x56153332ddd0_3063 .array/port v0x56153332ddd0, 3063;
v0x56153332ddd0_3064 .array/port v0x56153332ddd0, 3064;
v0x56153332ddd0_3065 .array/port v0x56153332ddd0, 3065;
v0x56153332ddd0_3066 .array/port v0x56153332ddd0, 3066;
E_0x5615332774a0/766 .event edge, v0x56153332ddd0_3063, v0x56153332ddd0_3064, v0x56153332ddd0_3065, v0x56153332ddd0_3066;
v0x56153332ddd0_3067 .array/port v0x56153332ddd0, 3067;
v0x56153332ddd0_3068 .array/port v0x56153332ddd0, 3068;
v0x56153332ddd0_3069 .array/port v0x56153332ddd0, 3069;
v0x56153332ddd0_3070 .array/port v0x56153332ddd0, 3070;
E_0x5615332774a0/767 .event edge, v0x56153332ddd0_3067, v0x56153332ddd0_3068, v0x56153332ddd0_3069, v0x56153332ddd0_3070;
v0x56153332ddd0_3071 .array/port v0x56153332ddd0, 3071;
v0x56153332ddd0_3072 .array/port v0x56153332ddd0, 3072;
v0x56153332ddd0_3073 .array/port v0x56153332ddd0, 3073;
v0x56153332ddd0_3074 .array/port v0x56153332ddd0, 3074;
E_0x5615332774a0/768 .event edge, v0x56153332ddd0_3071, v0x56153332ddd0_3072, v0x56153332ddd0_3073, v0x56153332ddd0_3074;
v0x56153332ddd0_3075 .array/port v0x56153332ddd0, 3075;
v0x56153332ddd0_3076 .array/port v0x56153332ddd0, 3076;
v0x56153332ddd0_3077 .array/port v0x56153332ddd0, 3077;
v0x56153332ddd0_3078 .array/port v0x56153332ddd0, 3078;
E_0x5615332774a0/769 .event edge, v0x56153332ddd0_3075, v0x56153332ddd0_3076, v0x56153332ddd0_3077, v0x56153332ddd0_3078;
v0x56153332ddd0_3079 .array/port v0x56153332ddd0, 3079;
v0x56153332ddd0_3080 .array/port v0x56153332ddd0, 3080;
v0x56153332ddd0_3081 .array/port v0x56153332ddd0, 3081;
v0x56153332ddd0_3082 .array/port v0x56153332ddd0, 3082;
E_0x5615332774a0/770 .event edge, v0x56153332ddd0_3079, v0x56153332ddd0_3080, v0x56153332ddd0_3081, v0x56153332ddd0_3082;
v0x56153332ddd0_3083 .array/port v0x56153332ddd0, 3083;
v0x56153332ddd0_3084 .array/port v0x56153332ddd0, 3084;
v0x56153332ddd0_3085 .array/port v0x56153332ddd0, 3085;
v0x56153332ddd0_3086 .array/port v0x56153332ddd0, 3086;
E_0x5615332774a0/771 .event edge, v0x56153332ddd0_3083, v0x56153332ddd0_3084, v0x56153332ddd0_3085, v0x56153332ddd0_3086;
v0x56153332ddd0_3087 .array/port v0x56153332ddd0, 3087;
v0x56153332ddd0_3088 .array/port v0x56153332ddd0, 3088;
v0x56153332ddd0_3089 .array/port v0x56153332ddd0, 3089;
v0x56153332ddd0_3090 .array/port v0x56153332ddd0, 3090;
E_0x5615332774a0/772 .event edge, v0x56153332ddd0_3087, v0x56153332ddd0_3088, v0x56153332ddd0_3089, v0x56153332ddd0_3090;
v0x56153332ddd0_3091 .array/port v0x56153332ddd0, 3091;
v0x56153332ddd0_3092 .array/port v0x56153332ddd0, 3092;
v0x56153332ddd0_3093 .array/port v0x56153332ddd0, 3093;
v0x56153332ddd0_3094 .array/port v0x56153332ddd0, 3094;
E_0x5615332774a0/773 .event edge, v0x56153332ddd0_3091, v0x56153332ddd0_3092, v0x56153332ddd0_3093, v0x56153332ddd0_3094;
v0x56153332ddd0_3095 .array/port v0x56153332ddd0, 3095;
v0x56153332ddd0_3096 .array/port v0x56153332ddd0, 3096;
v0x56153332ddd0_3097 .array/port v0x56153332ddd0, 3097;
v0x56153332ddd0_3098 .array/port v0x56153332ddd0, 3098;
E_0x5615332774a0/774 .event edge, v0x56153332ddd0_3095, v0x56153332ddd0_3096, v0x56153332ddd0_3097, v0x56153332ddd0_3098;
v0x56153332ddd0_3099 .array/port v0x56153332ddd0, 3099;
v0x56153332ddd0_3100 .array/port v0x56153332ddd0, 3100;
v0x56153332ddd0_3101 .array/port v0x56153332ddd0, 3101;
v0x56153332ddd0_3102 .array/port v0x56153332ddd0, 3102;
E_0x5615332774a0/775 .event edge, v0x56153332ddd0_3099, v0x56153332ddd0_3100, v0x56153332ddd0_3101, v0x56153332ddd0_3102;
v0x56153332ddd0_3103 .array/port v0x56153332ddd0, 3103;
v0x56153332ddd0_3104 .array/port v0x56153332ddd0, 3104;
v0x56153332ddd0_3105 .array/port v0x56153332ddd0, 3105;
v0x56153332ddd0_3106 .array/port v0x56153332ddd0, 3106;
E_0x5615332774a0/776 .event edge, v0x56153332ddd0_3103, v0x56153332ddd0_3104, v0x56153332ddd0_3105, v0x56153332ddd0_3106;
v0x56153332ddd0_3107 .array/port v0x56153332ddd0, 3107;
v0x56153332ddd0_3108 .array/port v0x56153332ddd0, 3108;
v0x56153332ddd0_3109 .array/port v0x56153332ddd0, 3109;
v0x56153332ddd0_3110 .array/port v0x56153332ddd0, 3110;
E_0x5615332774a0/777 .event edge, v0x56153332ddd0_3107, v0x56153332ddd0_3108, v0x56153332ddd0_3109, v0x56153332ddd0_3110;
v0x56153332ddd0_3111 .array/port v0x56153332ddd0, 3111;
v0x56153332ddd0_3112 .array/port v0x56153332ddd0, 3112;
v0x56153332ddd0_3113 .array/port v0x56153332ddd0, 3113;
v0x56153332ddd0_3114 .array/port v0x56153332ddd0, 3114;
E_0x5615332774a0/778 .event edge, v0x56153332ddd0_3111, v0x56153332ddd0_3112, v0x56153332ddd0_3113, v0x56153332ddd0_3114;
v0x56153332ddd0_3115 .array/port v0x56153332ddd0, 3115;
v0x56153332ddd0_3116 .array/port v0x56153332ddd0, 3116;
v0x56153332ddd0_3117 .array/port v0x56153332ddd0, 3117;
v0x56153332ddd0_3118 .array/port v0x56153332ddd0, 3118;
E_0x5615332774a0/779 .event edge, v0x56153332ddd0_3115, v0x56153332ddd0_3116, v0x56153332ddd0_3117, v0x56153332ddd0_3118;
v0x56153332ddd0_3119 .array/port v0x56153332ddd0, 3119;
v0x56153332ddd0_3120 .array/port v0x56153332ddd0, 3120;
v0x56153332ddd0_3121 .array/port v0x56153332ddd0, 3121;
v0x56153332ddd0_3122 .array/port v0x56153332ddd0, 3122;
E_0x5615332774a0/780 .event edge, v0x56153332ddd0_3119, v0x56153332ddd0_3120, v0x56153332ddd0_3121, v0x56153332ddd0_3122;
v0x56153332ddd0_3123 .array/port v0x56153332ddd0, 3123;
v0x56153332ddd0_3124 .array/port v0x56153332ddd0, 3124;
v0x56153332ddd0_3125 .array/port v0x56153332ddd0, 3125;
v0x56153332ddd0_3126 .array/port v0x56153332ddd0, 3126;
E_0x5615332774a0/781 .event edge, v0x56153332ddd0_3123, v0x56153332ddd0_3124, v0x56153332ddd0_3125, v0x56153332ddd0_3126;
v0x56153332ddd0_3127 .array/port v0x56153332ddd0, 3127;
v0x56153332ddd0_3128 .array/port v0x56153332ddd0, 3128;
v0x56153332ddd0_3129 .array/port v0x56153332ddd0, 3129;
v0x56153332ddd0_3130 .array/port v0x56153332ddd0, 3130;
E_0x5615332774a0/782 .event edge, v0x56153332ddd0_3127, v0x56153332ddd0_3128, v0x56153332ddd0_3129, v0x56153332ddd0_3130;
v0x56153332ddd0_3131 .array/port v0x56153332ddd0, 3131;
v0x56153332ddd0_3132 .array/port v0x56153332ddd0, 3132;
v0x56153332ddd0_3133 .array/port v0x56153332ddd0, 3133;
v0x56153332ddd0_3134 .array/port v0x56153332ddd0, 3134;
E_0x5615332774a0/783 .event edge, v0x56153332ddd0_3131, v0x56153332ddd0_3132, v0x56153332ddd0_3133, v0x56153332ddd0_3134;
v0x56153332ddd0_3135 .array/port v0x56153332ddd0, 3135;
v0x56153332ddd0_3136 .array/port v0x56153332ddd0, 3136;
v0x56153332ddd0_3137 .array/port v0x56153332ddd0, 3137;
v0x56153332ddd0_3138 .array/port v0x56153332ddd0, 3138;
E_0x5615332774a0/784 .event edge, v0x56153332ddd0_3135, v0x56153332ddd0_3136, v0x56153332ddd0_3137, v0x56153332ddd0_3138;
v0x56153332ddd0_3139 .array/port v0x56153332ddd0, 3139;
v0x56153332ddd0_3140 .array/port v0x56153332ddd0, 3140;
v0x56153332ddd0_3141 .array/port v0x56153332ddd0, 3141;
v0x56153332ddd0_3142 .array/port v0x56153332ddd0, 3142;
E_0x5615332774a0/785 .event edge, v0x56153332ddd0_3139, v0x56153332ddd0_3140, v0x56153332ddd0_3141, v0x56153332ddd0_3142;
v0x56153332ddd0_3143 .array/port v0x56153332ddd0, 3143;
v0x56153332ddd0_3144 .array/port v0x56153332ddd0, 3144;
v0x56153332ddd0_3145 .array/port v0x56153332ddd0, 3145;
v0x56153332ddd0_3146 .array/port v0x56153332ddd0, 3146;
E_0x5615332774a0/786 .event edge, v0x56153332ddd0_3143, v0x56153332ddd0_3144, v0x56153332ddd0_3145, v0x56153332ddd0_3146;
v0x56153332ddd0_3147 .array/port v0x56153332ddd0, 3147;
v0x56153332ddd0_3148 .array/port v0x56153332ddd0, 3148;
v0x56153332ddd0_3149 .array/port v0x56153332ddd0, 3149;
v0x56153332ddd0_3150 .array/port v0x56153332ddd0, 3150;
E_0x5615332774a0/787 .event edge, v0x56153332ddd0_3147, v0x56153332ddd0_3148, v0x56153332ddd0_3149, v0x56153332ddd0_3150;
v0x56153332ddd0_3151 .array/port v0x56153332ddd0, 3151;
v0x56153332ddd0_3152 .array/port v0x56153332ddd0, 3152;
v0x56153332ddd0_3153 .array/port v0x56153332ddd0, 3153;
v0x56153332ddd0_3154 .array/port v0x56153332ddd0, 3154;
E_0x5615332774a0/788 .event edge, v0x56153332ddd0_3151, v0x56153332ddd0_3152, v0x56153332ddd0_3153, v0x56153332ddd0_3154;
v0x56153332ddd0_3155 .array/port v0x56153332ddd0, 3155;
v0x56153332ddd0_3156 .array/port v0x56153332ddd0, 3156;
v0x56153332ddd0_3157 .array/port v0x56153332ddd0, 3157;
v0x56153332ddd0_3158 .array/port v0x56153332ddd0, 3158;
E_0x5615332774a0/789 .event edge, v0x56153332ddd0_3155, v0x56153332ddd0_3156, v0x56153332ddd0_3157, v0x56153332ddd0_3158;
v0x56153332ddd0_3159 .array/port v0x56153332ddd0, 3159;
v0x56153332ddd0_3160 .array/port v0x56153332ddd0, 3160;
v0x56153332ddd0_3161 .array/port v0x56153332ddd0, 3161;
v0x56153332ddd0_3162 .array/port v0x56153332ddd0, 3162;
E_0x5615332774a0/790 .event edge, v0x56153332ddd0_3159, v0x56153332ddd0_3160, v0x56153332ddd0_3161, v0x56153332ddd0_3162;
v0x56153332ddd0_3163 .array/port v0x56153332ddd0, 3163;
v0x56153332ddd0_3164 .array/port v0x56153332ddd0, 3164;
v0x56153332ddd0_3165 .array/port v0x56153332ddd0, 3165;
v0x56153332ddd0_3166 .array/port v0x56153332ddd0, 3166;
E_0x5615332774a0/791 .event edge, v0x56153332ddd0_3163, v0x56153332ddd0_3164, v0x56153332ddd0_3165, v0x56153332ddd0_3166;
v0x56153332ddd0_3167 .array/port v0x56153332ddd0, 3167;
v0x56153332ddd0_3168 .array/port v0x56153332ddd0, 3168;
v0x56153332ddd0_3169 .array/port v0x56153332ddd0, 3169;
v0x56153332ddd0_3170 .array/port v0x56153332ddd0, 3170;
E_0x5615332774a0/792 .event edge, v0x56153332ddd0_3167, v0x56153332ddd0_3168, v0x56153332ddd0_3169, v0x56153332ddd0_3170;
v0x56153332ddd0_3171 .array/port v0x56153332ddd0, 3171;
v0x56153332ddd0_3172 .array/port v0x56153332ddd0, 3172;
v0x56153332ddd0_3173 .array/port v0x56153332ddd0, 3173;
v0x56153332ddd0_3174 .array/port v0x56153332ddd0, 3174;
E_0x5615332774a0/793 .event edge, v0x56153332ddd0_3171, v0x56153332ddd0_3172, v0x56153332ddd0_3173, v0x56153332ddd0_3174;
v0x56153332ddd0_3175 .array/port v0x56153332ddd0, 3175;
v0x56153332ddd0_3176 .array/port v0x56153332ddd0, 3176;
v0x56153332ddd0_3177 .array/port v0x56153332ddd0, 3177;
v0x56153332ddd0_3178 .array/port v0x56153332ddd0, 3178;
E_0x5615332774a0/794 .event edge, v0x56153332ddd0_3175, v0x56153332ddd0_3176, v0x56153332ddd0_3177, v0x56153332ddd0_3178;
v0x56153332ddd0_3179 .array/port v0x56153332ddd0, 3179;
v0x56153332ddd0_3180 .array/port v0x56153332ddd0, 3180;
v0x56153332ddd0_3181 .array/port v0x56153332ddd0, 3181;
v0x56153332ddd0_3182 .array/port v0x56153332ddd0, 3182;
E_0x5615332774a0/795 .event edge, v0x56153332ddd0_3179, v0x56153332ddd0_3180, v0x56153332ddd0_3181, v0x56153332ddd0_3182;
v0x56153332ddd0_3183 .array/port v0x56153332ddd0, 3183;
v0x56153332ddd0_3184 .array/port v0x56153332ddd0, 3184;
v0x56153332ddd0_3185 .array/port v0x56153332ddd0, 3185;
v0x56153332ddd0_3186 .array/port v0x56153332ddd0, 3186;
E_0x5615332774a0/796 .event edge, v0x56153332ddd0_3183, v0x56153332ddd0_3184, v0x56153332ddd0_3185, v0x56153332ddd0_3186;
v0x56153332ddd0_3187 .array/port v0x56153332ddd0, 3187;
v0x56153332ddd0_3188 .array/port v0x56153332ddd0, 3188;
v0x56153332ddd0_3189 .array/port v0x56153332ddd0, 3189;
v0x56153332ddd0_3190 .array/port v0x56153332ddd0, 3190;
E_0x5615332774a0/797 .event edge, v0x56153332ddd0_3187, v0x56153332ddd0_3188, v0x56153332ddd0_3189, v0x56153332ddd0_3190;
v0x56153332ddd0_3191 .array/port v0x56153332ddd0, 3191;
v0x56153332ddd0_3192 .array/port v0x56153332ddd0, 3192;
v0x56153332ddd0_3193 .array/port v0x56153332ddd0, 3193;
v0x56153332ddd0_3194 .array/port v0x56153332ddd0, 3194;
E_0x5615332774a0/798 .event edge, v0x56153332ddd0_3191, v0x56153332ddd0_3192, v0x56153332ddd0_3193, v0x56153332ddd0_3194;
v0x56153332ddd0_3195 .array/port v0x56153332ddd0, 3195;
v0x56153332ddd0_3196 .array/port v0x56153332ddd0, 3196;
v0x56153332ddd0_3197 .array/port v0x56153332ddd0, 3197;
v0x56153332ddd0_3198 .array/port v0x56153332ddd0, 3198;
E_0x5615332774a0/799 .event edge, v0x56153332ddd0_3195, v0x56153332ddd0_3196, v0x56153332ddd0_3197, v0x56153332ddd0_3198;
v0x56153332ddd0_3199 .array/port v0x56153332ddd0, 3199;
v0x56153332ddd0_3200 .array/port v0x56153332ddd0, 3200;
v0x56153332ddd0_3201 .array/port v0x56153332ddd0, 3201;
v0x56153332ddd0_3202 .array/port v0x56153332ddd0, 3202;
E_0x5615332774a0/800 .event edge, v0x56153332ddd0_3199, v0x56153332ddd0_3200, v0x56153332ddd0_3201, v0x56153332ddd0_3202;
v0x56153332ddd0_3203 .array/port v0x56153332ddd0, 3203;
v0x56153332ddd0_3204 .array/port v0x56153332ddd0, 3204;
v0x56153332ddd0_3205 .array/port v0x56153332ddd0, 3205;
v0x56153332ddd0_3206 .array/port v0x56153332ddd0, 3206;
E_0x5615332774a0/801 .event edge, v0x56153332ddd0_3203, v0x56153332ddd0_3204, v0x56153332ddd0_3205, v0x56153332ddd0_3206;
v0x56153332ddd0_3207 .array/port v0x56153332ddd0, 3207;
v0x56153332ddd0_3208 .array/port v0x56153332ddd0, 3208;
v0x56153332ddd0_3209 .array/port v0x56153332ddd0, 3209;
v0x56153332ddd0_3210 .array/port v0x56153332ddd0, 3210;
E_0x5615332774a0/802 .event edge, v0x56153332ddd0_3207, v0x56153332ddd0_3208, v0x56153332ddd0_3209, v0x56153332ddd0_3210;
v0x56153332ddd0_3211 .array/port v0x56153332ddd0, 3211;
v0x56153332ddd0_3212 .array/port v0x56153332ddd0, 3212;
v0x56153332ddd0_3213 .array/port v0x56153332ddd0, 3213;
v0x56153332ddd0_3214 .array/port v0x56153332ddd0, 3214;
E_0x5615332774a0/803 .event edge, v0x56153332ddd0_3211, v0x56153332ddd0_3212, v0x56153332ddd0_3213, v0x56153332ddd0_3214;
v0x56153332ddd0_3215 .array/port v0x56153332ddd0, 3215;
v0x56153332ddd0_3216 .array/port v0x56153332ddd0, 3216;
v0x56153332ddd0_3217 .array/port v0x56153332ddd0, 3217;
v0x56153332ddd0_3218 .array/port v0x56153332ddd0, 3218;
E_0x5615332774a0/804 .event edge, v0x56153332ddd0_3215, v0x56153332ddd0_3216, v0x56153332ddd0_3217, v0x56153332ddd0_3218;
v0x56153332ddd0_3219 .array/port v0x56153332ddd0, 3219;
v0x56153332ddd0_3220 .array/port v0x56153332ddd0, 3220;
v0x56153332ddd0_3221 .array/port v0x56153332ddd0, 3221;
v0x56153332ddd0_3222 .array/port v0x56153332ddd0, 3222;
E_0x5615332774a0/805 .event edge, v0x56153332ddd0_3219, v0x56153332ddd0_3220, v0x56153332ddd0_3221, v0x56153332ddd0_3222;
v0x56153332ddd0_3223 .array/port v0x56153332ddd0, 3223;
v0x56153332ddd0_3224 .array/port v0x56153332ddd0, 3224;
v0x56153332ddd0_3225 .array/port v0x56153332ddd0, 3225;
v0x56153332ddd0_3226 .array/port v0x56153332ddd0, 3226;
E_0x5615332774a0/806 .event edge, v0x56153332ddd0_3223, v0x56153332ddd0_3224, v0x56153332ddd0_3225, v0x56153332ddd0_3226;
v0x56153332ddd0_3227 .array/port v0x56153332ddd0, 3227;
v0x56153332ddd0_3228 .array/port v0x56153332ddd0, 3228;
v0x56153332ddd0_3229 .array/port v0x56153332ddd0, 3229;
v0x56153332ddd0_3230 .array/port v0x56153332ddd0, 3230;
E_0x5615332774a0/807 .event edge, v0x56153332ddd0_3227, v0x56153332ddd0_3228, v0x56153332ddd0_3229, v0x56153332ddd0_3230;
v0x56153332ddd0_3231 .array/port v0x56153332ddd0, 3231;
v0x56153332ddd0_3232 .array/port v0x56153332ddd0, 3232;
v0x56153332ddd0_3233 .array/port v0x56153332ddd0, 3233;
v0x56153332ddd0_3234 .array/port v0x56153332ddd0, 3234;
E_0x5615332774a0/808 .event edge, v0x56153332ddd0_3231, v0x56153332ddd0_3232, v0x56153332ddd0_3233, v0x56153332ddd0_3234;
v0x56153332ddd0_3235 .array/port v0x56153332ddd0, 3235;
v0x56153332ddd0_3236 .array/port v0x56153332ddd0, 3236;
v0x56153332ddd0_3237 .array/port v0x56153332ddd0, 3237;
v0x56153332ddd0_3238 .array/port v0x56153332ddd0, 3238;
E_0x5615332774a0/809 .event edge, v0x56153332ddd0_3235, v0x56153332ddd0_3236, v0x56153332ddd0_3237, v0x56153332ddd0_3238;
v0x56153332ddd0_3239 .array/port v0x56153332ddd0, 3239;
v0x56153332ddd0_3240 .array/port v0x56153332ddd0, 3240;
v0x56153332ddd0_3241 .array/port v0x56153332ddd0, 3241;
v0x56153332ddd0_3242 .array/port v0x56153332ddd0, 3242;
E_0x5615332774a0/810 .event edge, v0x56153332ddd0_3239, v0x56153332ddd0_3240, v0x56153332ddd0_3241, v0x56153332ddd0_3242;
v0x56153332ddd0_3243 .array/port v0x56153332ddd0, 3243;
v0x56153332ddd0_3244 .array/port v0x56153332ddd0, 3244;
v0x56153332ddd0_3245 .array/port v0x56153332ddd0, 3245;
v0x56153332ddd0_3246 .array/port v0x56153332ddd0, 3246;
E_0x5615332774a0/811 .event edge, v0x56153332ddd0_3243, v0x56153332ddd0_3244, v0x56153332ddd0_3245, v0x56153332ddd0_3246;
v0x56153332ddd0_3247 .array/port v0x56153332ddd0, 3247;
v0x56153332ddd0_3248 .array/port v0x56153332ddd0, 3248;
v0x56153332ddd0_3249 .array/port v0x56153332ddd0, 3249;
v0x56153332ddd0_3250 .array/port v0x56153332ddd0, 3250;
E_0x5615332774a0/812 .event edge, v0x56153332ddd0_3247, v0x56153332ddd0_3248, v0x56153332ddd0_3249, v0x56153332ddd0_3250;
v0x56153332ddd0_3251 .array/port v0x56153332ddd0, 3251;
v0x56153332ddd0_3252 .array/port v0x56153332ddd0, 3252;
v0x56153332ddd0_3253 .array/port v0x56153332ddd0, 3253;
v0x56153332ddd0_3254 .array/port v0x56153332ddd0, 3254;
E_0x5615332774a0/813 .event edge, v0x56153332ddd0_3251, v0x56153332ddd0_3252, v0x56153332ddd0_3253, v0x56153332ddd0_3254;
v0x56153332ddd0_3255 .array/port v0x56153332ddd0, 3255;
v0x56153332ddd0_3256 .array/port v0x56153332ddd0, 3256;
v0x56153332ddd0_3257 .array/port v0x56153332ddd0, 3257;
v0x56153332ddd0_3258 .array/port v0x56153332ddd0, 3258;
E_0x5615332774a0/814 .event edge, v0x56153332ddd0_3255, v0x56153332ddd0_3256, v0x56153332ddd0_3257, v0x56153332ddd0_3258;
v0x56153332ddd0_3259 .array/port v0x56153332ddd0, 3259;
v0x56153332ddd0_3260 .array/port v0x56153332ddd0, 3260;
v0x56153332ddd0_3261 .array/port v0x56153332ddd0, 3261;
v0x56153332ddd0_3262 .array/port v0x56153332ddd0, 3262;
E_0x5615332774a0/815 .event edge, v0x56153332ddd0_3259, v0x56153332ddd0_3260, v0x56153332ddd0_3261, v0x56153332ddd0_3262;
v0x56153332ddd0_3263 .array/port v0x56153332ddd0, 3263;
v0x56153332ddd0_3264 .array/port v0x56153332ddd0, 3264;
v0x56153332ddd0_3265 .array/port v0x56153332ddd0, 3265;
v0x56153332ddd0_3266 .array/port v0x56153332ddd0, 3266;
E_0x5615332774a0/816 .event edge, v0x56153332ddd0_3263, v0x56153332ddd0_3264, v0x56153332ddd0_3265, v0x56153332ddd0_3266;
v0x56153332ddd0_3267 .array/port v0x56153332ddd0, 3267;
v0x56153332ddd0_3268 .array/port v0x56153332ddd0, 3268;
v0x56153332ddd0_3269 .array/port v0x56153332ddd0, 3269;
v0x56153332ddd0_3270 .array/port v0x56153332ddd0, 3270;
E_0x5615332774a0/817 .event edge, v0x56153332ddd0_3267, v0x56153332ddd0_3268, v0x56153332ddd0_3269, v0x56153332ddd0_3270;
v0x56153332ddd0_3271 .array/port v0x56153332ddd0, 3271;
v0x56153332ddd0_3272 .array/port v0x56153332ddd0, 3272;
v0x56153332ddd0_3273 .array/port v0x56153332ddd0, 3273;
v0x56153332ddd0_3274 .array/port v0x56153332ddd0, 3274;
E_0x5615332774a0/818 .event edge, v0x56153332ddd0_3271, v0x56153332ddd0_3272, v0x56153332ddd0_3273, v0x56153332ddd0_3274;
v0x56153332ddd0_3275 .array/port v0x56153332ddd0, 3275;
v0x56153332ddd0_3276 .array/port v0x56153332ddd0, 3276;
v0x56153332ddd0_3277 .array/port v0x56153332ddd0, 3277;
v0x56153332ddd0_3278 .array/port v0x56153332ddd0, 3278;
E_0x5615332774a0/819 .event edge, v0x56153332ddd0_3275, v0x56153332ddd0_3276, v0x56153332ddd0_3277, v0x56153332ddd0_3278;
v0x56153332ddd0_3279 .array/port v0x56153332ddd0, 3279;
v0x56153332ddd0_3280 .array/port v0x56153332ddd0, 3280;
v0x56153332ddd0_3281 .array/port v0x56153332ddd0, 3281;
v0x56153332ddd0_3282 .array/port v0x56153332ddd0, 3282;
E_0x5615332774a0/820 .event edge, v0x56153332ddd0_3279, v0x56153332ddd0_3280, v0x56153332ddd0_3281, v0x56153332ddd0_3282;
v0x56153332ddd0_3283 .array/port v0x56153332ddd0, 3283;
v0x56153332ddd0_3284 .array/port v0x56153332ddd0, 3284;
v0x56153332ddd0_3285 .array/port v0x56153332ddd0, 3285;
v0x56153332ddd0_3286 .array/port v0x56153332ddd0, 3286;
E_0x5615332774a0/821 .event edge, v0x56153332ddd0_3283, v0x56153332ddd0_3284, v0x56153332ddd0_3285, v0x56153332ddd0_3286;
v0x56153332ddd0_3287 .array/port v0x56153332ddd0, 3287;
v0x56153332ddd0_3288 .array/port v0x56153332ddd0, 3288;
v0x56153332ddd0_3289 .array/port v0x56153332ddd0, 3289;
v0x56153332ddd0_3290 .array/port v0x56153332ddd0, 3290;
E_0x5615332774a0/822 .event edge, v0x56153332ddd0_3287, v0x56153332ddd0_3288, v0x56153332ddd0_3289, v0x56153332ddd0_3290;
v0x56153332ddd0_3291 .array/port v0x56153332ddd0, 3291;
v0x56153332ddd0_3292 .array/port v0x56153332ddd0, 3292;
v0x56153332ddd0_3293 .array/port v0x56153332ddd0, 3293;
v0x56153332ddd0_3294 .array/port v0x56153332ddd0, 3294;
E_0x5615332774a0/823 .event edge, v0x56153332ddd0_3291, v0x56153332ddd0_3292, v0x56153332ddd0_3293, v0x56153332ddd0_3294;
v0x56153332ddd0_3295 .array/port v0x56153332ddd0, 3295;
v0x56153332ddd0_3296 .array/port v0x56153332ddd0, 3296;
v0x56153332ddd0_3297 .array/port v0x56153332ddd0, 3297;
v0x56153332ddd0_3298 .array/port v0x56153332ddd0, 3298;
E_0x5615332774a0/824 .event edge, v0x56153332ddd0_3295, v0x56153332ddd0_3296, v0x56153332ddd0_3297, v0x56153332ddd0_3298;
v0x56153332ddd0_3299 .array/port v0x56153332ddd0, 3299;
v0x56153332ddd0_3300 .array/port v0x56153332ddd0, 3300;
v0x56153332ddd0_3301 .array/port v0x56153332ddd0, 3301;
v0x56153332ddd0_3302 .array/port v0x56153332ddd0, 3302;
E_0x5615332774a0/825 .event edge, v0x56153332ddd0_3299, v0x56153332ddd0_3300, v0x56153332ddd0_3301, v0x56153332ddd0_3302;
v0x56153332ddd0_3303 .array/port v0x56153332ddd0, 3303;
v0x56153332ddd0_3304 .array/port v0x56153332ddd0, 3304;
v0x56153332ddd0_3305 .array/port v0x56153332ddd0, 3305;
v0x56153332ddd0_3306 .array/port v0x56153332ddd0, 3306;
E_0x5615332774a0/826 .event edge, v0x56153332ddd0_3303, v0x56153332ddd0_3304, v0x56153332ddd0_3305, v0x56153332ddd0_3306;
v0x56153332ddd0_3307 .array/port v0x56153332ddd0, 3307;
v0x56153332ddd0_3308 .array/port v0x56153332ddd0, 3308;
v0x56153332ddd0_3309 .array/port v0x56153332ddd0, 3309;
v0x56153332ddd0_3310 .array/port v0x56153332ddd0, 3310;
E_0x5615332774a0/827 .event edge, v0x56153332ddd0_3307, v0x56153332ddd0_3308, v0x56153332ddd0_3309, v0x56153332ddd0_3310;
v0x56153332ddd0_3311 .array/port v0x56153332ddd0, 3311;
v0x56153332ddd0_3312 .array/port v0x56153332ddd0, 3312;
v0x56153332ddd0_3313 .array/port v0x56153332ddd0, 3313;
v0x56153332ddd0_3314 .array/port v0x56153332ddd0, 3314;
E_0x5615332774a0/828 .event edge, v0x56153332ddd0_3311, v0x56153332ddd0_3312, v0x56153332ddd0_3313, v0x56153332ddd0_3314;
v0x56153332ddd0_3315 .array/port v0x56153332ddd0, 3315;
v0x56153332ddd0_3316 .array/port v0x56153332ddd0, 3316;
v0x56153332ddd0_3317 .array/port v0x56153332ddd0, 3317;
v0x56153332ddd0_3318 .array/port v0x56153332ddd0, 3318;
E_0x5615332774a0/829 .event edge, v0x56153332ddd0_3315, v0x56153332ddd0_3316, v0x56153332ddd0_3317, v0x56153332ddd0_3318;
v0x56153332ddd0_3319 .array/port v0x56153332ddd0, 3319;
v0x56153332ddd0_3320 .array/port v0x56153332ddd0, 3320;
v0x56153332ddd0_3321 .array/port v0x56153332ddd0, 3321;
v0x56153332ddd0_3322 .array/port v0x56153332ddd0, 3322;
E_0x5615332774a0/830 .event edge, v0x56153332ddd0_3319, v0x56153332ddd0_3320, v0x56153332ddd0_3321, v0x56153332ddd0_3322;
v0x56153332ddd0_3323 .array/port v0x56153332ddd0, 3323;
v0x56153332ddd0_3324 .array/port v0x56153332ddd0, 3324;
v0x56153332ddd0_3325 .array/port v0x56153332ddd0, 3325;
v0x56153332ddd0_3326 .array/port v0x56153332ddd0, 3326;
E_0x5615332774a0/831 .event edge, v0x56153332ddd0_3323, v0x56153332ddd0_3324, v0x56153332ddd0_3325, v0x56153332ddd0_3326;
v0x56153332ddd0_3327 .array/port v0x56153332ddd0, 3327;
v0x56153332ddd0_3328 .array/port v0x56153332ddd0, 3328;
v0x56153332ddd0_3329 .array/port v0x56153332ddd0, 3329;
v0x56153332ddd0_3330 .array/port v0x56153332ddd0, 3330;
E_0x5615332774a0/832 .event edge, v0x56153332ddd0_3327, v0x56153332ddd0_3328, v0x56153332ddd0_3329, v0x56153332ddd0_3330;
v0x56153332ddd0_3331 .array/port v0x56153332ddd0, 3331;
v0x56153332ddd0_3332 .array/port v0x56153332ddd0, 3332;
v0x56153332ddd0_3333 .array/port v0x56153332ddd0, 3333;
v0x56153332ddd0_3334 .array/port v0x56153332ddd0, 3334;
E_0x5615332774a0/833 .event edge, v0x56153332ddd0_3331, v0x56153332ddd0_3332, v0x56153332ddd0_3333, v0x56153332ddd0_3334;
v0x56153332ddd0_3335 .array/port v0x56153332ddd0, 3335;
v0x56153332ddd0_3336 .array/port v0x56153332ddd0, 3336;
v0x56153332ddd0_3337 .array/port v0x56153332ddd0, 3337;
v0x56153332ddd0_3338 .array/port v0x56153332ddd0, 3338;
E_0x5615332774a0/834 .event edge, v0x56153332ddd0_3335, v0x56153332ddd0_3336, v0x56153332ddd0_3337, v0x56153332ddd0_3338;
v0x56153332ddd0_3339 .array/port v0x56153332ddd0, 3339;
v0x56153332ddd0_3340 .array/port v0x56153332ddd0, 3340;
v0x56153332ddd0_3341 .array/port v0x56153332ddd0, 3341;
v0x56153332ddd0_3342 .array/port v0x56153332ddd0, 3342;
E_0x5615332774a0/835 .event edge, v0x56153332ddd0_3339, v0x56153332ddd0_3340, v0x56153332ddd0_3341, v0x56153332ddd0_3342;
v0x56153332ddd0_3343 .array/port v0x56153332ddd0, 3343;
v0x56153332ddd0_3344 .array/port v0x56153332ddd0, 3344;
v0x56153332ddd0_3345 .array/port v0x56153332ddd0, 3345;
v0x56153332ddd0_3346 .array/port v0x56153332ddd0, 3346;
E_0x5615332774a0/836 .event edge, v0x56153332ddd0_3343, v0x56153332ddd0_3344, v0x56153332ddd0_3345, v0x56153332ddd0_3346;
v0x56153332ddd0_3347 .array/port v0x56153332ddd0, 3347;
v0x56153332ddd0_3348 .array/port v0x56153332ddd0, 3348;
v0x56153332ddd0_3349 .array/port v0x56153332ddd0, 3349;
v0x56153332ddd0_3350 .array/port v0x56153332ddd0, 3350;
E_0x5615332774a0/837 .event edge, v0x56153332ddd0_3347, v0x56153332ddd0_3348, v0x56153332ddd0_3349, v0x56153332ddd0_3350;
v0x56153332ddd0_3351 .array/port v0x56153332ddd0, 3351;
v0x56153332ddd0_3352 .array/port v0x56153332ddd0, 3352;
v0x56153332ddd0_3353 .array/port v0x56153332ddd0, 3353;
v0x56153332ddd0_3354 .array/port v0x56153332ddd0, 3354;
E_0x5615332774a0/838 .event edge, v0x56153332ddd0_3351, v0x56153332ddd0_3352, v0x56153332ddd0_3353, v0x56153332ddd0_3354;
v0x56153332ddd0_3355 .array/port v0x56153332ddd0, 3355;
v0x56153332ddd0_3356 .array/port v0x56153332ddd0, 3356;
v0x56153332ddd0_3357 .array/port v0x56153332ddd0, 3357;
v0x56153332ddd0_3358 .array/port v0x56153332ddd0, 3358;
E_0x5615332774a0/839 .event edge, v0x56153332ddd0_3355, v0x56153332ddd0_3356, v0x56153332ddd0_3357, v0x56153332ddd0_3358;
v0x56153332ddd0_3359 .array/port v0x56153332ddd0, 3359;
v0x56153332ddd0_3360 .array/port v0x56153332ddd0, 3360;
v0x56153332ddd0_3361 .array/port v0x56153332ddd0, 3361;
v0x56153332ddd0_3362 .array/port v0x56153332ddd0, 3362;
E_0x5615332774a0/840 .event edge, v0x56153332ddd0_3359, v0x56153332ddd0_3360, v0x56153332ddd0_3361, v0x56153332ddd0_3362;
v0x56153332ddd0_3363 .array/port v0x56153332ddd0, 3363;
v0x56153332ddd0_3364 .array/port v0x56153332ddd0, 3364;
v0x56153332ddd0_3365 .array/port v0x56153332ddd0, 3365;
v0x56153332ddd0_3366 .array/port v0x56153332ddd0, 3366;
E_0x5615332774a0/841 .event edge, v0x56153332ddd0_3363, v0x56153332ddd0_3364, v0x56153332ddd0_3365, v0x56153332ddd0_3366;
v0x56153332ddd0_3367 .array/port v0x56153332ddd0, 3367;
v0x56153332ddd0_3368 .array/port v0x56153332ddd0, 3368;
v0x56153332ddd0_3369 .array/port v0x56153332ddd0, 3369;
v0x56153332ddd0_3370 .array/port v0x56153332ddd0, 3370;
E_0x5615332774a0/842 .event edge, v0x56153332ddd0_3367, v0x56153332ddd0_3368, v0x56153332ddd0_3369, v0x56153332ddd0_3370;
v0x56153332ddd0_3371 .array/port v0x56153332ddd0, 3371;
v0x56153332ddd0_3372 .array/port v0x56153332ddd0, 3372;
v0x56153332ddd0_3373 .array/port v0x56153332ddd0, 3373;
v0x56153332ddd0_3374 .array/port v0x56153332ddd0, 3374;
E_0x5615332774a0/843 .event edge, v0x56153332ddd0_3371, v0x56153332ddd0_3372, v0x56153332ddd0_3373, v0x56153332ddd0_3374;
v0x56153332ddd0_3375 .array/port v0x56153332ddd0, 3375;
v0x56153332ddd0_3376 .array/port v0x56153332ddd0, 3376;
v0x56153332ddd0_3377 .array/port v0x56153332ddd0, 3377;
v0x56153332ddd0_3378 .array/port v0x56153332ddd0, 3378;
E_0x5615332774a0/844 .event edge, v0x56153332ddd0_3375, v0x56153332ddd0_3376, v0x56153332ddd0_3377, v0x56153332ddd0_3378;
v0x56153332ddd0_3379 .array/port v0x56153332ddd0, 3379;
v0x56153332ddd0_3380 .array/port v0x56153332ddd0, 3380;
v0x56153332ddd0_3381 .array/port v0x56153332ddd0, 3381;
v0x56153332ddd0_3382 .array/port v0x56153332ddd0, 3382;
E_0x5615332774a0/845 .event edge, v0x56153332ddd0_3379, v0x56153332ddd0_3380, v0x56153332ddd0_3381, v0x56153332ddd0_3382;
v0x56153332ddd0_3383 .array/port v0x56153332ddd0, 3383;
v0x56153332ddd0_3384 .array/port v0x56153332ddd0, 3384;
v0x56153332ddd0_3385 .array/port v0x56153332ddd0, 3385;
v0x56153332ddd0_3386 .array/port v0x56153332ddd0, 3386;
E_0x5615332774a0/846 .event edge, v0x56153332ddd0_3383, v0x56153332ddd0_3384, v0x56153332ddd0_3385, v0x56153332ddd0_3386;
v0x56153332ddd0_3387 .array/port v0x56153332ddd0, 3387;
v0x56153332ddd0_3388 .array/port v0x56153332ddd0, 3388;
v0x56153332ddd0_3389 .array/port v0x56153332ddd0, 3389;
v0x56153332ddd0_3390 .array/port v0x56153332ddd0, 3390;
E_0x5615332774a0/847 .event edge, v0x56153332ddd0_3387, v0x56153332ddd0_3388, v0x56153332ddd0_3389, v0x56153332ddd0_3390;
v0x56153332ddd0_3391 .array/port v0x56153332ddd0, 3391;
v0x56153332ddd0_3392 .array/port v0x56153332ddd0, 3392;
v0x56153332ddd0_3393 .array/port v0x56153332ddd0, 3393;
v0x56153332ddd0_3394 .array/port v0x56153332ddd0, 3394;
E_0x5615332774a0/848 .event edge, v0x56153332ddd0_3391, v0x56153332ddd0_3392, v0x56153332ddd0_3393, v0x56153332ddd0_3394;
v0x56153332ddd0_3395 .array/port v0x56153332ddd0, 3395;
v0x56153332ddd0_3396 .array/port v0x56153332ddd0, 3396;
v0x56153332ddd0_3397 .array/port v0x56153332ddd0, 3397;
v0x56153332ddd0_3398 .array/port v0x56153332ddd0, 3398;
E_0x5615332774a0/849 .event edge, v0x56153332ddd0_3395, v0x56153332ddd0_3396, v0x56153332ddd0_3397, v0x56153332ddd0_3398;
v0x56153332ddd0_3399 .array/port v0x56153332ddd0, 3399;
v0x56153332ddd0_3400 .array/port v0x56153332ddd0, 3400;
v0x56153332ddd0_3401 .array/port v0x56153332ddd0, 3401;
v0x56153332ddd0_3402 .array/port v0x56153332ddd0, 3402;
E_0x5615332774a0/850 .event edge, v0x56153332ddd0_3399, v0x56153332ddd0_3400, v0x56153332ddd0_3401, v0x56153332ddd0_3402;
v0x56153332ddd0_3403 .array/port v0x56153332ddd0, 3403;
v0x56153332ddd0_3404 .array/port v0x56153332ddd0, 3404;
v0x56153332ddd0_3405 .array/port v0x56153332ddd0, 3405;
v0x56153332ddd0_3406 .array/port v0x56153332ddd0, 3406;
E_0x5615332774a0/851 .event edge, v0x56153332ddd0_3403, v0x56153332ddd0_3404, v0x56153332ddd0_3405, v0x56153332ddd0_3406;
v0x56153332ddd0_3407 .array/port v0x56153332ddd0, 3407;
v0x56153332ddd0_3408 .array/port v0x56153332ddd0, 3408;
v0x56153332ddd0_3409 .array/port v0x56153332ddd0, 3409;
v0x56153332ddd0_3410 .array/port v0x56153332ddd0, 3410;
E_0x5615332774a0/852 .event edge, v0x56153332ddd0_3407, v0x56153332ddd0_3408, v0x56153332ddd0_3409, v0x56153332ddd0_3410;
v0x56153332ddd0_3411 .array/port v0x56153332ddd0, 3411;
v0x56153332ddd0_3412 .array/port v0x56153332ddd0, 3412;
v0x56153332ddd0_3413 .array/port v0x56153332ddd0, 3413;
v0x56153332ddd0_3414 .array/port v0x56153332ddd0, 3414;
E_0x5615332774a0/853 .event edge, v0x56153332ddd0_3411, v0x56153332ddd0_3412, v0x56153332ddd0_3413, v0x56153332ddd0_3414;
v0x56153332ddd0_3415 .array/port v0x56153332ddd0, 3415;
v0x56153332ddd0_3416 .array/port v0x56153332ddd0, 3416;
v0x56153332ddd0_3417 .array/port v0x56153332ddd0, 3417;
v0x56153332ddd0_3418 .array/port v0x56153332ddd0, 3418;
E_0x5615332774a0/854 .event edge, v0x56153332ddd0_3415, v0x56153332ddd0_3416, v0x56153332ddd0_3417, v0x56153332ddd0_3418;
v0x56153332ddd0_3419 .array/port v0x56153332ddd0, 3419;
v0x56153332ddd0_3420 .array/port v0x56153332ddd0, 3420;
v0x56153332ddd0_3421 .array/port v0x56153332ddd0, 3421;
v0x56153332ddd0_3422 .array/port v0x56153332ddd0, 3422;
E_0x5615332774a0/855 .event edge, v0x56153332ddd0_3419, v0x56153332ddd0_3420, v0x56153332ddd0_3421, v0x56153332ddd0_3422;
v0x56153332ddd0_3423 .array/port v0x56153332ddd0, 3423;
v0x56153332ddd0_3424 .array/port v0x56153332ddd0, 3424;
v0x56153332ddd0_3425 .array/port v0x56153332ddd0, 3425;
v0x56153332ddd0_3426 .array/port v0x56153332ddd0, 3426;
E_0x5615332774a0/856 .event edge, v0x56153332ddd0_3423, v0x56153332ddd0_3424, v0x56153332ddd0_3425, v0x56153332ddd0_3426;
v0x56153332ddd0_3427 .array/port v0x56153332ddd0, 3427;
v0x56153332ddd0_3428 .array/port v0x56153332ddd0, 3428;
v0x56153332ddd0_3429 .array/port v0x56153332ddd0, 3429;
v0x56153332ddd0_3430 .array/port v0x56153332ddd0, 3430;
E_0x5615332774a0/857 .event edge, v0x56153332ddd0_3427, v0x56153332ddd0_3428, v0x56153332ddd0_3429, v0x56153332ddd0_3430;
v0x56153332ddd0_3431 .array/port v0x56153332ddd0, 3431;
v0x56153332ddd0_3432 .array/port v0x56153332ddd0, 3432;
v0x56153332ddd0_3433 .array/port v0x56153332ddd0, 3433;
v0x56153332ddd0_3434 .array/port v0x56153332ddd0, 3434;
E_0x5615332774a0/858 .event edge, v0x56153332ddd0_3431, v0x56153332ddd0_3432, v0x56153332ddd0_3433, v0x56153332ddd0_3434;
v0x56153332ddd0_3435 .array/port v0x56153332ddd0, 3435;
v0x56153332ddd0_3436 .array/port v0x56153332ddd0, 3436;
v0x56153332ddd0_3437 .array/port v0x56153332ddd0, 3437;
v0x56153332ddd0_3438 .array/port v0x56153332ddd0, 3438;
E_0x5615332774a0/859 .event edge, v0x56153332ddd0_3435, v0x56153332ddd0_3436, v0x56153332ddd0_3437, v0x56153332ddd0_3438;
v0x56153332ddd0_3439 .array/port v0x56153332ddd0, 3439;
v0x56153332ddd0_3440 .array/port v0x56153332ddd0, 3440;
v0x56153332ddd0_3441 .array/port v0x56153332ddd0, 3441;
v0x56153332ddd0_3442 .array/port v0x56153332ddd0, 3442;
E_0x5615332774a0/860 .event edge, v0x56153332ddd0_3439, v0x56153332ddd0_3440, v0x56153332ddd0_3441, v0x56153332ddd0_3442;
v0x56153332ddd0_3443 .array/port v0x56153332ddd0, 3443;
v0x56153332ddd0_3444 .array/port v0x56153332ddd0, 3444;
v0x56153332ddd0_3445 .array/port v0x56153332ddd0, 3445;
v0x56153332ddd0_3446 .array/port v0x56153332ddd0, 3446;
E_0x5615332774a0/861 .event edge, v0x56153332ddd0_3443, v0x56153332ddd0_3444, v0x56153332ddd0_3445, v0x56153332ddd0_3446;
v0x56153332ddd0_3447 .array/port v0x56153332ddd0, 3447;
v0x56153332ddd0_3448 .array/port v0x56153332ddd0, 3448;
v0x56153332ddd0_3449 .array/port v0x56153332ddd0, 3449;
v0x56153332ddd0_3450 .array/port v0x56153332ddd0, 3450;
E_0x5615332774a0/862 .event edge, v0x56153332ddd0_3447, v0x56153332ddd0_3448, v0x56153332ddd0_3449, v0x56153332ddd0_3450;
v0x56153332ddd0_3451 .array/port v0x56153332ddd0, 3451;
v0x56153332ddd0_3452 .array/port v0x56153332ddd0, 3452;
v0x56153332ddd0_3453 .array/port v0x56153332ddd0, 3453;
v0x56153332ddd0_3454 .array/port v0x56153332ddd0, 3454;
E_0x5615332774a0/863 .event edge, v0x56153332ddd0_3451, v0x56153332ddd0_3452, v0x56153332ddd0_3453, v0x56153332ddd0_3454;
v0x56153332ddd0_3455 .array/port v0x56153332ddd0, 3455;
v0x56153332ddd0_3456 .array/port v0x56153332ddd0, 3456;
v0x56153332ddd0_3457 .array/port v0x56153332ddd0, 3457;
v0x56153332ddd0_3458 .array/port v0x56153332ddd0, 3458;
E_0x5615332774a0/864 .event edge, v0x56153332ddd0_3455, v0x56153332ddd0_3456, v0x56153332ddd0_3457, v0x56153332ddd0_3458;
v0x56153332ddd0_3459 .array/port v0x56153332ddd0, 3459;
v0x56153332ddd0_3460 .array/port v0x56153332ddd0, 3460;
v0x56153332ddd0_3461 .array/port v0x56153332ddd0, 3461;
v0x56153332ddd0_3462 .array/port v0x56153332ddd0, 3462;
E_0x5615332774a0/865 .event edge, v0x56153332ddd0_3459, v0x56153332ddd0_3460, v0x56153332ddd0_3461, v0x56153332ddd0_3462;
v0x56153332ddd0_3463 .array/port v0x56153332ddd0, 3463;
v0x56153332ddd0_3464 .array/port v0x56153332ddd0, 3464;
v0x56153332ddd0_3465 .array/port v0x56153332ddd0, 3465;
v0x56153332ddd0_3466 .array/port v0x56153332ddd0, 3466;
E_0x5615332774a0/866 .event edge, v0x56153332ddd0_3463, v0x56153332ddd0_3464, v0x56153332ddd0_3465, v0x56153332ddd0_3466;
v0x56153332ddd0_3467 .array/port v0x56153332ddd0, 3467;
v0x56153332ddd0_3468 .array/port v0x56153332ddd0, 3468;
v0x56153332ddd0_3469 .array/port v0x56153332ddd0, 3469;
v0x56153332ddd0_3470 .array/port v0x56153332ddd0, 3470;
E_0x5615332774a0/867 .event edge, v0x56153332ddd0_3467, v0x56153332ddd0_3468, v0x56153332ddd0_3469, v0x56153332ddd0_3470;
v0x56153332ddd0_3471 .array/port v0x56153332ddd0, 3471;
v0x56153332ddd0_3472 .array/port v0x56153332ddd0, 3472;
v0x56153332ddd0_3473 .array/port v0x56153332ddd0, 3473;
v0x56153332ddd0_3474 .array/port v0x56153332ddd0, 3474;
E_0x5615332774a0/868 .event edge, v0x56153332ddd0_3471, v0x56153332ddd0_3472, v0x56153332ddd0_3473, v0x56153332ddd0_3474;
v0x56153332ddd0_3475 .array/port v0x56153332ddd0, 3475;
v0x56153332ddd0_3476 .array/port v0x56153332ddd0, 3476;
v0x56153332ddd0_3477 .array/port v0x56153332ddd0, 3477;
v0x56153332ddd0_3478 .array/port v0x56153332ddd0, 3478;
E_0x5615332774a0/869 .event edge, v0x56153332ddd0_3475, v0x56153332ddd0_3476, v0x56153332ddd0_3477, v0x56153332ddd0_3478;
v0x56153332ddd0_3479 .array/port v0x56153332ddd0, 3479;
v0x56153332ddd0_3480 .array/port v0x56153332ddd0, 3480;
v0x56153332ddd0_3481 .array/port v0x56153332ddd0, 3481;
v0x56153332ddd0_3482 .array/port v0x56153332ddd0, 3482;
E_0x5615332774a0/870 .event edge, v0x56153332ddd0_3479, v0x56153332ddd0_3480, v0x56153332ddd0_3481, v0x56153332ddd0_3482;
v0x56153332ddd0_3483 .array/port v0x56153332ddd0, 3483;
v0x56153332ddd0_3484 .array/port v0x56153332ddd0, 3484;
v0x56153332ddd0_3485 .array/port v0x56153332ddd0, 3485;
v0x56153332ddd0_3486 .array/port v0x56153332ddd0, 3486;
E_0x5615332774a0/871 .event edge, v0x56153332ddd0_3483, v0x56153332ddd0_3484, v0x56153332ddd0_3485, v0x56153332ddd0_3486;
v0x56153332ddd0_3487 .array/port v0x56153332ddd0, 3487;
v0x56153332ddd0_3488 .array/port v0x56153332ddd0, 3488;
v0x56153332ddd0_3489 .array/port v0x56153332ddd0, 3489;
v0x56153332ddd0_3490 .array/port v0x56153332ddd0, 3490;
E_0x5615332774a0/872 .event edge, v0x56153332ddd0_3487, v0x56153332ddd0_3488, v0x56153332ddd0_3489, v0x56153332ddd0_3490;
v0x56153332ddd0_3491 .array/port v0x56153332ddd0, 3491;
v0x56153332ddd0_3492 .array/port v0x56153332ddd0, 3492;
v0x56153332ddd0_3493 .array/port v0x56153332ddd0, 3493;
v0x56153332ddd0_3494 .array/port v0x56153332ddd0, 3494;
E_0x5615332774a0/873 .event edge, v0x56153332ddd0_3491, v0x56153332ddd0_3492, v0x56153332ddd0_3493, v0x56153332ddd0_3494;
v0x56153332ddd0_3495 .array/port v0x56153332ddd0, 3495;
v0x56153332ddd0_3496 .array/port v0x56153332ddd0, 3496;
v0x56153332ddd0_3497 .array/port v0x56153332ddd0, 3497;
v0x56153332ddd0_3498 .array/port v0x56153332ddd0, 3498;
E_0x5615332774a0/874 .event edge, v0x56153332ddd0_3495, v0x56153332ddd0_3496, v0x56153332ddd0_3497, v0x56153332ddd0_3498;
v0x56153332ddd0_3499 .array/port v0x56153332ddd0, 3499;
v0x56153332ddd0_3500 .array/port v0x56153332ddd0, 3500;
v0x56153332ddd0_3501 .array/port v0x56153332ddd0, 3501;
v0x56153332ddd0_3502 .array/port v0x56153332ddd0, 3502;
E_0x5615332774a0/875 .event edge, v0x56153332ddd0_3499, v0x56153332ddd0_3500, v0x56153332ddd0_3501, v0x56153332ddd0_3502;
v0x56153332ddd0_3503 .array/port v0x56153332ddd0, 3503;
v0x56153332ddd0_3504 .array/port v0x56153332ddd0, 3504;
v0x56153332ddd0_3505 .array/port v0x56153332ddd0, 3505;
v0x56153332ddd0_3506 .array/port v0x56153332ddd0, 3506;
E_0x5615332774a0/876 .event edge, v0x56153332ddd0_3503, v0x56153332ddd0_3504, v0x56153332ddd0_3505, v0x56153332ddd0_3506;
v0x56153332ddd0_3507 .array/port v0x56153332ddd0, 3507;
v0x56153332ddd0_3508 .array/port v0x56153332ddd0, 3508;
v0x56153332ddd0_3509 .array/port v0x56153332ddd0, 3509;
v0x56153332ddd0_3510 .array/port v0x56153332ddd0, 3510;
E_0x5615332774a0/877 .event edge, v0x56153332ddd0_3507, v0x56153332ddd0_3508, v0x56153332ddd0_3509, v0x56153332ddd0_3510;
v0x56153332ddd0_3511 .array/port v0x56153332ddd0, 3511;
v0x56153332ddd0_3512 .array/port v0x56153332ddd0, 3512;
v0x56153332ddd0_3513 .array/port v0x56153332ddd0, 3513;
v0x56153332ddd0_3514 .array/port v0x56153332ddd0, 3514;
E_0x5615332774a0/878 .event edge, v0x56153332ddd0_3511, v0x56153332ddd0_3512, v0x56153332ddd0_3513, v0x56153332ddd0_3514;
v0x56153332ddd0_3515 .array/port v0x56153332ddd0, 3515;
v0x56153332ddd0_3516 .array/port v0x56153332ddd0, 3516;
v0x56153332ddd0_3517 .array/port v0x56153332ddd0, 3517;
v0x56153332ddd0_3518 .array/port v0x56153332ddd0, 3518;
E_0x5615332774a0/879 .event edge, v0x56153332ddd0_3515, v0x56153332ddd0_3516, v0x56153332ddd0_3517, v0x56153332ddd0_3518;
v0x56153332ddd0_3519 .array/port v0x56153332ddd0, 3519;
v0x56153332ddd0_3520 .array/port v0x56153332ddd0, 3520;
v0x56153332ddd0_3521 .array/port v0x56153332ddd0, 3521;
v0x56153332ddd0_3522 .array/port v0x56153332ddd0, 3522;
E_0x5615332774a0/880 .event edge, v0x56153332ddd0_3519, v0x56153332ddd0_3520, v0x56153332ddd0_3521, v0x56153332ddd0_3522;
v0x56153332ddd0_3523 .array/port v0x56153332ddd0, 3523;
v0x56153332ddd0_3524 .array/port v0x56153332ddd0, 3524;
v0x56153332ddd0_3525 .array/port v0x56153332ddd0, 3525;
v0x56153332ddd0_3526 .array/port v0x56153332ddd0, 3526;
E_0x5615332774a0/881 .event edge, v0x56153332ddd0_3523, v0x56153332ddd0_3524, v0x56153332ddd0_3525, v0x56153332ddd0_3526;
v0x56153332ddd0_3527 .array/port v0x56153332ddd0, 3527;
v0x56153332ddd0_3528 .array/port v0x56153332ddd0, 3528;
v0x56153332ddd0_3529 .array/port v0x56153332ddd0, 3529;
v0x56153332ddd0_3530 .array/port v0x56153332ddd0, 3530;
E_0x5615332774a0/882 .event edge, v0x56153332ddd0_3527, v0x56153332ddd0_3528, v0x56153332ddd0_3529, v0x56153332ddd0_3530;
v0x56153332ddd0_3531 .array/port v0x56153332ddd0, 3531;
v0x56153332ddd0_3532 .array/port v0x56153332ddd0, 3532;
v0x56153332ddd0_3533 .array/port v0x56153332ddd0, 3533;
v0x56153332ddd0_3534 .array/port v0x56153332ddd0, 3534;
E_0x5615332774a0/883 .event edge, v0x56153332ddd0_3531, v0x56153332ddd0_3532, v0x56153332ddd0_3533, v0x56153332ddd0_3534;
v0x56153332ddd0_3535 .array/port v0x56153332ddd0, 3535;
v0x56153332ddd0_3536 .array/port v0x56153332ddd0, 3536;
v0x56153332ddd0_3537 .array/port v0x56153332ddd0, 3537;
v0x56153332ddd0_3538 .array/port v0x56153332ddd0, 3538;
E_0x5615332774a0/884 .event edge, v0x56153332ddd0_3535, v0x56153332ddd0_3536, v0x56153332ddd0_3537, v0x56153332ddd0_3538;
v0x56153332ddd0_3539 .array/port v0x56153332ddd0, 3539;
v0x56153332ddd0_3540 .array/port v0x56153332ddd0, 3540;
v0x56153332ddd0_3541 .array/port v0x56153332ddd0, 3541;
v0x56153332ddd0_3542 .array/port v0x56153332ddd0, 3542;
E_0x5615332774a0/885 .event edge, v0x56153332ddd0_3539, v0x56153332ddd0_3540, v0x56153332ddd0_3541, v0x56153332ddd0_3542;
v0x56153332ddd0_3543 .array/port v0x56153332ddd0, 3543;
v0x56153332ddd0_3544 .array/port v0x56153332ddd0, 3544;
v0x56153332ddd0_3545 .array/port v0x56153332ddd0, 3545;
v0x56153332ddd0_3546 .array/port v0x56153332ddd0, 3546;
E_0x5615332774a0/886 .event edge, v0x56153332ddd0_3543, v0x56153332ddd0_3544, v0x56153332ddd0_3545, v0x56153332ddd0_3546;
v0x56153332ddd0_3547 .array/port v0x56153332ddd0, 3547;
v0x56153332ddd0_3548 .array/port v0x56153332ddd0, 3548;
v0x56153332ddd0_3549 .array/port v0x56153332ddd0, 3549;
v0x56153332ddd0_3550 .array/port v0x56153332ddd0, 3550;
E_0x5615332774a0/887 .event edge, v0x56153332ddd0_3547, v0x56153332ddd0_3548, v0x56153332ddd0_3549, v0x56153332ddd0_3550;
v0x56153332ddd0_3551 .array/port v0x56153332ddd0, 3551;
v0x56153332ddd0_3552 .array/port v0x56153332ddd0, 3552;
v0x56153332ddd0_3553 .array/port v0x56153332ddd0, 3553;
v0x56153332ddd0_3554 .array/port v0x56153332ddd0, 3554;
E_0x5615332774a0/888 .event edge, v0x56153332ddd0_3551, v0x56153332ddd0_3552, v0x56153332ddd0_3553, v0x56153332ddd0_3554;
v0x56153332ddd0_3555 .array/port v0x56153332ddd0, 3555;
v0x56153332ddd0_3556 .array/port v0x56153332ddd0, 3556;
v0x56153332ddd0_3557 .array/port v0x56153332ddd0, 3557;
v0x56153332ddd0_3558 .array/port v0x56153332ddd0, 3558;
E_0x5615332774a0/889 .event edge, v0x56153332ddd0_3555, v0x56153332ddd0_3556, v0x56153332ddd0_3557, v0x56153332ddd0_3558;
v0x56153332ddd0_3559 .array/port v0x56153332ddd0, 3559;
v0x56153332ddd0_3560 .array/port v0x56153332ddd0, 3560;
v0x56153332ddd0_3561 .array/port v0x56153332ddd0, 3561;
v0x56153332ddd0_3562 .array/port v0x56153332ddd0, 3562;
E_0x5615332774a0/890 .event edge, v0x56153332ddd0_3559, v0x56153332ddd0_3560, v0x56153332ddd0_3561, v0x56153332ddd0_3562;
v0x56153332ddd0_3563 .array/port v0x56153332ddd0, 3563;
v0x56153332ddd0_3564 .array/port v0x56153332ddd0, 3564;
v0x56153332ddd0_3565 .array/port v0x56153332ddd0, 3565;
v0x56153332ddd0_3566 .array/port v0x56153332ddd0, 3566;
E_0x5615332774a0/891 .event edge, v0x56153332ddd0_3563, v0x56153332ddd0_3564, v0x56153332ddd0_3565, v0x56153332ddd0_3566;
v0x56153332ddd0_3567 .array/port v0x56153332ddd0, 3567;
v0x56153332ddd0_3568 .array/port v0x56153332ddd0, 3568;
v0x56153332ddd0_3569 .array/port v0x56153332ddd0, 3569;
v0x56153332ddd0_3570 .array/port v0x56153332ddd0, 3570;
E_0x5615332774a0/892 .event edge, v0x56153332ddd0_3567, v0x56153332ddd0_3568, v0x56153332ddd0_3569, v0x56153332ddd0_3570;
v0x56153332ddd0_3571 .array/port v0x56153332ddd0, 3571;
v0x56153332ddd0_3572 .array/port v0x56153332ddd0, 3572;
v0x56153332ddd0_3573 .array/port v0x56153332ddd0, 3573;
v0x56153332ddd0_3574 .array/port v0x56153332ddd0, 3574;
E_0x5615332774a0/893 .event edge, v0x56153332ddd0_3571, v0x56153332ddd0_3572, v0x56153332ddd0_3573, v0x56153332ddd0_3574;
v0x56153332ddd0_3575 .array/port v0x56153332ddd0, 3575;
v0x56153332ddd0_3576 .array/port v0x56153332ddd0, 3576;
v0x56153332ddd0_3577 .array/port v0x56153332ddd0, 3577;
v0x56153332ddd0_3578 .array/port v0x56153332ddd0, 3578;
E_0x5615332774a0/894 .event edge, v0x56153332ddd0_3575, v0x56153332ddd0_3576, v0x56153332ddd0_3577, v0x56153332ddd0_3578;
v0x56153332ddd0_3579 .array/port v0x56153332ddd0, 3579;
v0x56153332ddd0_3580 .array/port v0x56153332ddd0, 3580;
v0x56153332ddd0_3581 .array/port v0x56153332ddd0, 3581;
v0x56153332ddd0_3582 .array/port v0x56153332ddd0, 3582;
E_0x5615332774a0/895 .event edge, v0x56153332ddd0_3579, v0x56153332ddd0_3580, v0x56153332ddd0_3581, v0x56153332ddd0_3582;
v0x56153332ddd0_3583 .array/port v0x56153332ddd0, 3583;
v0x56153332ddd0_3584 .array/port v0x56153332ddd0, 3584;
v0x56153332ddd0_3585 .array/port v0x56153332ddd0, 3585;
v0x56153332ddd0_3586 .array/port v0x56153332ddd0, 3586;
E_0x5615332774a0/896 .event edge, v0x56153332ddd0_3583, v0x56153332ddd0_3584, v0x56153332ddd0_3585, v0x56153332ddd0_3586;
v0x56153332ddd0_3587 .array/port v0x56153332ddd0, 3587;
v0x56153332ddd0_3588 .array/port v0x56153332ddd0, 3588;
v0x56153332ddd0_3589 .array/port v0x56153332ddd0, 3589;
v0x56153332ddd0_3590 .array/port v0x56153332ddd0, 3590;
E_0x5615332774a0/897 .event edge, v0x56153332ddd0_3587, v0x56153332ddd0_3588, v0x56153332ddd0_3589, v0x56153332ddd0_3590;
v0x56153332ddd0_3591 .array/port v0x56153332ddd0, 3591;
v0x56153332ddd0_3592 .array/port v0x56153332ddd0, 3592;
v0x56153332ddd0_3593 .array/port v0x56153332ddd0, 3593;
v0x56153332ddd0_3594 .array/port v0x56153332ddd0, 3594;
E_0x5615332774a0/898 .event edge, v0x56153332ddd0_3591, v0x56153332ddd0_3592, v0x56153332ddd0_3593, v0x56153332ddd0_3594;
v0x56153332ddd0_3595 .array/port v0x56153332ddd0, 3595;
v0x56153332ddd0_3596 .array/port v0x56153332ddd0, 3596;
v0x56153332ddd0_3597 .array/port v0x56153332ddd0, 3597;
v0x56153332ddd0_3598 .array/port v0x56153332ddd0, 3598;
E_0x5615332774a0/899 .event edge, v0x56153332ddd0_3595, v0x56153332ddd0_3596, v0x56153332ddd0_3597, v0x56153332ddd0_3598;
v0x56153332ddd0_3599 .array/port v0x56153332ddd0, 3599;
v0x56153332ddd0_3600 .array/port v0x56153332ddd0, 3600;
v0x56153332ddd0_3601 .array/port v0x56153332ddd0, 3601;
v0x56153332ddd0_3602 .array/port v0x56153332ddd0, 3602;
E_0x5615332774a0/900 .event edge, v0x56153332ddd0_3599, v0x56153332ddd0_3600, v0x56153332ddd0_3601, v0x56153332ddd0_3602;
v0x56153332ddd0_3603 .array/port v0x56153332ddd0, 3603;
v0x56153332ddd0_3604 .array/port v0x56153332ddd0, 3604;
v0x56153332ddd0_3605 .array/port v0x56153332ddd0, 3605;
v0x56153332ddd0_3606 .array/port v0x56153332ddd0, 3606;
E_0x5615332774a0/901 .event edge, v0x56153332ddd0_3603, v0x56153332ddd0_3604, v0x56153332ddd0_3605, v0x56153332ddd0_3606;
v0x56153332ddd0_3607 .array/port v0x56153332ddd0, 3607;
v0x56153332ddd0_3608 .array/port v0x56153332ddd0, 3608;
v0x56153332ddd0_3609 .array/port v0x56153332ddd0, 3609;
v0x56153332ddd0_3610 .array/port v0x56153332ddd0, 3610;
E_0x5615332774a0/902 .event edge, v0x56153332ddd0_3607, v0x56153332ddd0_3608, v0x56153332ddd0_3609, v0x56153332ddd0_3610;
v0x56153332ddd0_3611 .array/port v0x56153332ddd0, 3611;
v0x56153332ddd0_3612 .array/port v0x56153332ddd0, 3612;
v0x56153332ddd0_3613 .array/port v0x56153332ddd0, 3613;
v0x56153332ddd0_3614 .array/port v0x56153332ddd0, 3614;
E_0x5615332774a0/903 .event edge, v0x56153332ddd0_3611, v0x56153332ddd0_3612, v0x56153332ddd0_3613, v0x56153332ddd0_3614;
v0x56153332ddd0_3615 .array/port v0x56153332ddd0, 3615;
v0x56153332ddd0_3616 .array/port v0x56153332ddd0, 3616;
v0x56153332ddd0_3617 .array/port v0x56153332ddd0, 3617;
v0x56153332ddd0_3618 .array/port v0x56153332ddd0, 3618;
E_0x5615332774a0/904 .event edge, v0x56153332ddd0_3615, v0x56153332ddd0_3616, v0x56153332ddd0_3617, v0x56153332ddd0_3618;
v0x56153332ddd0_3619 .array/port v0x56153332ddd0, 3619;
v0x56153332ddd0_3620 .array/port v0x56153332ddd0, 3620;
v0x56153332ddd0_3621 .array/port v0x56153332ddd0, 3621;
v0x56153332ddd0_3622 .array/port v0x56153332ddd0, 3622;
E_0x5615332774a0/905 .event edge, v0x56153332ddd0_3619, v0x56153332ddd0_3620, v0x56153332ddd0_3621, v0x56153332ddd0_3622;
v0x56153332ddd0_3623 .array/port v0x56153332ddd0, 3623;
v0x56153332ddd0_3624 .array/port v0x56153332ddd0, 3624;
v0x56153332ddd0_3625 .array/port v0x56153332ddd0, 3625;
v0x56153332ddd0_3626 .array/port v0x56153332ddd0, 3626;
E_0x5615332774a0/906 .event edge, v0x56153332ddd0_3623, v0x56153332ddd0_3624, v0x56153332ddd0_3625, v0x56153332ddd0_3626;
v0x56153332ddd0_3627 .array/port v0x56153332ddd0, 3627;
v0x56153332ddd0_3628 .array/port v0x56153332ddd0, 3628;
v0x56153332ddd0_3629 .array/port v0x56153332ddd0, 3629;
v0x56153332ddd0_3630 .array/port v0x56153332ddd0, 3630;
E_0x5615332774a0/907 .event edge, v0x56153332ddd0_3627, v0x56153332ddd0_3628, v0x56153332ddd0_3629, v0x56153332ddd0_3630;
v0x56153332ddd0_3631 .array/port v0x56153332ddd0, 3631;
v0x56153332ddd0_3632 .array/port v0x56153332ddd0, 3632;
v0x56153332ddd0_3633 .array/port v0x56153332ddd0, 3633;
v0x56153332ddd0_3634 .array/port v0x56153332ddd0, 3634;
E_0x5615332774a0/908 .event edge, v0x56153332ddd0_3631, v0x56153332ddd0_3632, v0x56153332ddd0_3633, v0x56153332ddd0_3634;
v0x56153332ddd0_3635 .array/port v0x56153332ddd0, 3635;
v0x56153332ddd0_3636 .array/port v0x56153332ddd0, 3636;
v0x56153332ddd0_3637 .array/port v0x56153332ddd0, 3637;
v0x56153332ddd0_3638 .array/port v0x56153332ddd0, 3638;
E_0x5615332774a0/909 .event edge, v0x56153332ddd0_3635, v0x56153332ddd0_3636, v0x56153332ddd0_3637, v0x56153332ddd0_3638;
v0x56153332ddd0_3639 .array/port v0x56153332ddd0, 3639;
v0x56153332ddd0_3640 .array/port v0x56153332ddd0, 3640;
v0x56153332ddd0_3641 .array/port v0x56153332ddd0, 3641;
v0x56153332ddd0_3642 .array/port v0x56153332ddd0, 3642;
E_0x5615332774a0/910 .event edge, v0x56153332ddd0_3639, v0x56153332ddd0_3640, v0x56153332ddd0_3641, v0x56153332ddd0_3642;
v0x56153332ddd0_3643 .array/port v0x56153332ddd0, 3643;
v0x56153332ddd0_3644 .array/port v0x56153332ddd0, 3644;
v0x56153332ddd0_3645 .array/port v0x56153332ddd0, 3645;
v0x56153332ddd0_3646 .array/port v0x56153332ddd0, 3646;
E_0x5615332774a0/911 .event edge, v0x56153332ddd0_3643, v0x56153332ddd0_3644, v0x56153332ddd0_3645, v0x56153332ddd0_3646;
v0x56153332ddd0_3647 .array/port v0x56153332ddd0, 3647;
v0x56153332ddd0_3648 .array/port v0x56153332ddd0, 3648;
v0x56153332ddd0_3649 .array/port v0x56153332ddd0, 3649;
v0x56153332ddd0_3650 .array/port v0x56153332ddd0, 3650;
E_0x5615332774a0/912 .event edge, v0x56153332ddd0_3647, v0x56153332ddd0_3648, v0x56153332ddd0_3649, v0x56153332ddd0_3650;
v0x56153332ddd0_3651 .array/port v0x56153332ddd0, 3651;
v0x56153332ddd0_3652 .array/port v0x56153332ddd0, 3652;
v0x56153332ddd0_3653 .array/port v0x56153332ddd0, 3653;
v0x56153332ddd0_3654 .array/port v0x56153332ddd0, 3654;
E_0x5615332774a0/913 .event edge, v0x56153332ddd0_3651, v0x56153332ddd0_3652, v0x56153332ddd0_3653, v0x56153332ddd0_3654;
v0x56153332ddd0_3655 .array/port v0x56153332ddd0, 3655;
v0x56153332ddd0_3656 .array/port v0x56153332ddd0, 3656;
v0x56153332ddd0_3657 .array/port v0x56153332ddd0, 3657;
v0x56153332ddd0_3658 .array/port v0x56153332ddd0, 3658;
E_0x5615332774a0/914 .event edge, v0x56153332ddd0_3655, v0x56153332ddd0_3656, v0x56153332ddd0_3657, v0x56153332ddd0_3658;
v0x56153332ddd0_3659 .array/port v0x56153332ddd0, 3659;
v0x56153332ddd0_3660 .array/port v0x56153332ddd0, 3660;
v0x56153332ddd0_3661 .array/port v0x56153332ddd0, 3661;
v0x56153332ddd0_3662 .array/port v0x56153332ddd0, 3662;
E_0x5615332774a0/915 .event edge, v0x56153332ddd0_3659, v0x56153332ddd0_3660, v0x56153332ddd0_3661, v0x56153332ddd0_3662;
v0x56153332ddd0_3663 .array/port v0x56153332ddd0, 3663;
v0x56153332ddd0_3664 .array/port v0x56153332ddd0, 3664;
v0x56153332ddd0_3665 .array/port v0x56153332ddd0, 3665;
v0x56153332ddd0_3666 .array/port v0x56153332ddd0, 3666;
E_0x5615332774a0/916 .event edge, v0x56153332ddd0_3663, v0x56153332ddd0_3664, v0x56153332ddd0_3665, v0x56153332ddd0_3666;
v0x56153332ddd0_3667 .array/port v0x56153332ddd0, 3667;
v0x56153332ddd0_3668 .array/port v0x56153332ddd0, 3668;
v0x56153332ddd0_3669 .array/port v0x56153332ddd0, 3669;
v0x56153332ddd0_3670 .array/port v0x56153332ddd0, 3670;
E_0x5615332774a0/917 .event edge, v0x56153332ddd0_3667, v0x56153332ddd0_3668, v0x56153332ddd0_3669, v0x56153332ddd0_3670;
v0x56153332ddd0_3671 .array/port v0x56153332ddd0, 3671;
v0x56153332ddd0_3672 .array/port v0x56153332ddd0, 3672;
v0x56153332ddd0_3673 .array/port v0x56153332ddd0, 3673;
v0x56153332ddd0_3674 .array/port v0x56153332ddd0, 3674;
E_0x5615332774a0/918 .event edge, v0x56153332ddd0_3671, v0x56153332ddd0_3672, v0x56153332ddd0_3673, v0x56153332ddd0_3674;
v0x56153332ddd0_3675 .array/port v0x56153332ddd0, 3675;
v0x56153332ddd0_3676 .array/port v0x56153332ddd0, 3676;
v0x56153332ddd0_3677 .array/port v0x56153332ddd0, 3677;
v0x56153332ddd0_3678 .array/port v0x56153332ddd0, 3678;
E_0x5615332774a0/919 .event edge, v0x56153332ddd0_3675, v0x56153332ddd0_3676, v0x56153332ddd0_3677, v0x56153332ddd0_3678;
v0x56153332ddd0_3679 .array/port v0x56153332ddd0, 3679;
v0x56153332ddd0_3680 .array/port v0x56153332ddd0, 3680;
v0x56153332ddd0_3681 .array/port v0x56153332ddd0, 3681;
v0x56153332ddd0_3682 .array/port v0x56153332ddd0, 3682;
E_0x5615332774a0/920 .event edge, v0x56153332ddd0_3679, v0x56153332ddd0_3680, v0x56153332ddd0_3681, v0x56153332ddd0_3682;
v0x56153332ddd0_3683 .array/port v0x56153332ddd0, 3683;
v0x56153332ddd0_3684 .array/port v0x56153332ddd0, 3684;
v0x56153332ddd0_3685 .array/port v0x56153332ddd0, 3685;
v0x56153332ddd0_3686 .array/port v0x56153332ddd0, 3686;
E_0x5615332774a0/921 .event edge, v0x56153332ddd0_3683, v0x56153332ddd0_3684, v0x56153332ddd0_3685, v0x56153332ddd0_3686;
v0x56153332ddd0_3687 .array/port v0x56153332ddd0, 3687;
v0x56153332ddd0_3688 .array/port v0x56153332ddd0, 3688;
v0x56153332ddd0_3689 .array/port v0x56153332ddd0, 3689;
v0x56153332ddd0_3690 .array/port v0x56153332ddd0, 3690;
E_0x5615332774a0/922 .event edge, v0x56153332ddd0_3687, v0x56153332ddd0_3688, v0x56153332ddd0_3689, v0x56153332ddd0_3690;
v0x56153332ddd0_3691 .array/port v0x56153332ddd0, 3691;
v0x56153332ddd0_3692 .array/port v0x56153332ddd0, 3692;
v0x56153332ddd0_3693 .array/port v0x56153332ddd0, 3693;
v0x56153332ddd0_3694 .array/port v0x56153332ddd0, 3694;
E_0x5615332774a0/923 .event edge, v0x56153332ddd0_3691, v0x56153332ddd0_3692, v0x56153332ddd0_3693, v0x56153332ddd0_3694;
v0x56153332ddd0_3695 .array/port v0x56153332ddd0, 3695;
v0x56153332ddd0_3696 .array/port v0x56153332ddd0, 3696;
v0x56153332ddd0_3697 .array/port v0x56153332ddd0, 3697;
v0x56153332ddd0_3698 .array/port v0x56153332ddd0, 3698;
E_0x5615332774a0/924 .event edge, v0x56153332ddd0_3695, v0x56153332ddd0_3696, v0x56153332ddd0_3697, v0x56153332ddd0_3698;
v0x56153332ddd0_3699 .array/port v0x56153332ddd0, 3699;
v0x56153332ddd0_3700 .array/port v0x56153332ddd0, 3700;
v0x56153332ddd0_3701 .array/port v0x56153332ddd0, 3701;
v0x56153332ddd0_3702 .array/port v0x56153332ddd0, 3702;
E_0x5615332774a0/925 .event edge, v0x56153332ddd0_3699, v0x56153332ddd0_3700, v0x56153332ddd0_3701, v0x56153332ddd0_3702;
v0x56153332ddd0_3703 .array/port v0x56153332ddd0, 3703;
v0x56153332ddd0_3704 .array/port v0x56153332ddd0, 3704;
v0x56153332ddd0_3705 .array/port v0x56153332ddd0, 3705;
v0x56153332ddd0_3706 .array/port v0x56153332ddd0, 3706;
E_0x5615332774a0/926 .event edge, v0x56153332ddd0_3703, v0x56153332ddd0_3704, v0x56153332ddd0_3705, v0x56153332ddd0_3706;
v0x56153332ddd0_3707 .array/port v0x56153332ddd0, 3707;
v0x56153332ddd0_3708 .array/port v0x56153332ddd0, 3708;
v0x56153332ddd0_3709 .array/port v0x56153332ddd0, 3709;
v0x56153332ddd0_3710 .array/port v0x56153332ddd0, 3710;
E_0x5615332774a0/927 .event edge, v0x56153332ddd0_3707, v0x56153332ddd0_3708, v0x56153332ddd0_3709, v0x56153332ddd0_3710;
v0x56153332ddd0_3711 .array/port v0x56153332ddd0, 3711;
v0x56153332ddd0_3712 .array/port v0x56153332ddd0, 3712;
v0x56153332ddd0_3713 .array/port v0x56153332ddd0, 3713;
v0x56153332ddd0_3714 .array/port v0x56153332ddd0, 3714;
E_0x5615332774a0/928 .event edge, v0x56153332ddd0_3711, v0x56153332ddd0_3712, v0x56153332ddd0_3713, v0x56153332ddd0_3714;
v0x56153332ddd0_3715 .array/port v0x56153332ddd0, 3715;
v0x56153332ddd0_3716 .array/port v0x56153332ddd0, 3716;
v0x56153332ddd0_3717 .array/port v0x56153332ddd0, 3717;
v0x56153332ddd0_3718 .array/port v0x56153332ddd0, 3718;
E_0x5615332774a0/929 .event edge, v0x56153332ddd0_3715, v0x56153332ddd0_3716, v0x56153332ddd0_3717, v0x56153332ddd0_3718;
v0x56153332ddd0_3719 .array/port v0x56153332ddd0, 3719;
v0x56153332ddd0_3720 .array/port v0x56153332ddd0, 3720;
v0x56153332ddd0_3721 .array/port v0x56153332ddd0, 3721;
v0x56153332ddd0_3722 .array/port v0x56153332ddd0, 3722;
E_0x5615332774a0/930 .event edge, v0x56153332ddd0_3719, v0x56153332ddd0_3720, v0x56153332ddd0_3721, v0x56153332ddd0_3722;
v0x56153332ddd0_3723 .array/port v0x56153332ddd0, 3723;
v0x56153332ddd0_3724 .array/port v0x56153332ddd0, 3724;
v0x56153332ddd0_3725 .array/port v0x56153332ddd0, 3725;
v0x56153332ddd0_3726 .array/port v0x56153332ddd0, 3726;
E_0x5615332774a0/931 .event edge, v0x56153332ddd0_3723, v0x56153332ddd0_3724, v0x56153332ddd0_3725, v0x56153332ddd0_3726;
v0x56153332ddd0_3727 .array/port v0x56153332ddd0, 3727;
v0x56153332ddd0_3728 .array/port v0x56153332ddd0, 3728;
v0x56153332ddd0_3729 .array/port v0x56153332ddd0, 3729;
v0x56153332ddd0_3730 .array/port v0x56153332ddd0, 3730;
E_0x5615332774a0/932 .event edge, v0x56153332ddd0_3727, v0x56153332ddd0_3728, v0x56153332ddd0_3729, v0x56153332ddd0_3730;
v0x56153332ddd0_3731 .array/port v0x56153332ddd0, 3731;
v0x56153332ddd0_3732 .array/port v0x56153332ddd0, 3732;
v0x56153332ddd0_3733 .array/port v0x56153332ddd0, 3733;
v0x56153332ddd0_3734 .array/port v0x56153332ddd0, 3734;
E_0x5615332774a0/933 .event edge, v0x56153332ddd0_3731, v0x56153332ddd0_3732, v0x56153332ddd0_3733, v0x56153332ddd0_3734;
v0x56153332ddd0_3735 .array/port v0x56153332ddd0, 3735;
v0x56153332ddd0_3736 .array/port v0x56153332ddd0, 3736;
v0x56153332ddd0_3737 .array/port v0x56153332ddd0, 3737;
v0x56153332ddd0_3738 .array/port v0x56153332ddd0, 3738;
E_0x5615332774a0/934 .event edge, v0x56153332ddd0_3735, v0x56153332ddd0_3736, v0x56153332ddd0_3737, v0x56153332ddd0_3738;
v0x56153332ddd0_3739 .array/port v0x56153332ddd0, 3739;
v0x56153332ddd0_3740 .array/port v0x56153332ddd0, 3740;
v0x56153332ddd0_3741 .array/port v0x56153332ddd0, 3741;
v0x56153332ddd0_3742 .array/port v0x56153332ddd0, 3742;
E_0x5615332774a0/935 .event edge, v0x56153332ddd0_3739, v0x56153332ddd0_3740, v0x56153332ddd0_3741, v0x56153332ddd0_3742;
v0x56153332ddd0_3743 .array/port v0x56153332ddd0, 3743;
v0x56153332ddd0_3744 .array/port v0x56153332ddd0, 3744;
v0x56153332ddd0_3745 .array/port v0x56153332ddd0, 3745;
v0x56153332ddd0_3746 .array/port v0x56153332ddd0, 3746;
E_0x5615332774a0/936 .event edge, v0x56153332ddd0_3743, v0x56153332ddd0_3744, v0x56153332ddd0_3745, v0x56153332ddd0_3746;
v0x56153332ddd0_3747 .array/port v0x56153332ddd0, 3747;
v0x56153332ddd0_3748 .array/port v0x56153332ddd0, 3748;
v0x56153332ddd0_3749 .array/port v0x56153332ddd0, 3749;
v0x56153332ddd0_3750 .array/port v0x56153332ddd0, 3750;
E_0x5615332774a0/937 .event edge, v0x56153332ddd0_3747, v0x56153332ddd0_3748, v0x56153332ddd0_3749, v0x56153332ddd0_3750;
v0x56153332ddd0_3751 .array/port v0x56153332ddd0, 3751;
v0x56153332ddd0_3752 .array/port v0x56153332ddd0, 3752;
v0x56153332ddd0_3753 .array/port v0x56153332ddd0, 3753;
v0x56153332ddd0_3754 .array/port v0x56153332ddd0, 3754;
E_0x5615332774a0/938 .event edge, v0x56153332ddd0_3751, v0x56153332ddd0_3752, v0x56153332ddd0_3753, v0x56153332ddd0_3754;
v0x56153332ddd0_3755 .array/port v0x56153332ddd0, 3755;
v0x56153332ddd0_3756 .array/port v0x56153332ddd0, 3756;
v0x56153332ddd0_3757 .array/port v0x56153332ddd0, 3757;
v0x56153332ddd0_3758 .array/port v0x56153332ddd0, 3758;
E_0x5615332774a0/939 .event edge, v0x56153332ddd0_3755, v0x56153332ddd0_3756, v0x56153332ddd0_3757, v0x56153332ddd0_3758;
v0x56153332ddd0_3759 .array/port v0x56153332ddd0, 3759;
v0x56153332ddd0_3760 .array/port v0x56153332ddd0, 3760;
v0x56153332ddd0_3761 .array/port v0x56153332ddd0, 3761;
v0x56153332ddd0_3762 .array/port v0x56153332ddd0, 3762;
E_0x5615332774a0/940 .event edge, v0x56153332ddd0_3759, v0x56153332ddd0_3760, v0x56153332ddd0_3761, v0x56153332ddd0_3762;
v0x56153332ddd0_3763 .array/port v0x56153332ddd0, 3763;
v0x56153332ddd0_3764 .array/port v0x56153332ddd0, 3764;
v0x56153332ddd0_3765 .array/port v0x56153332ddd0, 3765;
v0x56153332ddd0_3766 .array/port v0x56153332ddd0, 3766;
E_0x5615332774a0/941 .event edge, v0x56153332ddd0_3763, v0x56153332ddd0_3764, v0x56153332ddd0_3765, v0x56153332ddd0_3766;
v0x56153332ddd0_3767 .array/port v0x56153332ddd0, 3767;
v0x56153332ddd0_3768 .array/port v0x56153332ddd0, 3768;
v0x56153332ddd0_3769 .array/port v0x56153332ddd0, 3769;
v0x56153332ddd0_3770 .array/port v0x56153332ddd0, 3770;
E_0x5615332774a0/942 .event edge, v0x56153332ddd0_3767, v0x56153332ddd0_3768, v0x56153332ddd0_3769, v0x56153332ddd0_3770;
v0x56153332ddd0_3771 .array/port v0x56153332ddd0, 3771;
v0x56153332ddd0_3772 .array/port v0x56153332ddd0, 3772;
v0x56153332ddd0_3773 .array/port v0x56153332ddd0, 3773;
v0x56153332ddd0_3774 .array/port v0x56153332ddd0, 3774;
E_0x5615332774a0/943 .event edge, v0x56153332ddd0_3771, v0x56153332ddd0_3772, v0x56153332ddd0_3773, v0x56153332ddd0_3774;
v0x56153332ddd0_3775 .array/port v0x56153332ddd0, 3775;
v0x56153332ddd0_3776 .array/port v0x56153332ddd0, 3776;
v0x56153332ddd0_3777 .array/port v0x56153332ddd0, 3777;
v0x56153332ddd0_3778 .array/port v0x56153332ddd0, 3778;
E_0x5615332774a0/944 .event edge, v0x56153332ddd0_3775, v0x56153332ddd0_3776, v0x56153332ddd0_3777, v0x56153332ddd0_3778;
v0x56153332ddd0_3779 .array/port v0x56153332ddd0, 3779;
v0x56153332ddd0_3780 .array/port v0x56153332ddd0, 3780;
v0x56153332ddd0_3781 .array/port v0x56153332ddd0, 3781;
v0x56153332ddd0_3782 .array/port v0x56153332ddd0, 3782;
E_0x5615332774a0/945 .event edge, v0x56153332ddd0_3779, v0x56153332ddd0_3780, v0x56153332ddd0_3781, v0x56153332ddd0_3782;
v0x56153332ddd0_3783 .array/port v0x56153332ddd0, 3783;
v0x56153332ddd0_3784 .array/port v0x56153332ddd0, 3784;
v0x56153332ddd0_3785 .array/port v0x56153332ddd0, 3785;
v0x56153332ddd0_3786 .array/port v0x56153332ddd0, 3786;
E_0x5615332774a0/946 .event edge, v0x56153332ddd0_3783, v0x56153332ddd0_3784, v0x56153332ddd0_3785, v0x56153332ddd0_3786;
v0x56153332ddd0_3787 .array/port v0x56153332ddd0, 3787;
v0x56153332ddd0_3788 .array/port v0x56153332ddd0, 3788;
v0x56153332ddd0_3789 .array/port v0x56153332ddd0, 3789;
v0x56153332ddd0_3790 .array/port v0x56153332ddd0, 3790;
E_0x5615332774a0/947 .event edge, v0x56153332ddd0_3787, v0x56153332ddd0_3788, v0x56153332ddd0_3789, v0x56153332ddd0_3790;
v0x56153332ddd0_3791 .array/port v0x56153332ddd0, 3791;
v0x56153332ddd0_3792 .array/port v0x56153332ddd0, 3792;
v0x56153332ddd0_3793 .array/port v0x56153332ddd0, 3793;
v0x56153332ddd0_3794 .array/port v0x56153332ddd0, 3794;
E_0x5615332774a0/948 .event edge, v0x56153332ddd0_3791, v0x56153332ddd0_3792, v0x56153332ddd0_3793, v0x56153332ddd0_3794;
v0x56153332ddd0_3795 .array/port v0x56153332ddd0, 3795;
v0x56153332ddd0_3796 .array/port v0x56153332ddd0, 3796;
v0x56153332ddd0_3797 .array/port v0x56153332ddd0, 3797;
v0x56153332ddd0_3798 .array/port v0x56153332ddd0, 3798;
E_0x5615332774a0/949 .event edge, v0x56153332ddd0_3795, v0x56153332ddd0_3796, v0x56153332ddd0_3797, v0x56153332ddd0_3798;
v0x56153332ddd0_3799 .array/port v0x56153332ddd0, 3799;
v0x56153332ddd0_3800 .array/port v0x56153332ddd0, 3800;
v0x56153332ddd0_3801 .array/port v0x56153332ddd0, 3801;
v0x56153332ddd0_3802 .array/port v0x56153332ddd0, 3802;
E_0x5615332774a0/950 .event edge, v0x56153332ddd0_3799, v0x56153332ddd0_3800, v0x56153332ddd0_3801, v0x56153332ddd0_3802;
v0x56153332ddd0_3803 .array/port v0x56153332ddd0, 3803;
v0x56153332ddd0_3804 .array/port v0x56153332ddd0, 3804;
v0x56153332ddd0_3805 .array/port v0x56153332ddd0, 3805;
v0x56153332ddd0_3806 .array/port v0x56153332ddd0, 3806;
E_0x5615332774a0/951 .event edge, v0x56153332ddd0_3803, v0x56153332ddd0_3804, v0x56153332ddd0_3805, v0x56153332ddd0_3806;
v0x56153332ddd0_3807 .array/port v0x56153332ddd0, 3807;
v0x56153332ddd0_3808 .array/port v0x56153332ddd0, 3808;
v0x56153332ddd0_3809 .array/port v0x56153332ddd0, 3809;
v0x56153332ddd0_3810 .array/port v0x56153332ddd0, 3810;
E_0x5615332774a0/952 .event edge, v0x56153332ddd0_3807, v0x56153332ddd0_3808, v0x56153332ddd0_3809, v0x56153332ddd0_3810;
v0x56153332ddd0_3811 .array/port v0x56153332ddd0, 3811;
v0x56153332ddd0_3812 .array/port v0x56153332ddd0, 3812;
v0x56153332ddd0_3813 .array/port v0x56153332ddd0, 3813;
v0x56153332ddd0_3814 .array/port v0x56153332ddd0, 3814;
E_0x5615332774a0/953 .event edge, v0x56153332ddd0_3811, v0x56153332ddd0_3812, v0x56153332ddd0_3813, v0x56153332ddd0_3814;
v0x56153332ddd0_3815 .array/port v0x56153332ddd0, 3815;
v0x56153332ddd0_3816 .array/port v0x56153332ddd0, 3816;
v0x56153332ddd0_3817 .array/port v0x56153332ddd0, 3817;
v0x56153332ddd0_3818 .array/port v0x56153332ddd0, 3818;
E_0x5615332774a0/954 .event edge, v0x56153332ddd0_3815, v0x56153332ddd0_3816, v0x56153332ddd0_3817, v0x56153332ddd0_3818;
v0x56153332ddd0_3819 .array/port v0x56153332ddd0, 3819;
v0x56153332ddd0_3820 .array/port v0x56153332ddd0, 3820;
v0x56153332ddd0_3821 .array/port v0x56153332ddd0, 3821;
v0x56153332ddd0_3822 .array/port v0x56153332ddd0, 3822;
E_0x5615332774a0/955 .event edge, v0x56153332ddd0_3819, v0x56153332ddd0_3820, v0x56153332ddd0_3821, v0x56153332ddd0_3822;
v0x56153332ddd0_3823 .array/port v0x56153332ddd0, 3823;
v0x56153332ddd0_3824 .array/port v0x56153332ddd0, 3824;
v0x56153332ddd0_3825 .array/port v0x56153332ddd0, 3825;
v0x56153332ddd0_3826 .array/port v0x56153332ddd0, 3826;
E_0x5615332774a0/956 .event edge, v0x56153332ddd0_3823, v0x56153332ddd0_3824, v0x56153332ddd0_3825, v0x56153332ddd0_3826;
v0x56153332ddd0_3827 .array/port v0x56153332ddd0, 3827;
v0x56153332ddd0_3828 .array/port v0x56153332ddd0, 3828;
v0x56153332ddd0_3829 .array/port v0x56153332ddd0, 3829;
v0x56153332ddd0_3830 .array/port v0x56153332ddd0, 3830;
E_0x5615332774a0/957 .event edge, v0x56153332ddd0_3827, v0x56153332ddd0_3828, v0x56153332ddd0_3829, v0x56153332ddd0_3830;
v0x56153332ddd0_3831 .array/port v0x56153332ddd0, 3831;
v0x56153332ddd0_3832 .array/port v0x56153332ddd0, 3832;
v0x56153332ddd0_3833 .array/port v0x56153332ddd0, 3833;
v0x56153332ddd0_3834 .array/port v0x56153332ddd0, 3834;
E_0x5615332774a0/958 .event edge, v0x56153332ddd0_3831, v0x56153332ddd0_3832, v0x56153332ddd0_3833, v0x56153332ddd0_3834;
v0x56153332ddd0_3835 .array/port v0x56153332ddd0, 3835;
v0x56153332ddd0_3836 .array/port v0x56153332ddd0, 3836;
v0x56153332ddd0_3837 .array/port v0x56153332ddd0, 3837;
v0x56153332ddd0_3838 .array/port v0x56153332ddd0, 3838;
E_0x5615332774a0/959 .event edge, v0x56153332ddd0_3835, v0x56153332ddd0_3836, v0x56153332ddd0_3837, v0x56153332ddd0_3838;
v0x56153332ddd0_3839 .array/port v0x56153332ddd0, 3839;
v0x56153332ddd0_3840 .array/port v0x56153332ddd0, 3840;
v0x56153332ddd0_3841 .array/port v0x56153332ddd0, 3841;
v0x56153332ddd0_3842 .array/port v0x56153332ddd0, 3842;
E_0x5615332774a0/960 .event edge, v0x56153332ddd0_3839, v0x56153332ddd0_3840, v0x56153332ddd0_3841, v0x56153332ddd0_3842;
v0x56153332ddd0_3843 .array/port v0x56153332ddd0, 3843;
v0x56153332ddd0_3844 .array/port v0x56153332ddd0, 3844;
v0x56153332ddd0_3845 .array/port v0x56153332ddd0, 3845;
v0x56153332ddd0_3846 .array/port v0x56153332ddd0, 3846;
E_0x5615332774a0/961 .event edge, v0x56153332ddd0_3843, v0x56153332ddd0_3844, v0x56153332ddd0_3845, v0x56153332ddd0_3846;
v0x56153332ddd0_3847 .array/port v0x56153332ddd0, 3847;
v0x56153332ddd0_3848 .array/port v0x56153332ddd0, 3848;
v0x56153332ddd0_3849 .array/port v0x56153332ddd0, 3849;
v0x56153332ddd0_3850 .array/port v0x56153332ddd0, 3850;
E_0x5615332774a0/962 .event edge, v0x56153332ddd0_3847, v0x56153332ddd0_3848, v0x56153332ddd0_3849, v0x56153332ddd0_3850;
v0x56153332ddd0_3851 .array/port v0x56153332ddd0, 3851;
v0x56153332ddd0_3852 .array/port v0x56153332ddd0, 3852;
v0x56153332ddd0_3853 .array/port v0x56153332ddd0, 3853;
v0x56153332ddd0_3854 .array/port v0x56153332ddd0, 3854;
E_0x5615332774a0/963 .event edge, v0x56153332ddd0_3851, v0x56153332ddd0_3852, v0x56153332ddd0_3853, v0x56153332ddd0_3854;
v0x56153332ddd0_3855 .array/port v0x56153332ddd0, 3855;
v0x56153332ddd0_3856 .array/port v0x56153332ddd0, 3856;
v0x56153332ddd0_3857 .array/port v0x56153332ddd0, 3857;
v0x56153332ddd0_3858 .array/port v0x56153332ddd0, 3858;
E_0x5615332774a0/964 .event edge, v0x56153332ddd0_3855, v0x56153332ddd0_3856, v0x56153332ddd0_3857, v0x56153332ddd0_3858;
v0x56153332ddd0_3859 .array/port v0x56153332ddd0, 3859;
v0x56153332ddd0_3860 .array/port v0x56153332ddd0, 3860;
v0x56153332ddd0_3861 .array/port v0x56153332ddd0, 3861;
v0x56153332ddd0_3862 .array/port v0x56153332ddd0, 3862;
E_0x5615332774a0/965 .event edge, v0x56153332ddd0_3859, v0x56153332ddd0_3860, v0x56153332ddd0_3861, v0x56153332ddd0_3862;
v0x56153332ddd0_3863 .array/port v0x56153332ddd0, 3863;
v0x56153332ddd0_3864 .array/port v0x56153332ddd0, 3864;
v0x56153332ddd0_3865 .array/port v0x56153332ddd0, 3865;
v0x56153332ddd0_3866 .array/port v0x56153332ddd0, 3866;
E_0x5615332774a0/966 .event edge, v0x56153332ddd0_3863, v0x56153332ddd0_3864, v0x56153332ddd0_3865, v0x56153332ddd0_3866;
v0x56153332ddd0_3867 .array/port v0x56153332ddd0, 3867;
v0x56153332ddd0_3868 .array/port v0x56153332ddd0, 3868;
v0x56153332ddd0_3869 .array/port v0x56153332ddd0, 3869;
v0x56153332ddd0_3870 .array/port v0x56153332ddd0, 3870;
E_0x5615332774a0/967 .event edge, v0x56153332ddd0_3867, v0x56153332ddd0_3868, v0x56153332ddd0_3869, v0x56153332ddd0_3870;
v0x56153332ddd0_3871 .array/port v0x56153332ddd0, 3871;
v0x56153332ddd0_3872 .array/port v0x56153332ddd0, 3872;
v0x56153332ddd0_3873 .array/port v0x56153332ddd0, 3873;
v0x56153332ddd0_3874 .array/port v0x56153332ddd0, 3874;
E_0x5615332774a0/968 .event edge, v0x56153332ddd0_3871, v0x56153332ddd0_3872, v0x56153332ddd0_3873, v0x56153332ddd0_3874;
v0x56153332ddd0_3875 .array/port v0x56153332ddd0, 3875;
v0x56153332ddd0_3876 .array/port v0x56153332ddd0, 3876;
v0x56153332ddd0_3877 .array/port v0x56153332ddd0, 3877;
v0x56153332ddd0_3878 .array/port v0x56153332ddd0, 3878;
E_0x5615332774a0/969 .event edge, v0x56153332ddd0_3875, v0x56153332ddd0_3876, v0x56153332ddd0_3877, v0x56153332ddd0_3878;
v0x56153332ddd0_3879 .array/port v0x56153332ddd0, 3879;
v0x56153332ddd0_3880 .array/port v0x56153332ddd0, 3880;
v0x56153332ddd0_3881 .array/port v0x56153332ddd0, 3881;
v0x56153332ddd0_3882 .array/port v0x56153332ddd0, 3882;
E_0x5615332774a0/970 .event edge, v0x56153332ddd0_3879, v0x56153332ddd0_3880, v0x56153332ddd0_3881, v0x56153332ddd0_3882;
v0x56153332ddd0_3883 .array/port v0x56153332ddd0, 3883;
v0x56153332ddd0_3884 .array/port v0x56153332ddd0, 3884;
v0x56153332ddd0_3885 .array/port v0x56153332ddd0, 3885;
v0x56153332ddd0_3886 .array/port v0x56153332ddd0, 3886;
E_0x5615332774a0/971 .event edge, v0x56153332ddd0_3883, v0x56153332ddd0_3884, v0x56153332ddd0_3885, v0x56153332ddd0_3886;
v0x56153332ddd0_3887 .array/port v0x56153332ddd0, 3887;
v0x56153332ddd0_3888 .array/port v0x56153332ddd0, 3888;
v0x56153332ddd0_3889 .array/port v0x56153332ddd0, 3889;
v0x56153332ddd0_3890 .array/port v0x56153332ddd0, 3890;
E_0x5615332774a0/972 .event edge, v0x56153332ddd0_3887, v0x56153332ddd0_3888, v0x56153332ddd0_3889, v0x56153332ddd0_3890;
v0x56153332ddd0_3891 .array/port v0x56153332ddd0, 3891;
v0x56153332ddd0_3892 .array/port v0x56153332ddd0, 3892;
v0x56153332ddd0_3893 .array/port v0x56153332ddd0, 3893;
v0x56153332ddd0_3894 .array/port v0x56153332ddd0, 3894;
E_0x5615332774a0/973 .event edge, v0x56153332ddd0_3891, v0x56153332ddd0_3892, v0x56153332ddd0_3893, v0x56153332ddd0_3894;
v0x56153332ddd0_3895 .array/port v0x56153332ddd0, 3895;
v0x56153332ddd0_3896 .array/port v0x56153332ddd0, 3896;
v0x56153332ddd0_3897 .array/port v0x56153332ddd0, 3897;
v0x56153332ddd0_3898 .array/port v0x56153332ddd0, 3898;
E_0x5615332774a0/974 .event edge, v0x56153332ddd0_3895, v0x56153332ddd0_3896, v0x56153332ddd0_3897, v0x56153332ddd0_3898;
v0x56153332ddd0_3899 .array/port v0x56153332ddd0, 3899;
v0x56153332ddd0_3900 .array/port v0x56153332ddd0, 3900;
v0x56153332ddd0_3901 .array/port v0x56153332ddd0, 3901;
v0x56153332ddd0_3902 .array/port v0x56153332ddd0, 3902;
E_0x5615332774a0/975 .event edge, v0x56153332ddd0_3899, v0x56153332ddd0_3900, v0x56153332ddd0_3901, v0x56153332ddd0_3902;
v0x56153332ddd0_3903 .array/port v0x56153332ddd0, 3903;
v0x56153332ddd0_3904 .array/port v0x56153332ddd0, 3904;
v0x56153332ddd0_3905 .array/port v0x56153332ddd0, 3905;
v0x56153332ddd0_3906 .array/port v0x56153332ddd0, 3906;
E_0x5615332774a0/976 .event edge, v0x56153332ddd0_3903, v0x56153332ddd0_3904, v0x56153332ddd0_3905, v0x56153332ddd0_3906;
v0x56153332ddd0_3907 .array/port v0x56153332ddd0, 3907;
v0x56153332ddd0_3908 .array/port v0x56153332ddd0, 3908;
v0x56153332ddd0_3909 .array/port v0x56153332ddd0, 3909;
v0x56153332ddd0_3910 .array/port v0x56153332ddd0, 3910;
E_0x5615332774a0/977 .event edge, v0x56153332ddd0_3907, v0x56153332ddd0_3908, v0x56153332ddd0_3909, v0x56153332ddd0_3910;
v0x56153332ddd0_3911 .array/port v0x56153332ddd0, 3911;
v0x56153332ddd0_3912 .array/port v0x56153332ddd0, 3912;
v0x56153332ddd0_3913 .array/port v0x56153332ddd0, 3913;
v0x56153332ddd0_3914 .array/port v0x56153332ddd0, 3914;
E_0x5615332774a0/978 .event edge, v0x56153332ddd0_3911, v0x56153332ddd0_3912, v0x56153332ddd0_3913, v0x56153332ddd0_3914;
v0x56153332ddd0_3915 .array/port v0x56153332ddd0, 3915;
v0x56153332ddd0_3916 .array/port v0x56153332ddd0, 3916;
v0x56153332ddd0_3917 .array/port v0x56153332ddd0, 3917;
v0x56153332ddd0_3918 .array/port v0x56153332ddd0, 3918;
E_0x5615332774a0/979 .event edge, v0x56153332ddd0_3915, v0x56153332ddd0_3916, v0x56153332ddd0_3917, v0x56153332ddd0_3918;
v0x56153332ddd0_3919 .array/port v0x56153332ddd0, 3919;
v0x56153332ddd0_3920 .array/port v0x56153332ddd0, 3920;
v0x56153332ddd0_3921 .array/port v0x56153332ddd0, 3921;
v0x56153332ddd0_3922 .array/port v0x56153332ddd0, 3922;
E_0x5615332774a0/980 .event edge, v0x56153332ddd0_3919, v0x56153332ddd0_3920, v0x56153332ddd0_3921, v0x56153332ddd0_3922;
v0x56153332ddd0_3923 .array/port v0x56153332ddd0, 3923;
v0x56153332ddd0_3924 .array/port v0x56153332ddd0, 3924;
v0x56153332ddd0_3925 .array/port v0x56153332ddd0, 3925;
v0x56153332ddd0_3926 .array/port v0x56153332ddd0, 3926;
E_0x5615332774a0/981 .event edge, v0x56153332ddd0_3923, v0x56153332ddd0_3924, v0x56153332ddd0_3925, v0x56153332ddd0_3926;
v0x56153332ddd0_3927 .array/port v0x56153332ddd0, 3927;
v0x56153332ddd0_3928 .array/port v0x56153332ddd0, 3928;
v0x56153332ddd0_3929 .array/port v0x56153332ddd0, 3929;
v0x56153332ddd0_3930 .array/port v0x56153332ddd0, 3930;
E_0x5615332774a0/982 .event edge, v0x56153332ddd0_3927, v0x56153332ddd0_3928, v0x56153332ddd0_3929, v0x56153332ddd0_3930;
v0x56153332ddd0_3931 .array/port v0x56153332ddd0, 3931;
v0x56153332ddd0_3932 .array/port v0x56153332ddd0, 3932;
v0x56153332ddd0_3933 .array/port v0x56153332ddd0, 3933;
v0x56153332ddd0_3934 .array/port v0x56153332ddd0, 3934;
E_0x5615332774a0/983 .event edge, v0x56153332ddd0_3931, v0x56153332ddd0_3932, v0x56153332ddd0_3933, v0x56153332ddd0_3934;
v0x56153332ddd0_3935 .array/port v0x56153332ddd0, 3935;
v0x56153332ddd0_3936 .array/port v0x56153332ddd0, 3936;
v0x56153332ddd0_3937 .array/port v0x56153332ddd0, 3937;
v0x56153332ddd0_3938 .array/port v0x56153332ddd0, 3938;
E_0x5615332774a0/984 .event edge, v0x56153332ddd0_3935, v0x56153332ddd0_3936, v0x56153332ddd0_3937, v0x56153332ddd0_3938;
v0x56153332ddd0_3939 .array/port v0x56153332ddd0, 3939;
v0x56153332ddd0_3940 .array/port v0x56153332ddd0, 3940;
v0x56153332ddd0_3941 .array/port v0x56153332ddd0, 3941;
v0x56153332ddd0_3942 .array/port v0x56153332ddd0, 3942;
E_0x5615332774a0/985 .event edge, v0x56153332ddd0_3939, v0x56153332ddd0_3940, v0x56153332ddd0_3941, v0x56153332ddd0_3942;
v0x56153332ddd0_3943 .array/port v0x56153332ddd0, 3943;
v0x56153332ddd0_3944 .array/port v0x56153332ddd0, 3944;
v0x56153332ddd0_3945 .array/port v0x56153332ddd0, 3945;
v0x56153332ddd0_3946 .array/port v0x56153332ddd0, 3946;
E_0x5615332774a0/986 .event edge, v0x56153332ddd0_3943, v0x56153332ddd0_3944, v0x56153332ddd0_3945, v0x56153332ddd0_3946;
v0x56153332ddd0_3947 .array/port v0x56153332ddd0, 3947;
v0x56153332ddd0_3948 .array/port v0x56153332ddd0, 3948;
v0x56153332ddd0_3949 .array/port v0x56153332ddd0, 3949;
v0x56153332ddd0_3950 .array/port v0x56153332ddd0, 3950;
E_0x5615332774a0/987 .event edge, v0x56153332ddd0_3947, v0x56153332ddd0_3948, v0x56153332ddd0_3949, v0x56153332ddd0_3950;
v0x56153332ddd0_3951 .array/port v0x56153332ddd0, 3951;
v0x56153332ddd0_3952 .array/port v0x56153332ddd0, 3952;
v0x56153332ddd0_3953 .array/port v0x56153332ddd0, 3953;
v0x56153332ddd0_3954 .array/port v0x56153332ddd0, 3954;
E_0x5615332774a0/988 .event edge, v0x56153332ddd0_3951, v0x56153332ddd0_3952, v0x56153332ddd0_3953, v0x56153332ddd0_3954;
v0x56153332ddd0_3955 .array/port v0x56153332ddd0, 3955;
v0x56153332ddd0_3956 .array/port v0x56153332ddd0, 3956;
v0x56153332ddd0_3957 .array/port v0x56153332ddd0, 3957;
v0x56153332ddd0_3958 .array/port v0x56153332ddd0, 3958;
E_0x5615332774a0/989 .event edge, v0x56153332ddd0_3955, v0x56153332ddd0_3956, v0x56153332ddd0_3957, v0x56153332ddd0_3958;
v0x56153332ddd0_3959 .array/port v0x56153332ddd0, 3959;
v0x56153332ddd0_3960 .array/port v0x56153332ddd0, 3960;
v0x56153332ddd0_3961 .array/port v0x56153332ddd0, 3961;
v0x56153332ddd0_3962 .array/port v0x56153332ddd0, 3962;
E_0x5615332774a0/990 .event edge, v0x56153332ddd0_3959, v0x56153332ddd0_3960, v0x56153332ddd0_3961, v0x56153332ddd0_3962;
v0x56153332ddd0_3963 .array/port v0x56153332ddd0, 3963;
v0x56153332ddd0_3964 .array/port v0x56153332ddd0, 3964;
v0x56153332ddd0_3965 .array/port v0x56153332ddd0, 3965;
v0x56153332ddd0_3966 .array/port v0x56153332ddd0, 3966;
E_0x5615332774a0/991 .event edge, v0x56153332ddd0_3963, v0x56153332ddd0_3964, v0x56153332ddd0_3965, v0x56153332ddd0_3966;
v0x56153332ddd0_3967 .array/port v0x56153332ddd0, 3967;
v0x56153332ddd0_3968 .array/port v0x56153332ddd0, 3968;
v0x56153332ddd0_3969 .array/port v0x56153332ddd0, 3969;
v0x56153332ddd0_3970 .array/port v0x56153332ddd0, 3970;
E_0x5615332774a0/992 .event edge, v0x56153332ddd0_3967, v0x56153332ddd0_3968, v0x56153332ddd0_3969, v0x56153332ddd0_3970;
v0x56153332ddd0_3971 .array/port v0x56153332ddd0, 3971;
v0x56153332ddd0_3972 .array/port v0x56153332ddd0, 3972;
v0x56153332ddd0_3973 .array/port v0x56153332ddd0, 3973;
v0x56153332ddd0_3974 .array/port v0x56153332ddd0, 3974;
E_0x5615332774a0/993 .event edge, v0x56153332ddd0_3971, v0x56153332ddd0_3972, v0x56153332ddd0_3973, v0x56153332ddd0_3974;
v0x56153332ddd0_3975 .array/port v0x56153332ddd0, 3975;
v0x56153332ddd0_3976 .array/port v0x56153332ddd0, 3976;
v0x56153332ddd0_3977 .array/port v0x56153332ddd0, 3977;
v0x56153332ddd0_3978 .array/port v0x56153332ddd0, 3978;
E_0x5615332774a0/994 .event edge, v0x56153332ddd0_3975, v0x56153332ddd0_3976, v0x56153332ddd0_3977, v0x56153332ddd0_3978;
v0x56153332ddd0_3979 .array/port v0x56153332ddd0, 3979;
v0x56153332ddd0_3980 .array/port v0x56153332ddd0, 3980;
v0x56153332ddd0_3981 .array/port v0x56153332ddd0, 3981;
v0x56153332ddd0_3982 .array/port v0x56153332ddd0, 3982;
E_0x5615332774a0/995 .event edge, v0x56153332ddd0_3979, v0x56153332ddd0_3980, v0x56153332ddd0_3981, v0x56153332ddd0_3982;
v0x56153332ddd0_3983 .array/port v0x56153332ddd0, 3983;
v0x56153332ddd0_3984 .array/port v0x56153332ddd0, 3984;
v0x56153332ddd0_3985 .array/port v0x56153332ddd0, 3985;
v0x56153332ddd0_3986 .array/port v0x56153332ddd0, 3986;
E_0x5615332774a0/996 .event edge, v0x56153332ddd0_3983, v0x56153332ddd0_3984, v0x56153332ddd0_3985, v0x56153332ddd0_3986;
v0x56153332ddd0_3987 .array/port v0x56153332ddd0, 3987;
v0x56153332ddd0_3988 .array/port v0x56153332ddd0, 3988;
v0x56153332ddd0_3989 .array/port v0x56153332ddd0, 3989;
v0x56153332ddd0_3990 .array/port v0x56153332ddd0, 3990;
E_0x5615332774a0/997 .event edge, v0x56153332ddd0_3987, v0x56153332ddd0_3988, v0x56153332ddd0_3989, v0x56153332ddd0_3990;
v0x56153332ddd0_3991 .array/port v0x56153332ddd0, 3991;
v0x56153332ddd0_3992 .array/port v0x56153332ddd0, 3992;
v0x56153332ddd0_3993 .array/port v0x56153332ddd0, 3993;
v0x56153332ddd0_3994 .array/port v0x56153332ddd0, 3994;
E_0x5615332774a0/998 .event edge, v0x56153332ddd0_3991, v0x56153332ddd0_3992, v0x56153332ddd0_3993, v0x56153332ddd0_3994;
v0x56153332ddd0_3995 .array/port v0x56153332ddd0, 3995;
v0x56153332ddd0_3996 .array/port v0x56153332ddd0, 3996;
v0x56153332ddd0_3997 .array/port v0x56153332ddd0, 3997;
v0x56153332ddd0_3998 .array/port v0x56153332ddd0, 3998;
E_0x5615332774a0/999 .event edge, v0x56153332ddd0_3995, v0x56153332ddd0_3996, v0x56153332ddd0_3997, v0x56153332ddd0_3998;
v0x56153332ddd0_3999 .array/port v0x56153332ddd0, 3999;
v0x56153332ddd0_4000 .array/port v0x56153332ddd0, 4000;
v0x56153332ddd0_4001 .array/port v0x56153332ddd0, 4001;
v0x56153332ddd0_4002 .array/port v0x56153332ddd0, 4002;
E_0x5615332774a0/1000 .event edge, v0x56153332ddd0_3999, v0x56153332ddd0_4000, v0x56153332ddd0_4001, v0x56153332ddd0_4002;
v0x56153332ddd0_4003 .array/port v0x56153332ddd0, 4003;
v0x56153332ddd0_4004 .array/port v0x56153332ddd0, 4004;
v0x56153332ddd0_4005 .array/port v0x56153332ddd0, 4005;
v0x56153332ddd0_4006 .array/port v0x56153332ddd0, 4006;
E_0x5615332774a0/1001 .event edge, v0x56153332ddd0_4003, v0x56153332ddd0_4004, v0x56153332ddd0_4005, v0x56153332ddd0_4006;
v0x56153332ddd0_4007 .array/port v0x56153332ddd0, 4007;
v0x56153332ddd0_4008 .array/port v0x56153332ddd0, 4008;
v0x56153332ddd0_4009 .array/port v0x56153332ddd0, 4009;
v0x56153332ddd0_4010 .array/port v0x56153332ddd0, 4010;
E_0x5615332774a0/1002 .event edge, v0x56153332ddd0_4007, v0x56153332ddd0_4008, v0x56153332ddd0_4009, v0x56153332ddd0_4010;
v0x56153332ddd0_4011 .array/port v0x56153332ddd0, 4011;
v0x56153332ddd0_4012 .array/port v0x56153332ddd0, 4012;
v0x56153332ddd0_4013 .array/port v0x56153332ddd0, 4013;
v0x56153332ddd0_4014 .array/port v0x56153332ddd0, 4014;
E_0x5615332774a0/1003 .event edge, v0x56153332ddd0_4011, v0x56153332ddd0_4012, v0x56153332ddd0_4013, v0x56153332ddd0_4014;
v0x56153332ddd0_4015 .array/port v0x56153332ddd0, 4015;
v0x56153332ddd0_4016 .array/port v0x56153332ddd0, 4016;
v0x56153332ddd0_4017 .array/port v0x56153332ddd0, 4017;
v0x56153332ddd0_4018 .array/port v0x56153332ddd0, 4018;
E_0x5615332774a0/1004 .event edge, v0x56153332ddd0_4015, v0x56153332ddd0_4016, v0x56153332ddd0_4017, v0x56153332ddd0_4018;
v0x56153332ddd0_4019 .array/port v0x56153332ddd0, 4019;
v0x56153332ddd0_4020 .array/port v0x56153332ddd0, 4020;
v0x56153332ddd0_4021 .array/port v0x56153332ddd0, 4021;
v0x56153332ddd0_4022 .array/port v0x56153332ddd0, 4022;
E_0x5615332774a0/1005 .event edge, v0x56153332ddd0_4019, v0x56153332ddd0_4020, v0x56153332ddd0_4021, v0x56153332ddd0_4022;
v0x56153332ddd0_4023 .array/port v0x56153332ddd0, 4023;
v0x56153332ddd0_4024 .array/port v0x56153332ddd0, 4024;
v0x56153332ddd0_4025 .array/port v0x56153332ddd0, 4025;
v0x56153332ddd0_4026 .array/port v0x56153332ddd0, 4026;
E_0x5615332774a0/1006 .event edge, v0x56153332ddd0_4023, v0x56153332ddd0_4024, v0x56153332ddd0_4025, v0x56153332ddd0_4026;
v0x56153332ddd0_4027 .array/port v0x56153332ddd0, 4027;
v0x56153332ddd0_4028 .array/port v0x56153332ddd0, 4028;
v0x56153332ddd0_4029 .array/port v0x56153332ddd0, 4029;
v0x56153332ddd0_4030 .array/port v0x56153332ddd0, 4030;
E_0x5615332774a0/1007 .event edge, v0x56153332ddd0_4027, v0x56153332ddd0_4028, v0x56153332ddd0_4029, v0x56153332ddd0_4030;
v0x56153332ddd0_4031 .array/port v0x56153332ddd0, 4031;
v0x56153332ddd0_4032 .array/port v0x56153332ddd0, 4032;
v0x56153332ddd0_4033 .array/port v0x56153332ddd0, 4033;
v0x56153332ddd0_4034 .array/port v0x56153332ddd0, 4034;
E_0x5615332774a0/1008 .event edge, v0x56153332ddd0_4031, v0x56153332ddd0_4032, v0x56153332ddd0_4033, v0x56153332ddd0_4034;
v0x56153332ddd0_4035 .array/port v0x56153332ddd0, 4035;
v0x56153332ddd0_4036 .array/port v0x56153332ddd0, 4036;
v0x56153332ddd0_4037 .array/port v0x56153332ddd0, 4037;
v0x56153332ddd0_4038 .array/port v0x56153332ddd0, 4038;
E_0x5615332774a0/1009 .event edge, v0x56153332ddd0_4035, v0x56153332ddd0_4036, v0x56153332ddd0_4037, v0x56153332ddd0_4038;
v0x56153332ddd0_4039 .array/port v0x56153332ddd0, 4039;
v0x56153332ddd0_4040 .array/port v0x56153332ddd0, 4040;
v0x56153332ddd0_4041 .array/port v0x56153332ddd0, 4041;
v0x56153332ddd0_4042 .array/port v0x56153332ddd0, 4042;
E_0x5615332774a0/1010 .event edge, v0x56153332ddd0_4039, v0x56153332ddd0_4040, v0x56153332ddd0_4041, v0x56153332ddd0_4042;
v0x56153332ddd0_4043 .array/port v0x56153332ddd0, 4043;
v0x56153332ddd0_4044 .array/port v0x56153332ddd0, 4044;
v0x56153332ddd0_4045 .array/port v0x56153332ddd0, 4045;
v0x56153332ddd0_4046 .array/port v0x56153332ddd0, 4046;
E_0x5615332774a0/1011 .event edge, v0x56153332ddd0_4043, v0x56153332ddd0_4044, v0x56153332ddd0_4045, v0x56153332ddd0_4046;
v0x56153332ddd0_4047 .array/port v0x56153332ddd0, 4047;
v0x56153332ddd0_4048 .array/port v0x56153332ddd0, 4048;
v0x56153332ddd0_4049 .array/port v0x56153332ddd0, 4049;
v0x56153332ddd0_4050 .array/port v0x56153332ddd0, 4050;
E_0x5615332774a0/1012 .event edge, v0x56153332ddd0_4047, v0x56153332ddd0_4048, v0x56153332ddd0_4049, v0x56153332ddd0_4050;
v0x56153332ddd0_4051 .array/port v0x56153332ddd0, 4051;
v0x56153332ddd0_4052 .array/port v0x56153332ddd0, 4052;
v0x56153332ddd0_4053 .array/port v0x56153332ddd0, 4053;
v0x56153332ddd0_4054 .array/port v0x56153332ddd0, 4054;
E_0x5615332774a0/1013 .event edge, v0x56153332ddd0_4051, v0x56153332ddd0_4052, v0x56153332ddd0_4053, v0x56153332ddd0_4054;
v0x56153332ddd0_4055 .array/port v0x56153332ddd0, 4055;
v0x56153332ddd0_4056 .array/port v0x56153332ddd0, 4056;
v0x56153332ddd0_4057 .array/port v0x56153332ddd0, 4057;
v0x56153332ddd0_4058 .array/port v0x56153332ddd0, 4058;
E_0x5615332774a0/1014 .event edge, v0x56153332ddd0_4055, v0x56153332ddd0_4056, v0x56153332ddd0_4057, v0x56153332ddd0_4058;
v0x56153332ddd0_4059 .array/port v0x56153332ddd0, 4059;
v0x56153332ddd0_4060 .array/port v0x56153332ddd0, 4060;
v0x56153332ddd0_4061 .array/port v0x56153332ddd0, 4061;
v0x56153332ddd0_4062 .array/port v0x56153332ddd0, 4062;
E_0x5615332774a0/1015 .event edge, v0x56153332ddd0_4059, v0x56153332ddd0_4060, v0x56153332ddd0_4061, v0x56153332ddd0_4062;
v0x56153332ddd0_4063 .array/port v0x56153332ddd0, 4063;
v0x56153332ddd0_4064 .array/port v0x56153332ddd0, 4064;
v0x56153332ddd0_4065 .array/port v0x56153332ddd0, 4065;
v0x56153332ddd0_4066 .array/port v0x56153332ddd0, 4066;
E_0x5615332774a0/1016 .event edge, v0x56153332ddd0_4063, v0x56153332ddd0_4064, v0x56153332ddd0_4065, v0x56153332ddd0_4066;
v0x56153332ddd0_4067 .array/port v0x56153332ddd0, 4067;
v0x56153332ddd0_4068 .array/port v0x56153332ddd0, 4068;
v0x56153332ddd0_4069 .array/port v0x56153332ddd0, 4069;
v0x56153332ddd0_4070 .array/port v0x56153332ddd0, 4070;
E_0x5615332774a0/1017 .event edge, v0x56153332ddd0_4067, v0x56153332ddd0_4068, v0x56153332ddd0_4069, v0x56153332ddd0_4070;
v0x56153332ddd0_4071 .array/port v0x56153332ddd0, 4071;
v0x56153332ddd0_4072 .array/port v0x56153332ddd0, 4072;
v0x56153332ddd0_4073 .array/port v0x56153332ddd0, 4073;
v0x56153332ddd0_4074 .array/port v0x56153332ddd0, 4074;
E_0x5615332774a0/1018 .event edge, v0x56153332ddd0_4071, v0x56153332ddd0_4072, v0x56153332ddd0_4073, v0x56153332ddd0_4074;
v0x56153332ddd0_4075 .array/port v0x56153332ddd0, 4075;
v0x56153332ddd0_4076 .array/port v0x56153332ddd0, 4076;
v0x56153332ddd0_4077 .array/port v0x56153332ddd0, 4077;
v0x56153332ddd0_4078 .array/port v0x56153332ddd0, 4078;
E_0x5615332774a0/1019 .event edge, v0x56153332ddd0_4075, v0x56153332ddd0_4076, v0x56153332ddd0_4077, v0x56153332ddd0_4078;
v0x56153332ddd0_4079 .array/port v0x56153332ddd0, 4079;
v0x56153332ddd0_4080 .array/port v0x56153332ddd0, 4080;
v0x56153332ddd0_4081 .array/port v0x56153332ddd0, 4081;
v0x56153332ddd0_4082 .array/port v0x56153332ddd0, 4082;
E_0x5615332774a0/1020 .event edge, v0x56153332ddd0_4079, v0x56153332ddd0_4080, v0x56153332ddd0_4081, v0x56153332ddd0_4082;
v0x56153332ddd0_4083 .array/port v0x56153332ddd0, 4083;
v0x56153332ddd0_4084 .array/port v0x56153332ddd0, 4084;
v0x56153332ddd0_4085 .array/port v0x56153332ddd0, 4085;
v0x56153332ddd0_4086 .array/port v0x56153332ddd0, 4086;
E_0x5615332774a0/1021 .event edge, v0x56153332ddd0_4083, v0x56153332ddd0_4084, v0x56153332ddd0_4085, v0x56153332ddd0_4086;
v0x56153332ddd0_4087 .array/port v0x56153332ddd0, 4087;
v0x56153332ddd0_4088 .array/port v0x56153332ddd0, 4088;
v0x56153332ddd0_4089 .array/port v0x56153332ddd0, 4089;
v0x56153332ddd0_4090 .array/port v0x56153332ddd0, 4090;
E_0x5615332774a0/1022 .event edge, v0x56153332ddd0_4087, v0x56153332ddd0_4088, v0x56153332ddd0_4089, v0x56153332ddd0_4090;
v0x56153332ddd0_4091 .array/port v0x56153332ddd0, 4091;
v0x56153332ddd0_4092 .array/port v0x56153332ddd0, 4092;
v0x56153332ddd0_4093 .array/port v0x56153332ddd0, 4093;
v0x56153332ddd0_4094 .array/port v0x56153332ddd0, 4094;
E_0x5615332774a0/1023 .event edge, v0x56153332ddd0_4091, v0x56153332ddd0_4092, v0x56153332ddd0_4093, v0x56153332ddd0_4094;
v0x56153332ddd0_4095 .array/port v0x56153332ddd0, 4095;
E_0x5615332774a0/1024 .event edge, v0x56153332ddd0_4095, v0x56153332dae0_0;
E_0x5615332774a0 .event/or E_0x5615332774a0/0, E_0x5615332774a0/1, E_0x5615332774a0/2, E_0x5615332774a0/3, E_0x5615332774a0/4, E_0x5615332774a0/5, E_0x5615332774a0/6, E_0x5615332774a0/7, E_0x5615332774a0/8, E_0x5615332774a0/9, E_0x5615332774a0/10, E_0x5615332774a0/11, E_0x5615332774a0/12, E_0x5615332774a0/13, E_0x5615332774a0/14, E_0x5615332774a0/15, E_0x5615332774a0/16, E_0x5615332774a0/17, E_0x5615332774a0/18, E_0x5615332774a0/19, E_0x5615332774a0/20, E_0x5615332774a0/21, E_0x5615332774a0/22, E_0x5615332774a0/23, E_0x5615332774a0/24, E_0x5615332774a0/25, E_0x5615332774a0/26, E_0x5615332774a0/27, E_0x5615332774a0/28, E_0x5615332774a0/29, E_0x5615332774a0/30, E_0x5615332774a0/31, E_0x5615332774a0/32, E_0x5615332774a0/33, E_0x5615332774a0/34, E_0x5615332774a0/35, E_0x5615332774a0/36, E_0x5615332774a0/37, E_0x5615332774a0/38, E_0x5615332774a0/39, E_0x5615332774a0/40, E_0x5615332774a0/41, E_0x5615332774a0/42, E_0x5615332774a0/43, E_0x5615332774a0/44, E_0x5615332774a0/45, E_0x5615332774a0/46, E_0x5615332774a0/47, E_0x5615332774a0/48, E_0x5615332774a0/49, E_0x5615332774a0/50, E_0x5615332774a0/51, E_0x5615332774a0/52, E_0x5615332774a0/53, E_0x5615332774a0/54, E_0x5615332774a0/55, E_0x5615332774a0/56, E_0x5615332774a0/57, E_0x5615332774a0/58, E_0x5615332774a0/59, E_0x5615332774a0/60, E_0x5615332774a0/61, E_0x5615332774a0/62, E_0x5615332774a0/63, E_0x5615332774a0/64, E_0x5615332774a0/65, E_0x5615332774a0/66, E_0x5615332774a0/67, E_0x5615332774a0/68, E_0x5615332774a0/69, E_0x5615332774a0/70, E_0x5615332774a0/71, E_0x5615332774a0/72, E_0x5615332774a0/73, E_0x5615332774a0/74, E_0x5615332774a0/75, E_0x5615332774a0/76, E_0x5615332774a0/77, E_0x5615332774a0/78, E_0x5615332774a0/79, E_0x5615332774a0/80, E_0x5615332774a0/81, E_0x5615332774a0/82, E_0x5615332774a0/83, E_0x5615332774a0/84, E_0x5615332774a0/85, E_0x5615332774a0/86, E_0x5615332774a0/87, E_0x5615332774a0/88, E_0x5615332774a0/89, E_0x5615332774a0/90, E_0x5615332774a0/91, E_0x5615332774a0/92, E_0x5615332774a0/93, E_0x5615332774a0/94, E_0x5615332774a0/95, E_0x5615332774a0/96, E_0x5615332774a0/97, E_0x5615332774a0/98, E_0x5615332774a0/99, E_0x5615332774a0/100, E_0x5615332774a0/101, E_0x5615332774a0/102, E_0x5615332774a0/103, E_0x5615332774a0/104, E_0x5615332774a0/105, E_0x5615332774a0/106, E_0x5615332774a0/107, E_0x5615332774a0/108, E_0x5615332774a0/109, E_0x5615332774a0/110, E_0x5615332774a0/111, E_0x5615332774a0/112, E_0x5615332774a0/113, E_0x5615332774a0/114, E_0x5615332774a0/115, E_0x5615332774a0/116, E_0x5615332774a0/117, E_0x5615332774a0/118, E_0x5615332774a0/119, E_0x5615332774a0/120, E_0x5615332774a0/121, E_0x5615332774a0/122, E_0x5615332774a0/123, E_0x5615332774a0/124, E_0x5615332774a0/125, E_0x5615332774a0/126, E_0x5615332774a0/127, E_0x5615332774a0/128, E_0x5615332774a0/129, E_0x5615332774a0/130, E_0x5615332774a0/131, E_0x5615332774a0/132, E_0x5615332774a0/133, E_0x5615332774a0/134, E_0x5615332774a0/135, E_0x5615332774a0/136, E_0x5615332774a0/137, E_0x5615332774a0/138, E_0x5615332774a0/139, E_0x5615332774a0/140, E_0x5615332774a0/141, E_0x5615332774a0/142, E_0x5615332774a0/143, E_0x5615332774a0/144, E_0x5615332774a0/145, E_0x5615332774a0/146, E_0x5615332774a0/147, E_0x5615332774a0/148, E_0x5615332774a0/149, E_0x5615332774a0/150, E_0x5615332774a0/151, E_0x5615332774a0/152, E_0x5615332774a0/153, E_0x5615332774a0/154, E_0x5615332774a0/155, E_0x5615332774a0/156, E_0x5615332774a0/157, E_0x5615332774a0/158, E_0x5615332774a0/159, E_0x5615332774a0/160, E_0x5615332774a0/161, E_0x5615332774a0/162, E_0x5615332774a0/163, E_0x5615332774a0/164, E_0x5615332774a0/165, E_0x5615332774a0/166, E_0x5615332774a0/167, E_0x5615332774a0/168, E_0x5615332774a0/169, E_0x5615332774a0/170, E_0x5615332774a0/171, E_0x5615332774a0/172, E_0x5615332774a0/173, E_0x5615332774a0/174, E_0x5615332774a0/175, E_0x5615332774a0/176, E_0x5615332774a0/177, E_0x5615332774a0/178, E_0x5615332774a0/179, E_0x5615332774a0/180, E_0x5615332774a0/181, E_0x5615332774a0/182, E_0x5615332774a0/183, E_0x5615332774a0/184, E_0x5615332774a0/185, E_0x5615332774a0/186, E_0x5615332774a0/187, E_0x5615332774a0/188, E_0x5615332774a0/189, E_0x5615332774a0/190, E_0x5615332774a0/191, E_0x5615332774a0/192, E_0x5615332774a0/193, E_0x5615332774a0/194, E_0x5615332774a0/195, E_0x5615332774a0/196, E_0x5615332774a0/197, E_0x5615332774a0/198, E_0x5615332774a0/199, E_0x5615332774a0/200, E_0x5615332774a0/201, E_0x5615332774a0/202, E_0x5615332774a0/203, E_0x5615332774a0/204, E_0x5615332774a0/205, E_0x5615332774a0/206, E_0x5615332774a0/207, E_0x5615332774a0/208, E_0x5615332774a0/209, E_0x5615332774a0/210, E_0x5615332774a0/211, E_0x5615332774a0/212, E_0x5615332774a0/213, E_0x5615332774a0/214, E_0x5615332774a0/215, E_0x5615332774a0/216, E_0x5615332774a0/217, E_0x5615332774a0/218, E_0x5615332774a0/219, E_0x5615332774a0/220, E_0x5615332774a0/221, E_0x5615332774a0/222, E_0x5615332774a0/223, E_0x5615332774a0/224, E_0x5615332774a0/225, E_0x5615332774a0/226, E_0x5615332774a0/227, E_0x5615332774a0/228, E_0x5615332774a0/229, E_0x5615332774a0/230, E_0x5615332774a0/231, E_0x5615332774a0/232, E_0x5615332774a0/233, E_0x5615332774a0/234, E_0x5615332774a0/235, E_0x5615332774a0/236, E_0x5615332774a0/237, E_0x5615332774a0/238, E_0x5615332774a0/239, E_0x5615332774a0/240, E_0x5615332774a0/241, E_0x5615332774a0/242, E_0x5615332774a0/243, E_0x5615332774a0/244, E_0x5615332774a0/245, E_0x5615332774a0/246, E_0x5615332774a0/247, E_0x5615332774a0/248, E_0x5615332774a0/249, E_0x5615332774a0/250, E_0x5615332774a0/251, E_0x5615332774a0/252, E_0x5615332774a0/253, E_0x5615332774a0/254, E_0x5615332774a0/255, E_0x5615332774a0/256, E_0x5615332774a0/257, E_0x5615332774a0/258, E_0x5615332774a0/259, E_0x5615332774a0/260, E_0x5615332774a0/261, E_0x5615332774a0/262, E_0x5615332774a0/263, E_0x5615332774a0/264, E_0x5615332774a0/265, E_0x5615332774a0/266, E_0x5615332774a0/267, E_0x5615332774a0/268, E_0x5615332774a0/269, E_0x5615332774a0/270, E_0x5615332774a0/271, E_0x5615332774a0/272, E_0x5615332774a0/273, E_0x5615332774a0/274, E_0x5615332774a0/275, E_0x5615332774a0/276, E_0x5615332774a0/277, E_0x5615332774a0/278, E_0x5615332774a0/279, E_0x5615332774a0/280, E_0x5615332774a0/281, E_0x5615332774a0/282, E_0x5615332774a0/283, E_0x5615332774a0/284, E_0x5615332774a0/285, E_0x5615332774a0/286, E_0x5615332774a0/287, E_0x5615332774a0/288, E_0x5615332774a0/289, E_0x5615332774a0/290, E_0x5615332774a0/291, E_0x5615332774a0/292, E_0x5615332774a0/293, E_0x5615332774a0/294, E_0x5615332774a0/295, E_0x5615332774a0/296, E_0x5615332774a0/297, E_0x5615332774a0/298, E_0x5615332774a0/299, E_0x5615332774a0/300, E_0x5615332774a0/301, E_0x5615332774a0/302, E_0x5615332774a0/303, E_0x5615332774a0/304, E_0x5615332774a0/305, E_0x5615332774a0/306, E_0x5615332774a0/307, E_0x5615332774a0/308, E_0x5615332774a0/309, E_0x5615332774a0/310, E_0x5615332774a0/311, E_0x5615332774a0/312, E_0x5615332774a0/313, E_0x5615332774a0/314, E_0x5615332774a0/315, E_0x5615332774a0/316, E_0x5615332774a0/317, E_0x5615332774a0/318, E_0x5615332774a0/319, E_0x5615332774a0/320, E_0x5615332774a0/321, E_0x5615332774a0/322, E_0x5615332774a0/323, E_0x5615332774a0/324, E_0x5615332774a0/325, E_0x5615332774a0/326, E_0x5615332774a0/327, E_0x5615332774a0/328, E_0x5615332774a0/329, E_0x5615332774a0/330, E_0x5615332774a0/331, E_0x5615332774a0/332, E_0x5615332774a0/333, E_0x5615332774a0/334, E_0x5615332774a0/335, E_0x5615332774a0/336, E_0x5615332774a0/337, E_0x5615332774a0/338, E_0x5615332774a0/339, E_0x5615332774a0/340, E_0x5615332774a0/341, E_0x5615332774a0/342, E_0x5615332774a0/343, E_0x5615332774a0/344, E_0x5615332774a0/345, E_0x5615332774a0/346, E_0x5615332774a0/347, E_0x5615332774a0/348, E_0x5615332774a0/349, E_0x5615332774a0/350, E_0x5615332774a0/351, E_0x5615332774a0/352, E_0x5615332774a0/353, E_0x5615332774a0/354, E_0x5615332774a0/355, E_0x5615332774a0/356, E_0x5615332774a0/357, E_0x5615332774a0/358, E_0x5615332774a0/359, E_0x5615332774a0/360, E_0x5615332774a0/361, E_0x5615332774a0/362, E_0x5615332774a0/363, E_0x5615332774a0/364, E_0x5615332774a0/365, E_0x5615332774a0/366, E_0x5615332774a0/367, E_0x5615332774a0/368, E_0x5615332774a0/369, E_0x5615332774a0/370, E_0x5615332774a0/371, E_0x5615332774a0/372, E_0x5615332774a0/373, E_0x5615332774a0/374, E_0x5615332774a0/375, E_0x5615332774a0/376, E_0x5615332774a0/377, E_0x5615332774a0/378, E_0x5615332774a0/379, E_0x5615332774a0/380, E_0x5615332774a0/381, E_0x5615332774a0/382, E_0x5615332774a0/383, E_0x5615332774a0/384, E_0x5615332774a0/385, E_0x5615332774a0/386, E_0x5615332774a0/387, E_0x5615332774a0/388, E_0x5615332774a0/389, E_0x5615332774a0/390, E_0x5615332774a0/391, E_0x5615332774a0/392, E_0x5615332774a0/393, E_0x5615332774a0/394, E_0x5615332774a0/395, E_0x5615332774a0/396, E_0x5615332774a0/397, E_0x5615332774a0/398, E_0x5615332774a0/399, E_0x5615332774a0/400, E_0x5615332774a0/401, E_0x5615332774a0/402, E_0x5615332774a0/403, E_0x5615332774a0/404, E_0x5615332774a0/405, E_0x5615332774a0/406, E_0x5615332774a0/407, E_0x5615332774a0/408, E_0x5615332774a0/409, E_0x5615332774a0/410, E_0x5615332774a0/411, E_0x5615332774a0/412, E_0x5615332774a0/413, E_0x5615332774a0/414, E_0x5615332774a0/415, E_0x5615332774a0/416, E_0x5615332774a0/417, E_0x5615332774a0/418, E_0x5615332774a0/419, E_0x5615332774a0/420, E_0x5615332774a0/421, E_0x5615332774a0/422, E_0x5615332774a0/423, E_0x5615332774a0/424, E_0x5615332774a0/425, E_0x5615332774a0/426, E_0x5615332774a0/427, E_0x5615332774a0/428, E_0x5615332774a0/429, E_0x5615332774a0/430, E_0x5615332774a0/431, E_0x5615332774a0/432, E_0x5615332774a0/433, E_0x5615332774a0/434, E_0x5615332774a0/435, E_0x5615332774a0/436, E_0x5615332774a0/437, E_0x5615332774a0/438, E_0x5615332774a0/439, E_0x5615332774a0/440, E_0x5615332774a0/441, E_0x5615332774a0/442, E_0x5615332774a0/443, E_0x5615332774a0/444, E_0x5615332774a0/445, E_0x5615332774a0/446, E_0x5615332774a0/447, E_0x5615332774a0/448, E_0x5615332774a0/449, E_0x5615332774a0/450, E_0x5615332774a0/451, E_0x5615332774a0/452, E_0x5615332774a0/453, E_0x5615332774a0/454, E_0x5615332774a0/455, E_0x5615332774a0/456, E_0x5615332774a0/457, E_0x5615332774a0/458, E_0x5615332774a0/459, E_0x5615332774a0/460, E_0x5615332774a0/461, E_0x5615332774a0/462, E_0x5615332774a0/463, E_0x5615332774a0/464, E_0x5615332774a0/465, E_0x5615332774a0/466, E_0x5615332774a0/467, E_0x5615332774a0/468, E_0x5615332774a0/469, E_0x5615332774a0/470, E_0x5615332774a0/471, E_0x5615332774a0/472, E_0x5615332774a0/473, E_0x5615332774a0/474, E_0x5615332774a0/475, E_0x5615332774a0/476, E_0x5615332774a0/477, E_0x5615332774a0/478, E_0x5615332774a0/479, E_0x5615332774a0/480, E_0x5615332774a0/481, E_0x5615332774a0/482, E_0x5615332774a0/483, E_0x5615332774a0/484, E_0x5615332774a0/485, E_0x5615332774a0/486, E_0x5615332774a0/487, E_0x5615332774a0/488, E_0x5615332774a0/489, E_0x5615332774a0/490, E_0x5615332774a0/491, E_0x5615332774a0/492, E_0x5615332774a0/493, E_0x5615332774a0/494, E_0x5615332774a0/495, E_0x5615332774a0/496, E_0x5615332774a0/497, E_0x5615332774a0/498, E_0x5615332774a0/499, E_0x5615332774a0/500, E_0x5615332774a0/501, E_0x5615332774a0/502, E_0x5615332774a0/503, E_0x5615332774a0/504, E_0x5615332774a0/505, E_0x5615332774a0/506, E_0x5615332774a0/507, E_0x5615332774a0/508, E_0x5615332774a0/509, E_0x5615332774a0/510, E_0x5615332774a0/511, E_0x5615332774a0/512, E_0x5615332774a0/513, E_0x5615332774a0/514, E_0x5615332774a0/515, E_0x5615332774a0/516, E_0x5615332774a0/517, E_0x5615332774a0/518, E_0x5615332774a0/519, E_0x5615332774a0/520, E_0x5615332774a0/521, E_0x5615332774a0/522, E_0x5615332774a0/523, E_0x5615332774a0/524, E_0x5615332774a0/525, E_0x5615332774a0/526, E_0x5615332774a0/527, E_0x5615332774a0/528, E_0x5615332774a0/529, E_0x5615332774a0/530, E_0x5615332774a0/531, E_0x5615332774a0/532, E_0x5615332774a0/533, E_0x5615332774a0/534, E_0x5615332774a0/535, E_0x5615332774a0/536, E_0x5615332774a0/537, E_0x5615332774a0/538, E_0x5615332774a0/539, E_0x5615332774a0/540, E_0x5615332774a0/541, E_0x5615332774a0/542, E_0x5615332774a0/543, E_0x5615332774a0/544, E_0x5615332774a0/545, E_0x5615332774a0/546, E_0x5615332774a0/547, E_0x5615332774a0/548, E_0x5615332774a0/549, E_0x5615332774a0/550, E_0x5615332774a0/551, E_0x5615332774a0/552, E_0x5615332774a0/553, E_0x5615332774a0/554, E_0x5615332774a0/555, E_0x5615332774a0/556, E_0x5615332774a0/557, E_0x5615332774a0/558, E_0x5615332774a0/559, E_0x5615332774a0/560, E_0x5615332774a0/561, E_0x5615332774a0/562, E_0x5615332774a0/563, E_0x5615332774a0/564, E_0x5615332774a0/565, E_0x5615332774a0/566, E_0x5615332774a0/567, E_0x5615332774a0/568, E_0x5615332774a0/569, E_0x5615332774a0/570, E_0x5615332774a0/571, E_0x5615332774a0/572, E_0x5615332774a0/573, E_0x5615332774a0/574, E_0x5615332774a0/575, E_0x5615332774a0/576, E_0x5615332774a0/577, E_0x5615332774a0/578, E_0x5615332774a0/579, E_0x5615332774a0/580, E_0x5615332774a0/581, E_0x5615332774a0/582, E_0x5615332774a0/583, E_0x5615332774a0/584, E_0x5615332774a0/585, E_0x5615332774a0/586, E_0x5615332774a0/587, E_0x5615332774a0/588, E_0x5615332774a0/589, E_0x5615332774a0/590, E_0x5615332774a0/591, E_0x5615332774a0/592, E_0x5615332774a0/593, E_0x5615332774a0/594, E_0x5615332774a0/595, E_0x5615332774a0/596, E_0x5615332774a0/597, E_0x5615332774a0/598, E_0x5615332774a0/599, E_0x5615332774a0/600, E_0x5615332774a0/601, E_0x5615332774a0/602, E_0x5615332774a0/603, E_0x5615332774a0/604, E_0x5615332774a0/605, E_0x5615332774a0/606, E_0x5615332774a0/607, E_0x5615332774a0/608, E_0x5615332774a0/609, E_0x5615332774a0/610, E_0x5615332774a0/611, E_0x5615332774a0/612, E_0x5615332774a0/613, E_0x5615332774a0/614, E_0x5615332774a0/615, E_0x5615332774a0/616, E_0x5615332774a0/617, E_0x5615332774a0/618, E_0x5615332774a0/619, E_0x5615332774a0/620, E_0x5615332774a0/621, E_0x5615332774a0/622, E_0x5615332774a0/623, E_0x5615332774a0/624, E_0x5615332774a0/625, E_0x5615332774a0/626, E_0x5615332774a0/627, E_0x5615332774a0/628, E_0x5615332774a0/629, E_0x5615332774a0/630, E_0x5615332774a0/631, E_0x5615332774a0/632, E_0x5615332774a0/633, E_0x5615332774a0/634, E_0x5615332774a0/635, E_0x5615332774a0/636, E_0x5615332774a0/637, E_0x5615332774a0/638, E_0x5615332774a0/639, E_0x5615332774a0/640, E_0x5615332774a0/641, E_0x5615332774a0/642, E_0x5615332774a0/643, E_0x5615332774a0/644, E_0x5615332774a0/645, E_0x5615332774a0/646, E_0x5615332774a0/647, E_0x5615332774a0/648, E_0x5615332774a0/649, E_0x5615332774a0/650, E_0x5615332774a0/651, E_0x5615332774a0/652, E_0x5615332774a0/653, E_0x5615332774a0/654, E_0x5615332774a0/655, E_0x5615332774a0/656, E_0x5615332774a0/657, E_0x5615332774a0/658, E_0x5615332774a0/659, E_0x5615332774a0/660, E_0x5615332774a0/661, E_0x5615332774a0/662, E_0x5615332774a0/663, E_0x5615332774a0/664, E_0x5615332774a0/665, E_0x5615332774a0/666, E_0x5615332774a0/667, E_0x5615332774a0/668, E_0x5615332774a0/669, E_0x5615332774a0/670, E_0x5615332774a0/671, E_0x5615332774a0/672, E_0x5615332774a0/673, E_0x5615332774a0/674, E_0x5615332774a0/675, E_0x5615332774a0/676, E_0x5615332774a0/677, E_0x5615332774a0/678, E_0x5615332774a0/679, E_0x5615332774a0/680, E_0x5615332774a0/681, E_0x5615332774a0/682, E_0x5615332774a0/683, E_0x5615332774a0/684, E_0x5615332774a0/685, E_0x5615332774a0/686, E_0x5615332774a0/687, E_0x5615332774a0/688, E_0x5615332774a0/689, E_0x5615332774a0/690, E_0x5615332774a0/691, E_0x5615332774a0/692, E_0x5615332774a0/693, E_0x5615332774a0/694, E_0x5615332774a0/695, E_0x5615332774a0/696, E_0x5615332774a0/697, E_0x5615332774a0/698, E_0x5615332774a0/699, E_0x5615332774a0/700, E_0x5615332774a0/701, E_0x5615332774a0/702, E_0x5615332774a0/703, E_0x5615332774a0/704, E_0x5615332774a0/705, E_0x5615332774a0/706, E_0x5615332774a0/707, E_0x5615332774a0/708, E_0x5615332774a0/709, E_0x5615332774a0/710, E_0x5615332774a0/711, E_0x5615332774a0/712, E_0x5615332774a0/713, E_0x5615332774a0/714, E_0x5615332774a0/715, E_0x5615332774a0/716, E_0x5615332774a0/717, E_0x5615332774a0/718, E_0x5615332774a0/719, E_0x5615332774a0/720, E_0x5615332774a0/721, E_0x5615332774a0/722, E_0x5615332774a0/723, E_0x5615332774a0/724, E_0x5615332774a0/725, E_0x5615332774a0/726, E_0x5615332774a0/727, E_0x5615332774a0/728, E_0x5615332774a0/729, E_0x5615332774a0/730, E_0x5615332774a0/731, E_0x5615332774a0/732, E_0x5615332774a0/733, E_0x5615332774a0/734, E_0x5615332774a0/735, E_0x5615332774a0/736, E_0x5615332774a0/737, E_0x5615332774a0/738, E_0x5615332774a0/739, E_0x5615332774a0/740, E_0x5615332774a0/741, E_0x5615332774a0/742, E_0x5615332774a0/743, E_0x5615332774a0/744, E_0x5615332774a0/745, E_0x5615332774a0/746, E_0x5615332774a0/747, E_0x5615332774a0/748, E_0x5615332774a0/749, E_0x5615332774a0/750, E_0x5615332774a0/751, E_0x5615332774a0/752, E_0x5615332774a0/753, E_0x5615332774a0/754, E_0x5615332774a0/755, E_0x5615332774a0/756, E_0x5615332774a0/757, E_0x5615332774a0/758, E_0x5615332774a0/759, E_0x5615332774a0/760, E_0x5615332774a0/761, E_0x5615332774a0/762, E_0x5615332774a0/763, E_0x5615332774a0/764, E_0x5615332774a0/765, E_0x5615332774a0/766, E_0x5615332774a0/767, E_0x5615332774a0/768, E_0x5615332774a0/769, E_0x5615332774a0/770, E_0x5615332774a0/771, E_0x5615332774a0/772, E_0x5615332774a0/773, E_0x5615332774a0/774, E_0x5615332774a0/775, E_0x5615332774a0/776, E_0x5615332774a0/777, E_0x5615332774a0/778, E_0x5615332774a0/779, E_0x5615332774a0/780, E_0x5615332774a0/781, E_0x5615332774a0/782, E_0x5615332774a0/783, E_0x5615332774a0/784, E_0x5615332774a0/785, E_0x5615332774a0/786, E_0x5615332774a0/787, E_0x5615332774a0/788, E_0x5615332774a0/789, E_0x5615332774a0/790, E_0x5615332774a0/791, E_0x5615332774a0/792, E_0x5615332774a0/793, E_0x5615332774a0/794, E_0x5615332774a0/795, E_0x5615332774a0/796, E_0x5615332774a0/797, E_0x5615332774a0/798, E_0x5615332774a0/799, E_0x5615332774a0/800, E_0x5615332774a0/801, E_0x5615332774a0/802, E_0x5615332774a0/803, E_0x5615332774a0/804, E_0x5615332774a0/805, E_0x5615332774a0/806, E_0x5615332774a0/807, E_0x5615332774a0/808, E_0x5615332774a0/809, E_0x5615332774a0/810, E_0x5615332774a0/811, E_0x5615332774a0/812, E_0x5615332774a0/813, E_0x5615332774a0/814, E_0x5615332774a0/815, E_0x5615332774a0/816, E_0x5615332774a0/817, E_0x5615332774a0/818, E_0x5615332774a0/819, E_0x5615332774a0/820, E_0x5615332774a0/821, E_0x5615332774a0/822, E_0x5615332774a0/823, E_0x5615332774a0/824, E_0x5615332774a0/825, E_0x5615332774a0/826, E_0x5615332774a0/827, E_0x5615332774a0/828, E_0x5615332774a0/829, E_0x5615332774a0/830, E_0x5615332774a0/831, E_0x5615332774a0/832, E_0x5615332774a0/833, E_0x5615332774a0/834, E_0x5615332774a0/835, E_0x5615332774a0/836, E_0x5615332774a0/837, E_0x5615332774a0/838, E_0x5615332774a0/839, E_0x5615332774a0/840, E_0x5615332774a0/841, E_0x5615332774a0/842, E_0x5615332774a0/843, E_0x5615332774a0/844, E_0x5615332774a0/845, E_0x5615332774a0/846, E_0x5615332774a0/847, E_0x5615332774a0/848, E_0x5615332774a0/849, E_0x5615332774a0/850, E_0x5615332774a0/851, E_0x5615332774a0/852, E_0x5615332774a0/853, E_0x5615332774a0/854, E_0x5615332774a0/855, E_0x5615332774a0/856, E_0x5615332774a0/857, E_0x5615332774a0/858, E_0x5615332774a0/859, E_0x5615332774a0/860, E_0x5615332774a0/861, E_0x5615332774a0/862, E_0x5615332774a0/863, E_0x5615332774a0/864, E_0x5615332774a0/865, E_0x5615332774a0/866, E_0x5615332774a0/867, E_0x5615332774a0/868, E_0x5615332774a0/869, E_0x5615332774a0/870, E_0x5615332774a0/871, E_0x5615332774a0/872, E_0x5615332774a0/873, E_0x5615332774a0/874, E_0x5615332774a0/875, E_0x5615332774a0/876, E_0x5615332774a0/877, E_0x5615332774a0/878, E_0x5615332774a0/879, E_0x5615332774a0/880, E_0x5615332774a0/881, E_0x5615332774a0/882, E_0x5615332774a0/883, E_0x5615332774a0/884, E_0x5615332774a0/885, E_0x5615332774a0/886, E_0x5615332774a0/887, E_0x5615332774a0/888, E_0x5615332774a0/889, E_0x5615332774a0/890, E_0x5615332774a0/891, E_0x5615332774a0/892, E_0x5615332774a0/893, E_0x5615332774a0/894, E_0x5615332774a0/895, E_0x5615332774a0/896, E_0x5615332774a0/897, E_0x5615332774a0/898, E_0x5615332774a0/899, E_0x5615332774a0/900, E_0x5615332774a0/901, E_0x5615332774a0/902, E_0x5615332774a0/903, E_0x5615332774a0/904, E_0x5615332774a0/905, E_0x5615332774a0/906, E_0x5615332774a0/907, E_0x5615332774a0/908, E_0x5615332774a0/909, E_0x5615332774a0/910, E_0x5615332774a0/911, E_0x5615332774a0/912, E_0x5615332774a0/913, E_0x5615332774a0/914, E_0x5615332774a0/915, E_0x5615332774a0/916, E_0x5615332774a0/917, E_0x5615332774a0/918, E_0x5615332774a0/919, E_0x5615332774a0/920, E_0x5615332774a0/921, E_0x5615332774a0/922, E_0x5615332774a0/923, E_0x5615332774a0/924, E_0x5615332774a0/925, E_0x5615332774a0/926, E_0x5615332774a0/927, E_0x5615332774a0/928, E_0x5615332774a0/929, E_0x5615332774a0/930, E_0x5615332774a0/931, E_0x5615332774a0/932, E_0x5615332774a0/933, E_0x5615332774a0/934, E_0x5615332774a0/935, E_0x5615332774a0/936, E_0x5615332774a0/937, E_0x5615332774a0/938, E_0x5615332774a0/939, E_0x5615332774a0/940, E_0x5615332774a0/941, E_0x5615332774a0/942, E_0x5615332774a0/943, E_0x5615332774a0/944, E_0x5615332774a0/945, E_0x5615332774a0/946, E_0x5615332774a0/947, E_0x5615332774a0/948, E_0x5615332774a0/949, E_0x5615332774a0/950, E_0x5615332774a0/951, E_0x5615332774a0/952, E_0x5615332774a0/953, E_0x5615332774a0/954, E_0x5615332774a0/955, E_0x5615332774a0/956, E_0x5615332774a0/957, E_0x5615332774a0/958, E_0x5615332774a0/959, E_0x5615332774a0/960, E_0x5615332774a0/961, E_0x5615332774a0/962, E_0x5615332774a0/963, E_0x5615332774a0/964, E_0x5615332774a0/965, E_0x5615332774a0/966, E_0x5615332774a0/967, E_0x5615332774a0/968, E_0x5615332774a0/969, E_0x5615332774a0/970, E_0x5615332774a0/971, E_0x5615332774a0/972, E_0x5615332774a0/973, E_0x5615332774a0/974, E_0x5615332774a0/975, E_0x5615332774a0/976, E_0x5615332774a0/977, E_0x5615332774a0/978, E_0x5615332774a0/979, E_0x5615332774a0/980, E_0x5615332774a0/981, E_0x5615332774a0/982, E_0x5615332774a0/983, E_0x5615332774a0/984, E_0x5615332774a0/985, E_0x5615332774a0/986, E_0x5615332774a0/987, E_0x5615332774a0/988, E_0x5615332774a0/989, E_0x5615332774a0/990, E_0x5615332774a0/991, E_0x5615332774a0/992, E_0x5615332774a0/993, E_0x5615332774a0/994, E_0x5615332774a0/995, E_0x5615332774a0/996, E_0x5615332774a0/997, E_0x5615332774a0/998, E_0x5615332774a0/999, E_0x5615332774a0/1000, E_0x5615332774a0/1001, E_0x5615332774a0/1002, E_0x5615332774a0/1003, E_0x5615332774a0/1004, E_0x5615332774a0/1005, E_0x5615332774a0/1006, E_0x5615332774a0/1007, E_0x5615332774a0/1008, E_0x5615332774a0/1009, E_0x5615332774a0/1010, E_0x5615332774a0/1011, E_0x5615332774a0/1012, E_0x5615332774a0/1013, E_0x5615332774a0/1014, E_0x5615332774a0/1015, E_0x5615332774a0/1016, E_0x5615332774a0/1017, E_0x5615332774a0/1018, E_0x5615332774a0/1019, E_0x5615332774a0/1020, E_0x5615332774a0/1021, E_0x5615332774a0/1022, E_0x5615332774a0/1023, E_0x5615332774a0/1024;
L_0x561533374bd0 .part L_0x561533387380, 2, 30;
L_0x561533374cc0 .concat [ 30 2 0 0], L_0x561533374bd0, L_0x7fd546f70018;
L_0x561533384e40 .cmp/gt 32, L_0x7fd546f70060, L_0x561533374cc0;
L_0x561533384fb0 .array/port v0x56153332ddd0, L_0x561533385080;
L_0x561533385080 .part L_0x561533387380, 2, 30;
L_0x5615333851a0 .functor MUXZ 32, L_0x7fd546f700a8, L_0x561533384fb0, L_0x561533384e40, C4<>;
S_0x56153329aba0 .scope module, "u_core" "rv32_core_singlecycle" 3 71, 4 3 0, S_0x561533299560;
 .timescale 0 0;
    .port_info 0 /INPUT 1 "clk"
    .port_info 1 /INPUT 1 "rst_n"
    .port_info 2 /OUTPUT 32 "imem_addr"
    .port_info 3 /INPUT 32 "imem_rdata"
    .port_info 4 /OUTPUT 1 "dmem_valid"
    .port_info 5 /OUTPUT 1 "dmem_we"
    .port_info 6 /OUTPUT 4 "dmem_wstrb"
    .port_info 7 /OUTPUT 32 "dmem_addr"
    .port_info 8 /OUTPUT 32 "dmem_wdata"
    .port_info 9 /INPUT 32 "dmem_rdata"
    .port_info 10 /OUTPUT 1 "trap"
    .port_info 11 /OUTPUT 32 "trap_pc"
    .port_info 12 /OUTPUT 32 "dbg_pc"
    .port_info 13 /OUTPUT 32 "dbg_instr"
P_0x5615332af640 .param/l "RESET_PC" 0 4 4, C4<00000000000000000000000000000000>;
L_0x7fd546f70210 .functor BUFT 1, C4<11111111111111111111111111111110>, C4<0>, C4<0>, C4<0>;
L_0x561533386310 .functor AND 32, L_0x5615333865e0, L_0x7fd546f70210, C4<11111111111111111111111111111111>, C4<11111111111111111111111111111111>;
L_0x561533249f30 .functor AND 1, v0x56153329b150_0, v0x56153332aae0_0, C4<1>, C4<1>;
L_0x56153324b3d0 .functor OR 1, v0x561533297760_0, L_0x561533249f30, C4<0>, C4<0>;
L_0x56153324b270 .functor AND 1, L_0x56153324b3d0, L_0x561533386c60, C4<1>, C4<1>;
L_0x56153327d960 .functor OR 1, v0x561533299ee0_0, v0x56153332bf80_0, C4<0>, C4<0>;
L_0x56153325b610 .functor OR 1, L_0x56153327d960, L_0x56153324b270, C4<0>, C4<0>;
L_0x5615333870c0 .functor AND 1, v0x561533295900_0, L_0x561533386f20, C4<1>, C4<1>;
L_0x5615333871d0 .functor AND 1, L_0x5615333870c0, L_0x561533386bc0, C4<1>, C4<1>;
L_0x561533387380 .functor BUFZ 32, v0x56153332c180_0, C4<00000000000000000000000000000000>, C4<00000000000000000000000000000000>, C4<00000000000000000000000000000000>;
L_0x561533387510 .functor BUFZ 32, v0x5615332b7810_0, C4<00000000000000000000000000000000>, C4<00000000000000000000000000000000>, C4<00000000000000000000000000000000>;
L_0x5615333875e0 .functor OR 1, v0x561533295fa0_0, v0x561533296060_0, C4<0>, C4<0>;
L_0x5615333877b0 .functor AND 1, L_0x5615333875e0, L_0x561533387650, C4<1>, C4<1>;
L_0x561533387a60 .functor AND 1, L_0x5615333877b0, L_0x561533387930, C4<1>, C4<1>;
L_0x561533387b70 .functor BUFZ 1, v0x561533296060_0, C4<0>, C4<0>, C4<0>;
L_0x5615333878c0 .functor BUFZ 32, v0x56153332c180_0, C4<00000000000000000000000000000000>, C4<00000000000000000000000000000000>, C4<00000000000000000000000000000000>;
L_0x561533387d00 .functor BUFZ 32, L_0x5615333851a0, C4<00000000000000000000000000000000>, C4<00000000000000000000000000000000>, C4<00000000000000000000000000000000>;
L_0x7fd546f700f0 .functor BUFT 1, C4<0110111>, C4<0>, C4<0>, C4<0>;
v0x561533276690_0 .net/2u *"_s10", 6 0, L_0x7fd546f700f0;  1 drivers
L_0x7fd546f70138 .functor BUFT 1, C4<00000000000000000000000000000000>, C4<0>, C4<0>, C4<0>;
v0x561533276790_0 .net/2u *"_s14", 31 0, L_0x7fd546f70138;  1 drivers
v0x5615332f5390_0 .net *"_s16", 31 0, L_0x561533385a40;  1 drivers
v0x5615332f5450_0 .net *"_s23", 1 0, L_0x561533385f90;  1 drivers
L_0x7fd546f70180 .functor BUFT 1, C4<000>, C4<0>, C4<0>, C4<0>;
v0x5615332f5530_0 .net/2u *"_s24", 2 0, L_0x7fd546f70180;  1 drivers
v0x5615332f5610_0 .net *"_s26", 4 0, L_0x5615333860e0;  1 drivers
L_0x7fd546f701c8 .functor BUFT 1, C4<00000000000000000000000000000100>, C4<0>, C4<0>, C4<0>;
v0x5615332f56f0_0 .net/2u *"_s30", 31 0, L_0x7fd546f701c8;  1 drivers
v0x5615332f57d0_0 .net *"_s36", 31 0, L_0x5615333865e0;  1 drivers
v0x5615333298d0_0 .net/2u *"_s38", 31 0, L_0x7fd546f70210;  1 drivers
v0x5615333299b0_0 .net *"_s40", 31 0, L_0x561533386310;  1 drivers
v0x561533329a90_0 .net *"_s46", 0 0, L_0x561533249f30;  1 drivers
v0x561533329b70_0 .net *"_s51", 1 0, L_0x561533386ad0;  1 drivers
L_0x7fd546f70258 .functor BUFT 1, C4<00>, C4<0>, C4<0>, C4<0>;
v0x561533329c50_0 .net/2u *"_s52", 1 0, L_0x7fd546f70258;  1 drivers
v0x561533329d30_0 .net *"_s54", 0 0, L_0x561533386c60;  1 drivers
v0x561533329df0_0 .net *"_s58", 0 0, L_0x56153327d960;  1 drivers
v0x561533329ed0_0 .net *"_s63", 0 0, L_0x561533386f20;  1 drivers
v0x561533329f90_0 .net *"_s64", 0 0, L_0x5615333870c0;  1 drivers
v0x56153332a160_0 .net *"_s67", 0 0, L_0x561533386bc0;  1 drivers
v0x56153332a220_0 .net *"_s74", 0 0, L_0x5615333875e0;  1 drivers
v0x56153332a300_0 .net *"_s77", 0 0, L_0x561533387650;  1 drivers
v0x56153332a3c0_0 .net *"_s78", 0 0, L_0x5615333877b0;  1 drivers
v0x56153332a480_0 .net *"_s81", 0 0, L_0x561533387930;  1 drivers
v0x56153332a540_0 .net *"_s9", 6 0, L_0x5615333857d0;  1 drivers
v0x56153332a620_0 .net "alu_a", 31 0, L_0x561533385b80;  1 drivers
v0x56153332a6e0_0 .net "alu_b", 31 0, L_0x561533385db0;  1 drivers
v0x56153332a7a0_0 .net "alu_op", 3 0, v0x56153329b440_0;  1 drivers
v0x56153332a860_0 .net "alu_src_imm", 0 0, v0x56153329b520_0;  1 drivers
v0x56153332a900_0 .net "alu_src_pc", 0 0, v0x56153329b090_0;  1 drivers
v0x56153332a9a0_0 .net "alu_y", 31 0, v0x5615332b7810_0;  1 drivers
v0x56153332aa40_0 .net "branch", 0 0, v0x56153329b150_0;  1 drivers
v0x56153332aae0_0 .var "branch_taken", 0 0;
v0x56153332ab80_0 .net "clk", 0 0, v0x5615333745e0_0;  alias, 1 drivers
v0x56153332ac20_0 .net "control_taken", 0 0, L_0x56153324b3d0;  1 drivers
v0x56153332acc0_0 .net "control_target", 31 0, L_0x5615333868f0;  1 drivers
v0x56153332ada0_0 .net "dbg_instr", 31 0, L_0x561533387d00;  alias, 1 drivers
v0x56153332ae80_0 .net "dbg_pc", 31 0, L_0x5615333878c0;  alias, 1 drivers
v0x56153332af60_0 .net "direct_target", 31 0, L_0x5615333864c0;  1 drivers
v0x56153332b040_0 .net "dmem_addr", 31 0, L_0x561533387510;  alias, 1 drivers
v0x56153332b120_0 .net "dmem_rdata", 31 0, v0x56153332d730_0;  1 drivers
v0x56153332b200_0 .net "dmem_valid", 0 0, L_0x561533387a60;  alias, 1 drivers
v0x56153332b2c0_0 .var "dmem_wdata", 31 0;
v0x56153332b3a0_0 .net "dmem_we", 0 0, L_0x561533387b70;  alias, 1 drivers
v0x56153332b460_0 .var "dmem_wstrb", 3 0;
v0x56153332b540_0 .net "fault_now", 0 0, L_0x56153325b610;  1 drivers
v0x56153332b600_0 .net "funct3", 2 0, L_0x5615333855f0;  1 drivers
v0x56153332b6e0_0 .net "illegal_dec", 0 0, v0x561533299ee0_0;  1 drivers
v0x56153332b780_0 .net "imem_addr", 31 0, L_0x561533387380;  alias, 1 drivers
v0x56153332b840_0 .net "imem_rdata", 31 0, L_0x5615333851a0;  alias, 1 drivers
v0x56153332b950_0 .net "imm", 31 0, v0x5615332f3000_0;  1 drivers
v0x56153332ba10_0 .net "imm_sel", 2 0, v0x5615332984a0_0;  1 drivers
v0x56153332bb20_0 .net "instr_misaligned", 0 0, L_0x56153324b270;  1 drivers
v0x56153332bbe0_0 .net "is_lui", 0 0, L_0x561533385870;  1 drivers
v0x56153332bca0_0 .net "jalr", 0 0, v0x5615332976a0_0;  1 drivers
v0x56153332bd40_0 .net "jump", 0 0, v0x561533297760_0;  1 drivers
v0x56153332bde0_0 .net "jump_target", 31 0, L_0x5615333866d0;  1 drivers
v0x56153332bea0_0 .var "load_data", 31 0;
v0x56153332bf80_0 .var "mem_misaligned", 0 0;
v0x56153332c040_0 .net "mem_read", 0 0, v0x561533295fa0_0;  1 drivers
v0x56153332c0e0_0 .net "mem_write", 0 0, v0x561533296060_0;  1 drivers
v0x56153332c180_0 .var "pc", 31 0;
v0x56153332c240_0 .net "pc_plus4", 31 0, L_0x561533386380;  1 drivers
v0x56153332c320_0 .net "rd_addr", 4 0, L_0x561533385500;  1 drivers
v0x56153332c3e0_0 .net "rd_we", 0 0, L_0x5615333871d0;  1 drivers
v0x56153332c480_0 .net "reg_write_dec", 0 0, v0x561533295900_0;  1 drivers
v0x56153332c520_0 .net "rs1_addr", 4 0, L_0x561533385320;  1 drivers
v0x56153332c5c0_0 .net "rs1_data", 31 0, L_0x561533388340;  1 drivers
v0x56153332c660_0 .net "rs2_addr", 4 0, L_0x561533385410;  1 drivers
v0x56153332c700_0 .net "rs2_data", 31 0, L_0x561533388860;  1 drivers
v0x56153332c7a0_0 .net "rst_n", 0 0, v0x561533374880_0;  alias, 1 drivers
v0x56153332c840_0 .net "shifted_rdata", 31 0, L_0x5615333861d0;  1 drivers
v0x56153332c8e0_0 .var "trap", 0 0;
v0x56153332c980_0 .var "trap_pc", 31 0;
v0x56153332ca60_0 .var "wb_data", 31 0;
v0x56153332cb20_0 .net "wb_sel", 1 0, v0x5615332451a0_0;  1 drivers
E_0x5615332778c0 .event edge, v0x5615332451a0_0, v0x56153332bea0_0, v0x56153332c240_0, v0x5615332b7810_0;
E_0x5615332f4600 .event edge, v0x561533295fa0_0, v0x561533296060_0, v0x56153332b600_0, v0x56153332b040_0;
E_0x5615332f4a90 .event edge, v0x56153332b600_0, v0x56153332b040_0, v0x56153328ffc0_0;
E_0x561533242f60 .event edge, v0x56153332b600_0, v0x56153332c840_0;
E_0x561533297a00 .event edge, v0x56153332b600_0, v0x56153328fe00_0, v0x56153328ffc0_0;
L_0x561533385320 .part L_0x5615333851a0, 15, 5;
L_0x561533385410 .part L_0x5615333851a0, 20, 5;
L_0x561533385500 .part L_0x5615333851a0, 7, 5;
L_0x5615333855f0 .part L_0x5615333851a0, 12, 3;
L_0x5615333857d0 .part L_0x5615333851a0, 0, 7;
L_0x561533385870 .cmp/eq 7, L_0x5615333857d0, L_0x7fd546f700f0;
L_0x561533385a40 .functor MUXZ 32, L_0x561533388340, v0x56153332c180_0, v0x56153329b090_0, C4<>;
L_0x561533385b80 .functor MUXZ 32, L_0x561533385a40, L_0x7fd546f70138, L_0x561533385870, C4<>;
L_0x561533385db0 .functor MUXZ 32, L_0x561533388860, v0x5615332f3000_0, v0x56153329b520_0, C4<>;
L_0x561533385f90 .part L_0x561533387510, 0, 2;
L_0x5615333860e0 .concat [ 3 2 0 0], L_0x7fd546f70180, L_0x561533385f90;
L_0x5615333861d0 .shift/r 32, v0x56153332d730_0, L_0x5615333860e0;
L_0x561533386380 .arith/sum 32, v0x56153332c180_0, L_0x7fd546f701c8;
L_0x5615333864c0 .arith/sum 32, v0x56153332c180_0, v0x5615332f3000_0;
L_0x5615333865e0 .arith/sum 32, L_0x561533388340, v0x5615332f3000_0;
L_0x5615333866d0 .functor MUXZ 32, L_0x5615333864c0, L_0x561533386310, v0x5615332976a0_0, C4<>;
L_0x5615333868f0 .functor MUXZ 32, L_0x5615333864c0, L_0x5615333866d0, v0x561533297760_0, C4<>;
L_0x561533386ad0 .part L_0x5615333868f0, 0, 2;
L_0x561533386c60 .cmp/ne 2, L_0x561533386ad0, L_0x7fd546f70258;
L_0x561533386f20 .reduce/nor L_0x56153325b610;
L_0x561533386bc0 .reduce/nor v0x56153332c8e0_0;
L_0x561533387650 .reduce/nor L_0x56153325b610;
L_0x561533387930 .reduce/nor v0x56153332c8e0_0;
S_0x56153329d0f0 .scope module, "u_alu" "rv32_alu" 4 84, 5 3 0, S_0x56153329aba0;
 .timescale 0 0;
    .port_info 0 /INPUT 32 "a"
    .port_info 1 /INPUT 32 "b"
    .port_info 2 /INPUT 4 "op"
    .port_info 3 /OUTPUT 32 "y"
v0x5615332f1020_0 .net "a", 31 0, L_0x561533385b80;  alias, 1 drivers
v0x5615332f10c0_0 .net "b", 31 0, L_0x561533385db0;  alias, 1 drivers
v0x5615332b7770_0 .net "op", 3 0, v0x56153329b440_0;  alias, 1 drivers
v0x5615332b7810_0 .var "y", 31 0;
E_0x561533243450 .event edge, v0x5615332b7770_0, v0x5615332f1020_0, v0x5615332f10c0_0;
S_0x56153329cd70 .scope module, "u_decoder" "rv32_decoder" 4 75, 6 3 0, S_0x56153329aba0;
 .timescale 0 0;
    .port_info 0 /INPUT 32 "instr"
    .port_info 1 /OUTPUT 1 "reg_write"
    .port_info 2 /OUTPUT 1 "alu_src_pc"
    .port_info 3 /OUTPUT 1 "alu_src_imm"
    .port_info 4 /OUTPUT 4 "alu_op"
    .port_info 5 /OUTPUT 2 "wb_sel"
    .port_info 6 /OUTPUT 1 "mem_read"
    .port_info 7 /OUTPUT 1 "mem_write"
    .port_info 8 /OUTPUT 1 "branch"
    .port_info 9 /OUTPUT 1 "jump"
    .port_info 10 /OUTPUT 1 "jalr"
    .port_info 11 /OUTPUT 3 "imm_sel"
    .port_info 12 /OUTPUT 1 "illegal"
v0x56153329b440_0 .var "alu_op", 3 0;
v0x56153329b520_0 .var "alu_src_imm", 0 0;
v0x56153329b090_0 .var "alu_src_pc", 0 0;
v0x56153329b150_0 .var "branch", 0 0;
v0x5615332426e0_0 .net "funct3", 2 0, L_0x561533387ef0;  1 drivers
v0x561533299e00_0 .net "funct7", 6 0, L_0x561533387f90;  1 drivers
v0x561533299ee0_0 .var "illegal", 0 0;
v0x5615332984a0_0 .var "imm_sel", 2 0;
v0x561533298580_0 .net "instr", 31 0, L_0x5615333851a0;  alias, 1 drivers
v0x5615332976a0_0 .var "jalr", 0 0;
v0x561533297760_0 .var "jump", 0 0;
v0x561533295fa0_0 .var "mem_read", 0 0;
v0x561533296060_0 .var "mem_write", 0 0;
v0x561533295820_0 .net "opcode", 6 0, L_0x561533387e50;  1 drivers
v0x561533295900_0 .var "reg_write", 0 0;
v0x5615332451a0_0 .var "wb_sel", 1 0;
E_0x561533243890 .event edge, v0x561533295820_0, v0x5615332426e0_0, v0x561533299e00_0;
L_0x561533387e50 .part L_0x5615333851a0, 0, 7;
L_0x561533387ef0 .part L_0x5615333851a0, 12, 3;
L_0x561533387f90 .part L_0x5615333851a0, 25, 7;
S_0x5615332f2dd0 .scope module, "u_immgen" "rv32_immgen" 4 83, 7 3 0, S_0x56153329aba0;
 .timescale 0 0;
    .port_info 0 /INPUT 32 "instr"
    .port_info 1 /INPUT 3 "imm_sel"
    .port_info 2 /OUTPUT 32 "imm"
v0x5615332f3000_0 .var "imm", 31 0;
v0x56153325b090_0 .net "imm_sel", 2 0, v0x5615332984a0_0;  alias, 1 drivers
v0x56153325b150_0 .net "instr", 31 0, L_0x5615333851a0;  alias, 1 drivers
E_0x56153329cbb0 .event edge, v0x5615332984a0_0, v0x561533298580_0;
S_0x56153325b250 .scope module, "u_regfile" "rv32_regfile" 4 85, 8 1 0, S_0x56153329aba0;
 .timescale 0 0;
    .port_info 0 /INPUT 1 "clk"
    .port_info 1 /INPUT 1 "rst_n"
    .port_info 2 /INPUT 5 "rs1_addr"
    .port_info 3 /INPUT 5 "rs2_addr"
    .port_info 4 /OUTPUT 32 "rs1_data"
    .port_info 5 /OUTPUT 32 "rs2_data"
    .port_info 6 /INPUT 1 "rd_we"
    .port_info 7 /INPUT 5 "rd_addr"
    .port_info 8 /INPUT 32 "rd_data"
L_0x7fd546f702a0 .functor BUFT 1, C4<00000>, C4<0>, C4<0>, C4<0>;
v0x56153327b020_0 .net/2u *"_s0", 4 0, L_0x7fd546f702a0;  1 drivers
L_0x7fd546f70330 .functor BUFT 1, C4<00>, C4<0>, C4<0>, C4<0>;
v0x56153327b120_0 .net *"_s11", 1 0, L_0x7fd546f70330;  1 drivers
L_0x7fd546f70378 .functor BUFT 1, C4<00000>, C4<0>, C4<0>, C4<0>;
v0x56153327b200_0 .net/2u *"_s14", 4 0, L_0x7fd546f70378;  1 drivers
v0x561533256bb0_0 .net *"_s16", 0 0, L_0x561533388510;  1 drivers
L_0x7fd546f703c0 .functor BUFT 1, C4<00000000000000000000000000000000>, C4<0>, C4<0>, C4<0>;
v0x561533256c70_0 .net/2u *"_s18", 31 0, L_0x7fd546f703c0;  1 drivers
v0x561533256da0_0 .net *"_s2", 0 0, L_0x561533388030;  1 drivers
v0x561533256e60_0 .net *"_s20", 31 0, L_0x561533388600;  1 drivers
v0x561533220060_0 .net *"_s22", 6 0, L_0x5615333886e0;  1 drivers
L_0x7fd546f70408 .functor BUFT 1, C4<00>, C4<0>, C4<0>, C4<0>;
v0x561533220140_0 .net *"_s25", 1 0, L_0x7fd546f70408;  1 drivers
L_0x7fd546f702e8 .functor BUFT 1, C4<00000000000000000000000000000000>, C4<0>, C4<0>, C4<0>;
v0x561533220220_0 .net/2u *"_s4", 31 0, L_0x7fd546f702e8;  1 drivers
v0x561533220300_0 .net *"_s6", 31 0, L_0x561533388120;  1 drivers
v0x5615332203e0_0 .net *"_s8", 6 0, L_0x5615333881c0;  1 drivers
v0x561533249930_0 .net "clk", 0 0, v0x5615333745e0_0;  alias, 1 drivers
v0x5615332499f0_0 .var/i "i", 31 0;
v0x561533249ad0_0 .net "rd_addr", 4 0, L_0x561533385500;  alias, 1 drivers
v0x561533249bb0_0 .net "rd_data", 31 0, v0x56153332ca60_0;  1 drivers
v0x561533249c90_0 .net "rd_we", 0 0, L_0x5615333871d0;  alias, 1 drivers
v0x56153328fc60 .array "regs", 31 0, 31 0;
v0x56153328fd20_0 .net "rs1_addr", 4 0, L_0x561533385320;  alias, 1 drivers
v0x56153328fe00_0 .net "rs1_data", 31 0, L_0x561533388340;  alias, 1 drivers
v0x56153328fee0_0 .net "rs2_addr", 4 0, L_0x561533385410;  alias, 1 drivers
v0x56153328ffc0_0 .net "rs2_data", 31 0, L_0x561533388860;  alias, 1 drivers
v0x5615332764b0_0 .net "rst_n", 0 0, v0x561533374880_0;  alias, 1 drivers
E_0x56153329d8d0/0 .event negedge, v0x5615332764b0_0;
E_0x56153329d8d0/1 .event posedge, v0x561533249930_0;
E_0x56153329d8d0 .event/or E_0x56153329d8d0/0, E_0x56153329d8d0/1;
L_0x561533388030 .cmp/eq 5, L_0x561533385320, L_0x7fd546f702a0;
L_0x561533388120 .array/port v0x56153328fc60, L_0x5615333881c0;
L_0x5615333881c0 .concat [ 5 2 0 0], L_0x561533385320, L_0x7fd546f70330;
L_0x561533388340 .functor MUXZ 32, L_0x561533388120, L_0x7fd546f702e8, L_0x561533388030, C4<>;
L_0x561533388510 .cmp/eq 5, L_0x561533385410, L_0x7fd546f70378;
L_0x561533388600 .array/port v0x56153328fc60, L_0x5615333886e0;
L_0x5615333886e0 .concat [ 5 2 0 0], L_0x561533385410, L_0x7fd546f70408;
L_0x561533388860 .functor MUXZ 32, L_0x561533388600, L_0x7fd546f703c0, L_0x561533388510, C4<>;
    .scope S_0x56153329cd70;
T_0 ;
    %wait E_0x561533243890;
    %pushi/vec4 0, 0, 1;
    %store/vec4 v0x561533295900_0, 0, 1;
    %pushi/vec4 0, 0, 1;
    %store/vec4 v0x56153329b090_0, 0, 1;
    %pushi/vec4 0, 0, 1;
    %store/vec4 v0x56153329b520_0, 0, 1;
    %pushi/vec4 0, 0, 4;
    %store/vec4 v0x56153329b440_0, 0, 4;
    %pushi/vec4 0, 0, 2;
    %store/vec4 v0x5615332451a0_0, 0, 2;
    %pushi/vec4 0, 0, 1;
    %store/vec4 v0x561533295fa0_0, 0, 1;
    %pushi/vec4 0, 0, 1;
    %store/vec4 v0x561533296060_0, 0, 1;
    %pushi/vec4 0, 0, 1;
    %store/vec4 v0x56153329b150_0, 0, 1;
    %pushi/vec4 0, 0, 1;
    %store/vec4 v0x561533297760_0, 0, 1;
    %pushi/vec4 0, 0, 1;
    %store/vec4 v0x5615332976a0_0, 0, 1;
    %pushi/vec4 0, 0, 3;
    %store/vec4 v0x5615332984a0_0, 0, 3;
    %pushi/vec4 0, 0, 1;
    %store/vec4 v0x561533299ee0_0, 0, 1;
    %load/vec4 v0x561533295820_0;
    %dup/vec4;
    %pushi/vec4 55, 0, 7;
    %cmp/u;
    %jmp/1 T_0.0, 6;
    %dup/vec4;
    %pushi/vec4 23, 0, 7;
    %cmp/u;
    %jmp/1 T_0.1, 6;
    %dup/vec4;
    %pushi/vec4 111, 0, 7;
    %cmp/u;
    %jmp/1 T_0.2, 6;
    %dup/vec4;
    %pushi/vec4 103, 0, 7;
    %cmp/u;
    %jmp/1 T_0.3, 6;
    %dup/vec4;
    %pushi/vec4 99, 0, 7;
    %cmp/u;
    %jmp/1 T_0.4, 6;
    %dup/vec4;
    %pushi/vec4 3, 0, 7;
    %cmp/u;
    %jmp/1 T_0.5, 6;
    %dup/vec4;
    %pushi/vec4 35, 0, 7;
    %cmp/u;
    %jmp/1 T_0.6, 6;
    %dup/vec4;
    %pushi/vec4 19, 0, 7;
    %cmp/u;
    %jmp/1 T_0.7, 6;
    %dup/vec4;
    %pushi/vec4 51, 0, 7;
    %cmp/u;
    %jmp/1 T_0.8, 6;
    %dup/vec4;
    %pushi/vec4 15, 0, 7;
    %cmp/u;
    %jmp/1 T_0.9, 6;
    %dup/vec4;
    %pushi/vec4 115, 0, 7;
    %cmp/u;
    %jmp/1 T_0.10, 6;
    %pushi/vec4 1, 0, 1;
    %store/vec4 v0x561533299ee0_0, 0, 1;
    %jmp T_0.12;
T_0.0 ;
    %pushi/vec4 1, 0, 1;
    %store/vec4 v0x561533295900_0, 0, 1;
    %pushi/vec4 1, 0, 1;
    %store/vec4 v0x56153329b520_0, 0, 1;
    %pushi/vec4 3, 0, 3;
    %store/vec4 v0x5615332984a0_0, 0, 3;
    %jmp T_0.12;
T_0.1 ;
    %pushi/vec4 1, 0, 1;
    %store/vec4 v0x561533295900_0, 0, 1;
    %pushi/vec4 1, 0, 1;
    %store/vec4 v0x56153329b090_0, 0, 1;
    %pushi/vec4 1, 0, 1;
    %store/vec4 v0x56153329b520_0, 0, 1;
    %pushi/vec4 3, 0, 3;
    %store/vec4 v0x5615332984a0_0, 0, 3;
    %jmp T_0.12;
T_0.2 ;
    %pushi/vec4 1, 0, 1;
    %store/vec4 v0x561533295900_0, 0, 1;
    %pushi/vec4 2, 0, 2;
    %store/vec4 v0x5615332451a0_0, 0, 2;
    %pushi/vec4 1, 0, 1;
    %store/vec4 v0x561533297760_0, 0, 1;
    %pushi/vec4 4, 0, 3;
    %store/vec4 v0x5615332984a0_0, 0, 3;
    %jmp T_0.12;
T_0.3 ;
    %pushi/vec4 1, 0, 1;
    %store/vec4 v0x561533295900_0, 0, 1;
    %pushi/vec4 2, 0, 2;
    %store/vec4 v0x5615332451a0_0, 0, 2;
    %pushi/vec4 1, 0, 1;
    %store/vec4 v0x561533297760_0, 0, 1;
    %pushi/vec4 1, 0, 1;
    %store/vec4 v0x5615332976a0_0, 0, 1;
    %pushi/vec4 0, 0, 3;
    %store/vec4 v0x5615332984a0_0, 0, 3;
    %load/vec4 v0x5615332426e0_0;
    %cmpi/ne 0, 0, 3;
    %jmp/0xz  T_0.13, 4;
    %pushi/vec4 1, 0, 1;
    %store/vec4 v0x561533299ee0_0, 0, 1;
T_0.13 ;
    %jmp T_0.12;
T_0.4 ;
    %pushi/vec4 1, 0, 1;
    %store/vec4 v0x56153329b150_0, 0, 1;
    %pushi/vec4 2, 0, 3;
    %store/vec4 v0x5615332984a0_0, 0, 3;
    %load/vec4 v0x5615332426e0_0;
    %pushi/vec4 0, 0, 3;
    %cmp/e;
    %flag_get/vec4 4;
    %load/vec4 v0x5615332426e0_0;
    %pushi/vec4 1, 0, 3;
    %cmp/e;
    %flag_get/vec4 4;
    %or;
    %load/vec4 v0x5615332426e0_0;
    %pushi/vec4 4, 0, 3;
    %cmp/e;
    %flag_get/vec4 4;
    %or;
    %load/vec4 v0x5615332426e0_0;
    %pushi/vec4 5, 0, 3;
    %cmp/e;
    %flag_get/vec4 4;
    %or;
    %load/vec4 v0x5615332426e0_0;
    %pushi/vec4 6, 0, 3;
    %cmp/e;
    %flag_get/vec4 4;
    %or;
    %load/vec4 v0x5615332426e0_0;
    %pushi/vec4 7, 0, 3;
    %cmp/e;
    %flag_get/vec4 4;
    %or;
    %nor/r;
    %flag_set/vec4 8;
    %jmp/0xz  T_0.15, 8;
    %pushi/vec4 1, 0, 1;
    %store/vec4 v0x561533299ee0_0, 0, 1;
T_0.15 ;
    %jmp T_0.12;
T_0.5 ;
    %pushi/vec4 1, 0, 1;
    %store/vec4 v0x561533295900_0, 0, 1;
    %pushi/vec4 1, 0, 1;
    %store/vec4 v0x56153329b520_0, 0, 1;
    %pushi/vec4 1, 0, 2;
    %store/vec4 v0x5615332451a0_0, 0, 2;
    %pushi/vec4 1, 0, 1;
    %store/vec4 v0x561533295fa0_0, 0, 1;
    %pushi/vec4 0, 0, 3;
    %store/vec4 v0x5615332984a0_0, 0, 3;
    %load/vec4 v0x5615332426e0_0;
    %pushi/vec4 0, 0, 3;
    %cmp/e;
    %flag_get/vec4 4;
    %load/vec4 v0x5615332426e0_0;
    %pushi/vec4 1, 0, 3;
    %cmp/e;
    %flag_get/vec4 4;
    %or;
    %load/vec4 v0x5615332426e0_0;
    %pushi/vec4 2, 0, 3;
    %cmp/e;
    %flag_get/vec4 4;
    %or;
    %load/vec4 v0x5615332426e0_0;
    %pushi/vec4 4, 0, 3;
    %cmp/e;
    %flag_get/vec4 4;
    %or;
    %load/vec4 v0x5615332426e0_0;
    %pushi/vec4 5, 0, 3;
    %cmp/e;
    %flag_get/vec4 4;
    %or;
    %nor/r;
    %flag_set/vec4 8;
    %jmp/0xz  T_0.17, 8;
    %pushi/vec4 1, 0, 1;
    %store/vec4 v0x561533299ee0_0, 0, 1;
T_0.17 ;
    %jmp T_0.12;
T_0.6 ;
    %pushi/vec4 1, 0, 1;
    %store/vec4 v0x56153329b520_0, 0, 1;
    %pushi/vec4 1, 0, 1;
    %store/vec4 v0x561533296060_0, 0, 1;
    %pushi/vec4 1, 0, 3;
    %store/vec4 v0x5615332984a0_0, 0, 3;
    %load/vec4 v0x5615332426e0_0;
    %pushi/vec4 0, 0, 3;
    %cmp/e;
    %flag_get/vec4 4;
    %load/vec4 v0x5615332426e0_0;
    %pushi/vec4 1, 0, 3;
    %cmp/e;
    %flag_get/vec4 4;
    %or;
    %load/vec4 v0x5615332426e0_0;
    %pushi/vec4 2, 0, 3;
    %cmp/e;
    %flag_get/vec4 4;
    %or;
    %nor/r;
    %flag_set/vec4 8;
    %jmp/0xz  T_0.19, 8;
    %pushi/vec4 1, 0, 1;
    %store/vec4 v0x561533299ee0_0, 0, 1;
T_0.19 ;
    %jmp T_0.12;
T_0.7 ;
    %pushi/vec4 1, 0, 1;
    %store/vec4 v0x561533295900_0, 0, 1;
    %pushi/vec4 1, 0, 1;
    %store/vec4 v0x56153329b520_0, 0, 1;
    %pushi/vec4 0, 0, 3;
    %store/vec4 v0x5615332984a0_0, 0, 3;
    %load/vec4 v0x5615332426e0_0;
    %dup/vec4;
    %pushi/vec4 0, 0, 3;
    %cmp/u;
    %jmp/1 T_0.21, 6;
    %dup/vec4;
    %pushi/vec4 2, 0, 3;
    %cmp/u;
    %jmp/1 T_0.22, 6;
    %dup/vec4;
    %pushi/vec4 3, 0, 3;
    %cmp/u;
    %jmp/1 T_0.23, 6;
    %dup/vec4;
    %pushi/vec4 4, 0, 3;
    %cmp/u;
    %jmp/1 T_0.24, 6;
    %dup/vec4;
    %pushi/vec4 6, 0, 3;
    %cmp/u;
    %jmp/1 T_0.25, 6;
    %dup/vec4;
    %pushi/vec4 7, 0, 3;
    %cmp/u;
    %jmp/1 T_0.26, 6;
    %dup/vec4;
    %pushi/vec4 1, 0, 3;
    %cmp/u;
    %jmp/1 T_0.27, 6;
    %dup/vec4;
    %pushi/vec4 5, 0, 3;
    %cmp/u;
    %jmp/1 T_0.28, 6;
    %pushi/vec4 1, 0, 1;
    %store/vec4 v0x561533299ee0_0, 0, 1;
    %jmp T_0.30;
T_0.21 ;
    %pushi/vec4 0, 0, 4;
    %store/vec4 v0x56153329b440_0, 0, 4;
    %jmp T_0.30;
T_0.22 ;
    %pushi/vec4 3, 0, 4;
    %store/vec4 v0x56153329b440_0, 0, 4;
    %jmp T_0.30;
T_0.23 ;
    %pushi/vec4 4, 0, 4;
    %store/vec4 v0x56153329b440_0, 0, 4;
    %jmp T_0.30;
T_0.24 ;
    %pushi/vec4 5, 0, 4;
    %store/vec4 v0x56153329b440_0, 0, 4;
    %jmp T_0.30;
T_0.25 ;
    %pushi/vec4 8, 0, 4;
    %store/vec4 v0x56153329b440_0, 0, 4;
    %jmp T_0.30;
T_0.26 ;
    %pushi/vec4 9, 0, 4;
    %store/vec4 v0x56153329b440_0, 0, 4;
    %jmp T_0.30;
T_0.27 ;
    %pushi/vec4 2, 0, 4;
    %store/vec4 v0x56153329b440_0, 0, 4;
    %load/vec4 v0x561533299e00_0;
    %cmpi/ne 0, 0, 7;
    %jmp/0xz  T_0.31, 4;
    %pushi/vec4 1, 0, 1;
    %store/vec4 v0x561533299ee0_0, 0, 1;
T_0.31 ;
    %jmp T_0.30;
T_0.28 ;
    %load/vec4 v0x561533299e00_0;
    %cmpi/e 0, 0, 7;
    %jmp/0xz  T_0.33, 4;
    %pushi/vec4 6, 0, 4;
    %store/vec4 v0x56153329b440_0, 0, 4;
    %jmp T_0.34;
T_0.33 ;
    %load/vec4 v0x561533299e00_0;
    %cmpi/e 32, 0, 7;
    %jmp/0xz  T_0.35, 4;
    %pushi/vec4 7, 0, 4;
    %store/vec4 v0x56153329b440_0, 0, 4;
    %jmp T_0.36;
T_0.35 ;
    %pushi/vec4 1, 0, 1;
    %store/vec4 v0x561533299ee0_0, 0, 1;
T_0.36 ;
T_0.34 ;
    %jmp T_0.30;
T_0.30 ;
    %pop/vec4 1;
    %jmp T_0.12;
T_0.8 ;
    %pushi/vec4 1, 0, 1;
    %store/vec4 v0x561533295900_0, 0, 1;
    %load/vec4 v0x5615332426e0_0;
    %dup/vec4;
    %pushi/vec4 0, 0, 3;
    %cmp/u;
    %jmp/1 T_0.37, 6;
    %dup/vec4;
    %pushi/vec4 1, 0, 3;
    %cmp/u;
    %jmp/1 T_0.38, 6;
    %dup/vec4;
    %pushi/vec4 2, 0, 3;
    %cmp/u;
    %jmp/1 T_0.39, 6;
    %dup/vec4;
    %pushi/vec4 3, 0, 3;
    %cmp/u;
    %jmp/1 T_0.40, 6;
    %dup/vec4;
    %pushi/vec4 4, 0, 3;
    %cmp/u;
    %jmp/1 T_0.41, 6;
    %dup/vec4;
    %pushi/vec4 5, 0, 3;
    %cmp/u;
    %jmp/1 T_0.42, 6;
    %dup/vec4;
    %pushi/vec4 6, 0, 3;
    %cmp/u;
    %jmp/1 T_0.43, 6;
    %dup/vec4;
    %pushi/vec4 7, 0, 3;
    %cmp/u;
    %jmp/1 T_0.44, 6;
    %pushi/vec4 1, 0, 1;
    %store/vec4 v0x561533299ee0_0, 0, 1;
    %jmp T_0.46;
T_0.37 ;
    %load/vec4 v0x561533299e00_0;
    %cmpi/e 0, 0, 7;
    %jmp/0xz  T_0.47, 4;
    %pushi/vec4 0, 0, 4;
    %store/vec4 v0x56153329b440_0, 0, 4;
    %jmp T_0.48;
T_0.47 ;
    %load/vec4 v0x561533299e00_0;
    %cmpi/e 32, 0, 7;
    %jmp/0xz  T_0.49, 4;
    %pushi/vec4 1, 0, 4;
    %store/vec4 v0x56153329b440_0, 0, 4;
    %jmp T_0.50;
T_0.49 ;
    %pushi/vec4 1, 0, 1;
    %store/vec4 v0x561533299ee0_0, 0, 1;
T_0.50 ;
T_0.48 ;
    %jmp T_0.46;
T_0.38 ;
    %pushi/vec4 2, 0, 4;
    %store/vec4 v0x56153329b440_0, 0, 4;
    %load/vec4 v0x561533299e00_0;
    %pad/u 32;
    %cmpi/ne 0, 0, 32;
    %jmp/0xz  T_0.51, 4;
    %pushi/vec4 1, 0, 1;
    %store/vec4 v0x561533299ee0_0, 0, 1;
T_0.51 ;
    %jmp T_0.46;
T_0.39 ;
    %pushi/vec4 3, 0, 4;
    %store/vec4 v0x56153329b440_0, 0, 4;
    %load/vec4 v0x561533299e00_0;
    %pad/u 32;
    %cmpi/ne 0, 0, 32;
    %jmp/0xz  T_0.53, 4;
    %pushi/vec4 1, 0, 1;
    %store/vec4 v0x561533299ee0_0, 0, 1;
T_0.53 ;
    %jmp T_0.46;
T_0.40 ;
    %pushi/vec4 4, 0, 4;
    %store/vec4 v0x56153329b440_0, 0, 4;
    %load/vec4 v0x561533299e00_0;
    %pad/u 32;
    %cmpi/ne 0, 0, 32;
    %jmp/0xz  T_0.55, 4;
    %pushi/vec4 1, 0, 1;
    %store/vec4 v0x561533299ee0_0, 0, 1;
T_0.55 ;
    %jmp T_0.46;
T_0.41 ;
    %pushi/vec4 5, 0, 4;
    %store/vec4 v0x56153329b440_0, 0, 4;
    %load/vec4 v0x561533299e00_0;
    %pad/u 32;
    %cmpi/ne 0, 0, 32;
    %jmp/0xz  T_0.57, 4;
    %pushi/vec4 1, 0, 1;
    %store/vec4 v0x561533299ee0_0, 0, 1;
T_0.57 ;
    %jmp T_0.46;
T_0.42 ;
    %load/vec4 v0x561533299e00_0;
    %cmpi/e 0, 0, 7;
    %jmp/0xz  T_0.59, 4;
    %pushi/vec4 6, 0, 4;
    %store/vec4 v0x56153329b440_0, 0, 4;
    %jmp T_0.60;
T_0.59 ;
    %load/vec4 v0x561533299e00_0;
    %cmpi/e 32, 0, 7;
    %jmp/0xz  T_0.61, 4;
    %pushi/vec4 7, 0, 4;
    %store/vec4 v0x56153329b440_0, 0, 4;
    %jmp T_0.62;
T_0.61 ;
    %pushi/vec4 1, 0, 1;
    %store/vec4 v0x561533299ee0_0, 0, 1;
T_0.62 ;
T_0.60 ;
    %jmp T_0.46;
T_0.43 ;
    %pushi/vec4 8, 0, 4;
    %store/vec4 v0x56153329b440_0, 0, 4;
    %load/vec4 v0x561533299e00_0;
    %pad/u 32;
    %cmpi/ne 0, 0, 32;
    %jmp/0xz  T_0.63, 4;
    %pushi/vec4 1, 0, 1;
    %store/vec4 v0x561533299ee0_0, 0, 1;
T_0.63 ;
    %jmp T_0.46;
T_0.44 ;
    %pushi/vec4 9, 0, 4;
    %store/vec4 v0x56153329b440_0, 0, 4;
    %load/vec4 v0x561533299e00_0;
    %pad/u 32;
    %cmpi/ne 0, 0, 32;
    %jmp/0xz  T_0.65, 4;
    %pushi/vec4 1, 0, 1;
    %store/vec4 v0x561533299ee0_0, 0, 1;
T_0.65 ;
    %jmp T_0.46;
T_0.46 ;
    %pop/vec4 1;
    %jmp T_0.12;
T_0.9 ;
    %load/vec4 v0x5615332426e0_0;
    %pushi/vec4 0, 0, 3;
    %cmp/e;
    %flag_get/vec4 4;
    %load/vec4 v0x5615332426e0_0;
    %pushi/vec4 1, 0, 3;
    %cmp/e;
    %flag_get/vec4 4;
    %or;
    %nor/r;
    %flag_set/vec4 8;
    %jmp/0xz  T_0.67, 8;
    %pushi/vec4 1, 0, 1;
    %store/vec4 v0x561533299ee0_0, 0, 1;
T_0.67 ;
    %jmp T_0.12;
T_0.10 ;
    %pushi/vec4 1, 0, 1;
    %store/vec4 v0x561533299ee0_0, 0, 1;
    %jmp T_0.12;
T_0.12 ;
    %pop/vec4 1;
    %jmp T_0;
    .thread T_0, $push;
    .scope S_0x5615332f2dd0;
T_1 ;
    %wait E_0x56153329cbb0;
    %load/vec4 v0x56153325b090_0;
    %dup/vec4;
    %pushi/vec4 0, 0, 3;
    %cmp/u;
    %jmp/1 T_1.0, 6;
    %dup/vec4;
    %pushi/vec4 1, 0, 3;
    %cmp/u;
    %jmp/1 T_1.1, 6;
    %dup/vec4;
    %pushi/vec4 2, 0, 3;
    %cmp/u;
    %jmp/1 T_1.2, 6;
    %dup/vec4;
    %pushi/vec4 3, 0, 3;
    %cmp/u;
    %jmp/1 T_1.3, 6;
    %dup/vec4;
    %pushi/vec4 4, 0, 3;
    %cmp/u;
    %jmp/1 T_1.4, 6;
    %pushi/vec4 0, 0, 32;
    %store/vec4 v0x5615332f3000_0, 0, 32;
    %jmp T_1.6;
T_1.0 ;
    %load/vec4 v0x56153325b150_0;
    %parti/s 1, 31, 6;
    %replicate 20;
    %load/vec4 v0x56153325b150_0;
    %parti/s 12, 20, 6;
    %concat/vec4; draw_concat_vec4
    %store/vec4 v0x5615332f3000_0, 0, 32;
    %jmp T_1.6;
T_1.1 ;
    %load/vec4 v0x56153325b150_0;
    %parti/s 1, 31, 6;
    %replicate 20;
    %load/vec4 v0x56153325b150_0;
    %parti/s 7, 25, 6;
    %concat/vec4; draw_concat_vec4
    %load/vec4 v0x56153325b150_0;
    %parti/s 5, 7, 4;
    %concat/vec4; draw_concat_vec4
    %store/vec4 v0x5615332f3000_0, 0, 32;
    %jmp T_1.6;
T_1.2 ;
    %load/vec4 v0x56153325b150_0;
    %parti/s 1, 31, 6;
    %replicate 19;
    %load/vec4 v0x56153325b150_0;
    %parti/s 1, 31, 6;
    %concat/vec4; draw_concat_vec4
    %load/vec4 v0x56153325b150_0;
    %parti/s 1, 7, 4;
    %concat/vec4; draw_concat_vec4
    %load/vec4 v0x56153325b150_0;
    %parti/s 6, 25, 6;
    %concat/vec4; draw_concat_vec4
    %load/vec4 v0x56153325b150_0;
    %parti/s 4, 8, 5;
    %concat/vec4; draw_concat_vec4
    %concati/vec4 0, 0, 1;
    %store/vec4 v0x5615332f3000_0, 0, 32;
    %jmp T_1.6;
T_1.3 ;
    %load/vec4 v0x56153325b150_0;
    %parti/s 20, 12, 5;
    %concati/vec4 0, 0, 12;
    %store/vec4 v0x5615332f3000_0, 0, 32;
    %jmp T_1.6;
T_1.4 ;
    %load/vec4 v0x56153325b150_0;
    %parti/s 1, 31, 6;
    %replicate 11;
    %load/vec4 v0x56153325b150_0;
    %parti/s 1, 31, 6;
    %concat/vec4; draw_concat_vec4
    %load/vec4 v0x56153325b150_0;
    %parti/s 8, 12, 5;
    %concat/vec4; draw_concat_vec4
    %load/vec4 v0x56153325b150_0;
    %parti/s 1, 20, 6;
    %concat/vec4; draw_concat_vec4
    %load/vec4 v0x56153325b150_0;
    %parti/s 10, 21, 6;
    %concat/vec4; draw_concat_vec4
    %concati/vec4 0, 0, 1;
    %store/vec4 v0x5615332f3000_0, 0, 32;
    %jmp T_1.6;
T_1.6 ;
    %pop/vec4 1;
    %jmp T_1;
    .thread T_1, $push;
    .scope S_0x56153329d0f0;
T_2 ;
    %wait E_0x561533243450;
    %load/vec4 v0x5615332b7770_0;
    %dup/vec4;
    %pushi/vec4 0, 0, 4;
    %cmp/u;
    %jmp/1 T_2.0, 6;
    %dup/vec4;
    %pushi/vec4 1, 0, 4;
    %cmp/u;
    %jmp/1 T_2.1, 6;
    %dup/vec4;
    %pushi/vec4 2, 0, 4;
    %cmp/u;
    %jmp/1 T_2.2, 6;
    %dup/vec4;
    %pushi/vec4 3, 0, 4;
    %cmp/u;
    %jmp/1 T_2.3, 6;
    %dup/vec4;
    %pushi/vec4 4, 0, 4;
    %cmp/u;
    %jmp/1 T_2.4, 6;
    %dup/vec4;
    %pushi/vec4 5, 0, 4;
    %cmp/u;
    %jmp/1 T_2.5, 6;
    %dup/vec4;
    %pushi/vec4 6, 0, 4;
    %cmp/u;
    %jmp/1 T_2.6, 6;
    %dup/vec4;
    %pushi/vec4 7, 0, 4;
    %cmp/u;
    %jmp/1 T_2.7, 6;
    %dup/vec4;
    %pushi/vec4 8, 0, 4;
    %cmp/u;
    %jmp/1 T_2.8, 6;
    %dup/vec4;
    %pushi/vec4 9, 0, 4;
    %cmp/u;
    %jmp/1 T_2.9, 6;
    %pushi/vec4 0, 0, 32;
    %store/vec4 v0x5615332b7810_0, 0, 32;
    %jmp T_2.11;
T_2.0 ;
    %load/vec4 v0x5615332f1020_0;
    %load/vec4 v0x5615332f10c0_0;
    %add;
    %store/vec4 v0x5615332b7810_0, 0, 32;
    %jmp T_2.11;
T_2.1 ;
    %load/vec4 v0x5615332f1020_0;
    %load/vec4 v0x5615332f10c0_0;
    %sub;
    %store/vec4 v0x5615332b7810_0, 0, 32;
    %jmp T_2.11;
T_2.2 ;
    %load/vec4 v0x5615332f1020_0;
    %load/vec4 v0x5615332f10c0_0;
    %parti/s 5, 0, 2;
    %ix/vec4 4;
    %shiftl 4;
    %store/vec4 v0x5615332b7810_0, 0, 32;
    %jmp T_2.11;
T_2.3 ;
    %load/vec4 v0x5615332f1020_0;
    %load/vec4 v0x5615332f10c0_0;
    %cmp/s;
    %flag_mov 8, 5;
    %jmp/0 T_2.12, 8;
    %pushi/vec4 1, 0, 32;
    %jmp/1 T_2.13, 8;
T_2.12 ; End of true expr.
    %pushi/vec4 0, 0, 32;
    %jmp/0 T_2.13, 8;
 ; End of false expr.
    %blend;
T_2.13;
    %store/vec4 v0x5615332b7810_0, 0, 32;
    %jmp T_2.11;
T_2.4 ;
    %load/vec4 v0x5615332f1020_0;
    %load/vec4 v0x5615332f10c0_0;
    %cmp/u;
    %flag_mov 8, 5;
    %jmp/0 T_2.14, 8;
    %pushi/vec4 1, 0, 32;
    %jmp/1 T_2.15, 8;
T_2.14 ; End of true expr.
    %pushi/vec4 0, 0, 32;
    %jmp/0 T_2.15, 8;
 ; End of false expr.
    %blend;
T_2.15;
    %store/vec4 v0x5615332b7810_0, 0, 32;
    %jmp T_2.11;
T_2.5 ;
    %load/vec4 v0x5615332f1020_0;
    %load/vec4 v0x5615332f10c0_0;
    %xor;
    %store/vec4 v0x5615332b7810_0, 0, 32;
    %jmp T_2.11;
T_2.6 ;
    %load/vec4 v0x5615332f1020_0;
    %load/vec4 v0x5615332f10c0_0;
    %parti/s 5, 0, 2;
    %ix/vec4 4;
    %shiftr 4;
    %store/vec4 v0x5615332b7810_0, 0, 32;
    %jmp T_2.11;
T_2.7 ;
    %load/vec4 v0x5615332f1020_0;
    %load/vec4 v0x5615332f10c0_0;
    %parti/s 5, 0, 2;
    %ix/vec4 4;
    %shiftr/s 4;
    %store/vec4 v0x5615332b7810_0, 0, 32;
    %jmp T_2.11;
T_2.8 ;
    %load/vec4 v0x5615332f1020_0;
    %load/vec4 v0x5615332f10c0_0;
    %or;
    %store/vec4 v0x5615332b7810_0, 0, 32;
    %jmp T_2.11;
T_2.9 ;
    %load/vec4 v0x5615332f1020_0;
    %load/vec4 v0x5615332f10c0_0;
    %and;
    %store/vec4 v0x5615332b7810_0, 0, 32;
    %jmp T_2.11;
T_2.11 ;
    %pop/vec4 1;
    %jmp T_2;
    .thread T_2, $push;
    .scope S_0x56153325b250;
T_3 ;
    %wait E_0x56153329d8d0;
    %load/vec4 v0x5615332764b0_0;
    %nor/r;
    %flag_set/vec4 8;
    %jmp/0xz  T_3.0, 8;
    %pushi/vec4 0, 0, 32;
    %store/vec4 v0x5615332499f0_0, 0, 32;
T_3.2 ;
    %load/vec4 v0x5615332499f0_0;
    %cmpi/s 32, 0, 32;
    %jmp/0xz T_3.3, 5;
    %pushi/vec4 0, 0, 32;
    %ix/getv/s 3, v0x5615332499f0_0;
    %ix/load 4, 0, 0; Constant delay
    %assign/vec4/a/d v0x56153328fc60, 0, 4;
    %load/vec4 v0x5615332499f0_0;
    %addi 1, 0, 32;
    %store/vec4 v0x5615332499f0_0, 0, 32;
    %jmp T_3.2;
T_3.3 ;
    %jmp T_3.1;
T_3.0 ;
    %load/vec4 v0x561533249c90_0;
    %load/vec4 v0x561533249ad0_0;
    %pushi/vec4 0, 0, 5;
    %cmp/e;
    %flag_get/vec4 4;
    %inv;
    %and;
    %flag_set/vec4 8;
    %jmp/0xz  T_3.4, 8;
    %load/vec4 v0x561533249bb0_0;
    %load/vec4 v0x561533249ad0_0;
    %pad/u 7;
    %ix/vec4 3;
    %ix/load 4, 0, 0; Constant delay
    %assign/vec4/a/d v0x56153328fc60, 0, 4;
T_3.4 ;
T_3.1 ;
    %jmp T_3;
    .thread T_3;
    .scope S_0x56153329aba0;
T_4 ;
    %wait E_0x561533297a00;
    %load/vec4 v0x56153332b600_0;
    %dup/vec4;
    %pushi/vec4 0, 0, 3;
    %cmp/u;
    %jmp/1 T_4.0, 6;
    %dup/vec4;
    %pushi/vec4 1, 0, 3;
    %cmp/u;
    %jmp/1 T_4.1, 6;
    %dup/vec4;
    %pushi/vec4 4, 0, 3;
    %cmp/u;
    %jmp/1 T_4.2, 6;
    %dup/vec4;
    %pushi/vec4 5, 0, 3;
    %cmp/u;
    %jmp/1 T_4.3, 6;
    %dup/vec4;
    %pushi/vec4 6, 0, 3;
    %cmp/u;
    %jmp/1 T_4.4, 6;
    %dup/vec4;
    %pushi/vec4 7, 0, 3;
    %cmp/u;
    %jmp/1 T_4.5, 6;
    %pushi/vec4 0, 0, 1;
    %store/vec4 v0x56153332aae0_0, 0, 1;
    %jmp T_4.7;
T_4.0 ;
    %load/vec4 v0x56153332c5c0_0;
    %load/vec4 v0x56153332c700_0;
    %cmp/e;
    %flag_get/vec4 4;
    %store/vec4 v0x56153332aae0_0, 0, 1;
    %jmp T_4.7;
T_4.1 ;
    %load/vec4 v0x56153332c5c0_0;
    %load/vec4 v0x56153332c700_0;
    %cmp/e;
    %flag_get/vec4 4;
    %inv;
    %store/vec4 v0x56153332aae0_0, 0, 1;
    %jmp T_4.7;
T_4.2 ;
    %load/vec4 v0x56153332c5c0_0;
    %load/vec4 v0x56153332c700_0;
    %cmp/s;
    %flag_get/vec4 5;
    %store/vec4 v0x56153332aae0_0, 0, 1;
    %jmp T_4.7;
T_4.3 ;
    %load/vec4 v0x56153332c700_0;
    %load/vec4 v0x56153332c5c0_0;
    %cmp/s;
    %flag_get/vec4 4;
    %flag_get/vec4 5;
    %or;
    %store/vec4 v0x56153332aae0_0, 0, 1;
    %jmp T_4.7;
T_4.4 ;
    %load/vec4 v0x56153332c5c0_0;
    %load/vec4 v0x56153332c700_0;
    %cmp/u;
    %flag_get/vec4 5;
    %store/vec4 v0x56153332aae0_0, 0, 1;
    %jmp T_4.7;
T_4.5 ;
    %load/vec4 v0x56153332c700_0;
    %load/vec4 v0x56153332c5c0_0;
    %cmp/u;
    %flag_get/vec4 4;
    %flag_get/vec4 5;
    %or;
    %store/vec4 v0x56153332aae0_0, 0, 1;
    %jmp T_4.7;
T_4.7 ;
    %pop/vec4 1;
    %jmp T_4;
    .thread T_4, $push;
    .scope S_0x56153329aba0;
T_5 ;
    %wait E_0x561533242f60;
    %pushi/vec4 0, 0, 32;
    %store/vec4 v0x56153332bea0_0, 0, 32;
    %load/vec4 v0x56153332b600_0;
    %dup/vec4;
    %pushi/vec4 0, 0, 3;
    %cmp/u;
    %jmp/1 T_5.0, 6;
    %dup/vec4;
    %pushi/vec4 1, 0, 3;
    %cmp/u;
    %jmp/1 T_5.1, 6;
    %dup/vec4;
    %pushi/vec4 2, 0, 3;
    %cmp/u;
    %jmp/1 T_5.2, 6;
    %dup/vec4;
    %pushi/vec4 4, 0, 3;
    %cmp/u;
    %jmp/1 T_5.3, 6;
    %dup/vec4;
    %pushi/vec4 5, 0, 3;
    %cmp/u;
    %jmp/1 T_5.4, 6;
    %pushi/vec4 0, 0, 32;
    %store/vec4 v0x56153332bea0_0, 0, 32;
    %jmp T_5.6;
T_5.0 ;
    %load/vec4 v0x56153332c840_0;
    %parti/s 1, 7, 4;
    %replicate 24;
    %load/vec4 v0x56153332c840_0;
    %parti/s 8, 0, 2;
    %concat/vec4; draw_concat_vec4
    %store/vec4 v0x56153332bea0_0, 0, 32;
    %jmp T_5.6;
T_5.1 ;
    %load/vec4 v0x56153332c840_0;
    %parti/s 1, 15, 5;
    %replicate 16;
    %load/vec4 v0x56153332c840_0;
    %parti/s 16, 0, 2;
    %concat/vec4; draw_concat_vec4
    %store/vec4 v0x56153332bea0_0, 0, 32;
    %jmp T_5.6;
T_5.2 ;
    %load/vec4 v0x56153332c840_0;
    %store/vec4 v0x56153332bea0_0, 0, 32;
    %jmp T_5.6;
T_5.3 ;
    %pushi/vec4 0, 0, 24;
    %load/vec4 v0x56153332c840_0;
    %parti/s 8, 0, 2;
    %concat/vec4; draw_concat_vec4
    %store/vec4 v0x56153332bea0_0, 0, 32;
    %jmp T_5.6;
T_5.4 ;
    %pushi/vec4 0, 0, 16;
    %load/vec4 v0x56153332c840_0;
    %parti/s 16, 0, 2;
    %concat/vec4; draw_concat_vec4
    %store/vec4 v0x56153332bea0_0, 0, 32;
    %jmp T_5.6;
T_5.6 ;
    %pop/vec4 1;
    %jmp T_5;
    .thread T_5, $push;
    .scope S_0x56153329aba0;
T_6 ;
    %wait E_0x5615332f4a90;
    %pushi/vec4 0, 0, 4;
    %store/vec4 v0x56153332b460_0, 0, 4;
    %pushi/vec4 0, 0, 32;
    %store/vec4 v0x56153332b2c0_0, 0, 32;
    %load/vec4 v0x56153332b600_0;
    %dup/vec4;
    %pushi/vec4 0, 0, 3;
    %cmp/u;
    %jmp/1 T_6.0, 6;
    %dup/vec4;
    %pushi/vec4 1, 0, 3;
    %cmp/u;
    %jmp/1 T_6.1, 6;
    %dup/vec4;
    %pushi/vec4 2, 0, 3;
    %cmp/u;
    %jmp/1 T_6.2, 6;
    %pushi/vec4 0, 0, 4;
    %store/vec4 v0x56153332b460_0, 0, 4;
    %pushi/vec4 0, 0, 32;
    %store/vec4 v0x56153332b2c0_0, 0, 32;
    %jmp T_6.4;
T_6.0 ;
    %pushi/vec4 1, 0, 4;
    %load/vec4 v0x56153332b040_0;
    %parti/s 2, 0, 2;
    %ix/vec4 4;
    %shiftl 4;
    %store/vec4 v0x56153332b460_0, 0, 4;
    %pushi/vec4 0, 0, 24;
    %load/vec4 v0x56153332c700_0;
    %parti/s 8, 0, 2;
    %concat/vec4; draw_concat_vec4
    %load/vec4 v0x56153332b040_0;
    %parti/s 2, 0, 2;
    %concati/vec4 0, 0, 3;
    %ix/vec4 4;
    %shiftl 4;
    %store/vec4 v0x56153332b2c0_0, 0, 32;
    %jmp T_6.4;
T_6.1 ;
    %pushi/vec4 3, 0, 4;
    %load/vec4 v0x56153332b040_0;
    %parti/s 2, 0, 2;
    %ix/vec4 4;
    %shiftl 4;
    %store/vec4 v0x56153332b460_0, 0, 4;
    %pushi/vec4 0, 0, 16;
    %load/vec4 v0x56153332c700_0;
    %parti/s 16, 0, 2;
    %concat/vec4; draw_concat_vec4
    %load/vec4 v0x56153332b040_0;
    %parti/s 2, 0, 2;
    %concati/vec4 0, 0, 3;
    %ix/vec4 4;
    %shiftl 4;
    %store/vec4 v0x56153332b2c0_0, 0, 32;
    %jmp T_6.4;
T_6.2 ;
    %pushi/vec4 15, 0, 4;
    %store/vec4 v0x56153332b460_0, 0, 4;
    %load/vec4 v0x56153332c700_0;
    %store/vec4 v0x56153332b2c0_0, 0, 32;
    %jmp T_6.4;
T_6.4 ;
    %pop/vec4 1;
    %jmp T_6;
    .thread T_6, $push;
    .scope S_0x56153329aba0;
T_7 ;
    %wait E_0x5615332f4600;
    %pushi/vec4 0, 0, 1;
    %store/vec4 v0x56153332bf80_0, 0, 1;
    %load/vec4 v0x56153332c040_0;
    %flag_set/vec4 8;
    %load/vec4 v0x56153332c0e0_0;
    %flag_set/vec4 9;
    %flag_or 9, 8;
    %jmp/0xz  T_7.0, 9;
    %load/vec4 v0x56153332b600_0;
    %dup/vec4;
    %pushi/vec4 1, 0, 3;
    %cmp/u;
    %jmp/1 T_7.2, 6;
    %dup/vec4;
    %pushi/vec4 5, 0, 3;
    %cmp/u;
    %jmp/1 T_7.3, 6;
    %dup/vec4;
    %pushi/vec4 2, 0, 3;
    %cmp/u;
    %jmp/1 T_7.4, 6;
    %pushi/vec4 0, 0, 1;
    %store/vec4 v0x56153332bf80_0, 0, 1;
    %jmp T_7.6;
T_7.2 ;
    %load/vec4 v0x56153332b040_0;
    %parti/s 1, 0, 2;
    %store/vec4 v0x56153332bf80_0, 0, 1;
    %jmp T_7.6;
T_7.3 ;
    %load/vec4 v0x56153332b040_0;
    %parti/s 1, 0, 2;
    %store/vec4 v0x56153332bf80_0, 0, 1;
    %jmp T_7.6;
T_7.4 ;
    %load/vec4 v0x56153332b040_0;
    %parti/s 2, 0, 2;
    %or/r;
    %store/vec4 v0x56153332bf80_0, 0, 1;
    %jmp T_7.6;
T_7.6 ;
    %pop/vec4 1;
T_7.0 ;
    %jmp T_7;
    .thread T_7, $push;
    .scope S_0x56153329aba0;
T_8 ;
    %wait E_0x5615332778c0;
    %load/vec4 v0x56153332cb20_0;
    %dup/vec4;
    %pushi/vec4 1, 0, 2;
    %cmp/u;
    %jmp/1 T_8.0, 6;
    %dup/vec4;
    %pushi/vec4 2, 0, 2;
    %cmp/u;
    %jmp/1 T_8.1, 6;
    %load/vec4 v0x56153332a9a0_0;
    %store/vec4 v0x56153332ca60_0, 0, 32;
    %jmp T_8.3;
T_8.0 ;
    %load/vec4 v0x56153332bea0_0;
    %store/vec4 v0x56153332ca60_0, 0, 32;
    %jmp T_8.3;
T_8.1 ;
    %load/vec4 v0x56153332c240_0;
    %store/vec4 v0x56153332ca60_0, 0, 32;
    %jmp T_8.3;
T_8.3 ;
    %pop/vec4 1;
    %jmp T_8;
    .thread T_8, $push;
    .scope S_0x56153329aba0;
T_9 ;
    %wait E_0x56153329d8d0;
    %load/vec4 v0x56153332c7a0_0;
    %nor/r;
    %flag_set/vec4 8;
    %jmp/0xz  T_9.0, 8;
    %pushi/vec4 0, 0, 32;
    %assign/vec4 v0x56153332c180_0, 0;
    %pushi/vec4 0, 0, 1;
    %assign/vec4 v0x56153332c8e0_0, 0;
    %pushi/vec4 0, 0, 32;
    %assign/vec4 v0x56153332c980_0, 0;
    %jmp T_9.1;
T_9.0 ;
    %load/vec4 v0x56153332c8e0_0;
    %nor/r;
    %flag_set/vec4 8;
    %jmp/0xz  T_9.2, 8;
    %load/vec4 v0x56153332b540_0;
    %flag_set/vec4 8;
    %jmp/0xz  T_9.4, 8;
    %pushi/vec4 1, 0, 1;
    %assign/vec4 v0x56153332c8e0_0, 0;
    %load/vec4 v0x56153332c180_0;
    %assign/vec4 v0x56153332c980_0, 0;
    %jmp T_9.5;
T_9.4 ;
    %load/vec4 v0x56153332ac20_0;
    %flag_set/vec4 8;
    %jmp/0xz  T_9.6, 8;
    %load/vec4 v0x56153332acc0_0;
    %assign/vec4 v0x56153332c180_0, 0;
    %jmp T_9.7;
T_9.6 ;
    %load/vec4 v0x56153332c240_0;
    %assign/vec4 v0x56153332c180_0, 0;
T_9.7 ;
T_9.5 ;
T_9.2 ;
T_9.1 ;
    %jmp T_9;
    .thread T_9;
    .scope S_0x561533299560;
T_10 ;
    %pushi/vec4 0, 0, 32;
    %store/vec4 v0x56153332dcf0_0, 0, 32;
T_10.0 ;
    %load/vec4 v0x56153332dcf0_0;
    %cmpi/s 4096, 0, 32;
    %jmp/0xz T_10.1, 5;
    %pushi/vec4 19, 0, 32;
    %ix/getv/s 4, v0x56153332dcf0_0;
    %store/vec4a v0x56153332ddd0, 4, 0;
    %load/vec4 v0x56153332dcf0_0;
    %addi 1, 0, 32;
    %store/vec4 v0x56153332dcf0_0, 0, 32;
    %jmp T_10.0;
T_10.1 ;
    %vpi_call 3 33 "$readmemh", P_0x5615332f1530, v0x56153332ddd0 {0 0 0};
    %end;
    .thread T_10;
    .scope S_0x561533299560;
T_11 ;
    %wait E_0x5615332774a0;
    %load/vec4 v0x56153332d690_0;
    %parti/s 30, 2, 3;
    %pad/u 32;
    %cmpi/u 4096, 0, 32;
    %jmp/0xz  T_11.0, 5;
    %load/vec4 v0x56153332d690_0;
    %parti/s 30, 2, 3;
    %ix/vec4 4;
    %load/vec4a v0x56153332ddd0, 4;
    %store/vec4 v0x56153332d730_0, 0, 32;
    %jmp T_11.1;
T_11.0 ;
    %load/vec4 v0x56153332d690_0;
    %cmpi/e 268435460, 0, 32;
    %jmp/0xz  T_11.2, 4;
    %load/vec4 v0x56153332dae0_0;
    %store/vec4 v0x56153332d730_0, 0, 32;
    %jmp T_11.3;
T_11.2 ;
    %pushi/vec4 0, 0, 32;
    %store/vec4 v0x56153332d730_0, 0, 32;
T_11.3 ;
T_11.1 ;
    %jmp T_11;
    .thread T_11, $push;
    .scope S_0x561533299560;
T_12 ;
    %wait E_0x56153329d8d0;
    %load/vec4 v0x561533374140_0;
    %nor/r;
    %flag_set/vec4 8;
    %jmp/0xz  T_12.0, 8;
    %pushi/vec4 0, 0, 1;
    %assign/vec4 v0x561533374310_0, 0;
    %pushi/vec4 0, 0, 32;
    %assign/vec4 v0x561533374230_0, 0;
    %pushi/vec4 0, 0, 32;
    %assign/vec4 v0x56153332dae0_0, 0;
    %jmp T_12.1;
T_12.0 ;
    %load/vec4 v0x56153332d7d0_0;
    %load/vec4 v0x56153332d940_0;
    %and;
    %flag_set/vec4 8;
    %jmp/0xz  T_12.2, 8;
    %load/vec4 v0x56153332d690_0;
    %parti/s 30, 2, 3;
    %pad/u 32;
    %cmpi/u 4096, 0, 32;
    %jmp/0xz  T_12.4, 5;
    %load/vec4 v0x56153332da10_0;
    %parti/s 1, 0, 2;
    %flag_set/vec4 8;
    %jmp/0xz  T_12.6, 8;
    %load/vec4 v0x56153332d870_0;
    %parti/s 8, 0, 2;
    %load/vec4 v0x56153332d690_0;
    %parti/s 30, 2, 3;
    %ix/vec4 3;
    %ix/load 4, 0, 0; Constant delay
    %assign/vec4/a/d v0x56153332ddd0, 0, 4;
T_12.6 ;
    %load/vec4 v0x56153332da10_0;
    %parti/s 1, 1, 2;
    %flag_set/vec4 8;
    %jmp/0xz  T_12.8, 8;
    %load/vec4 v0x56153332d870_0;
    %parti/s 8, 8, 5;
    %load/vec4 v0x56153332d690_0;
    %parti/s 30, 2, 3;
    %ix/vec4 3;
    %ix/load 4, 8, 0; part off
    %ix/load 5, 0, 0; Constant delay
    %assign/vec4/a/d v0x56153332ddd0, 4, 5;
T_12.8 ;
    %load/vec4 v0x56153332da10_0;
    %parti/s 1, 2, 3;
    %flag_set/vec4 8;
    %jmp/0xz  T_12.10, 8;
    %load/vec4 v0x56153332d870_0;
    %parti/s 8, 16, 6;
    %load/vec4 v0x56153332d690_0;
    %parti/s 30, 2, 3;
    %ix/vec4 3;
    %ix/load 4, 16, 0; part off
    %ix/load 5, 0, 0; Constant delay
    %assign/vec4/a/d v0x56153332ddd0, 4, 5;
T_12.10 ;
    %load/vec4 v0x56153332da10_0;
    %parti/s 1, 3, 3;
    %flag_set/vec4 8;
    %jmp/0xz  T_12.12, 8;
    %load/vec4 v0x56153332d870_0;
    %parti/s 8, 24, 6;
    %load/vec4 v0x56153332d690_0;
    %parti/s 30, 2, 3;
    %ix/vec4 3;
    %ix/load 4, 24, 0; part off
    %ix/load 5, 0, 0; Constant delay
    %assign/vec4/a/d v0x56153332ddd0, 4, 5;
T_12.12 ;
    %jmp T_12.5;
T_12.4 ;
    %load/vec4 v0x56153332d690_0;
    %cmpi/e 268435456, 0, 32;
    %jmp/0xz  T_12.14, 4;
    %pushi/vec4 1, 0, 1;
    %assign/vec4 v0x561533374310_0, 0;
    %load/vec4 v0x56153332d870_0;
    %assign/vec4 v0x561533374230_0, 0;
    %jmp T_12.15;
T_12.14 ;
    %load/vec4 v0x56153332d690_0;
    %cmpi/e 268435460, 0, 32;
    %jmp/0xz  T_12.16, 4;
    %load/vec4 v0x56153332da10_0;
    %parti/s 1, 0, 2;
    %flag_set/vec4 8;
    %jmp/0xz  T_12.18, 8;
    %load/vec4 v0x56153332d870_0;
    %parti/s 8, 0, 2;
    %ix/load 4, 0, 0;
    %ix/load 5, 0, 0;
    %flag_set/imm 4, 0;
    %assign/vec4/off/d v0x56153332dae0_0, 4, 5;
T_12.18 ;
    %load/vec4 v0x56153332da10_0;
    %parti/s 1, 1, 2;
    %flag_set/vec4 8;
    %jmp/0xz  T_12.20, 8;
    %load/vec4 v0x56153332d870_0;
    %parti/s 8, 8, 5;
    %ix/load 4, 8, 0;
    %ix/load 5, 0, 0;
    %flag_set/imm 4, 0;
    %assign/vec4/off/d v0x56153332dae0_0, 4, 5;
T_12.20 ;
    %load/vec4 v0x56153332da10_0;
    %parti/s 1, 2, 3;
    %flag_set/vec4 8;
    %jmp/0xz  T_12.22, 8;
    %load/vec4 v0x56153332d870_0;
    %parti/s 8, 16, 6;
    %ix/load 4, 16, 0;
    %ix/load 5, 0, 0;
    %flag_set/imm 4, 0;
    %assign/vec4/off/d v0x56153332dae0_0, 4, 5;
T_12.22 ;
    %load/vec4 v0x56153332da10_0;
    %parti/s 1, 3, 3;
    %flag_set/vec4 8;
    %jmp/0xz  T_12.24, 8;
    %load/vec4 v0x56153332d870_0;
    %parti/s 8, 24, 6;
    %ix/load 4, 24, 0;
    %ix/load 5, 0, 0;
    %flag_set/imm 4, 0;
    %assign/vec4/off/d v0x56153332dae0_0, 4, 5;
T_12.24 ;
T_12.16 ;
T_12.15 ;
T_12.5 ;
T_12.2 ;
T_12.1 ;
    %jmp T_12;
    .thread T_12;
    .scope S_0x56153329c500;
T_13 ;
    %pushi/vec4 0, 0, 1;
    %store/vec4 v0x5615333745e0_0, 0, 1;
    %pushi/vec4 0, 0, 1;
    %store/vec4 v0x561533374880_0, 0, 1;
    %end;
    .thread T_13;
    .scope S_0x56153329c500;
T_14 ;
    %delay 5000, 0;
    %load/vec4 v0x5615333745e0_0;
    %inv;
    %store/vec4 v0x5615333745e0_0, 0, 1;
    %jmp T_14;
    .thread T_14;
    .scope S_0x56153329c500;
T_15 ;
    %vpi_call 2 26 "$dumpfile", "wave/tb_soc.vcd" {0 0 0};
    %vpi_call 2 27 "$dumpvars", 32'sb00000000000000000000000000000000, S_0x56153329c500 {0 0 0};
    %pushi/vec4 5, 0, 32;
T_15.0 %dup/vec4;
    %pushi/vec4 0, 0, 32;
    %cmp/s;
    %jmp/1xz T_15.1, 5;
    %jmp/1 T_15.1, 4;
    %pushi/vec4 1, 0, 32;
    %sub;
    %wait E_0x561533276c40;
    %jmp T_15.0;
T_15.1 ;
    %pop/vec4 1;
    %pushi/vec4 1, 0, 1;
    %assign/vec4 v0x561533374880_0, 0;
    %pushi/vec4 0, 0, 32;
    %store/vec4 v0x5615333746a0_0, 0, 32;
T_15.2 ;
    %load/vec4 v0x561533374a10_0;
    %nor/r;
    %load/vec4 v0x561533374ae0_0;
    %nor/r;
    %and;
    %load/vec4 v0x5615333746a0_0;
    %cmpi/s 200, 0, 32;
    %flag_get/vec4 5;
    %and;
    %flag_set/vec4 8;
    %jmp/0xz T_15.3, 8;
    %wait E_0x561533276c40;
    %load/vec4 v0x5615333746a0_0;
    %addi 1, 0, 32;
    %store/vec4 v0x5615333746a0_0, 0, 32;
    %jmp T_15.2;
T_15.3 ;
    %load/vec4 v0x561533374ae0_0;
    %flag_set/vec4 8;
    %jmp/0xz  T_15.4, 8;
    %vpi_call 2 37 "$fatal", 32'sb00000000000000000000000000000001, "CPU trapped before program completion" {0 0 0};
T_15.4 ;
    %load/vec4 v0x561533374a10_0;
    %nor/r;
    %flag_set/vec4 8;
    %jmp/0xz  T_15.6, 8;
    %vpi_call 2 38 "$fatal", 32'sb00000000000000000000000000000001, "timeout waiting for tohost" {0 0 0};
T_15.6 ;
    %load/vec4 v0x561533374920_0;
    %cmpi/ne 1, 0, 32;
    %jmp/0xz  T_15.8, 6;
    %vpi_call 2 40 "$fatal", 32'sb00000000000000000000000000000001, "program failed, tohost=%h", v0x561533374920_0 {0 0 0};
T_15.8 ;
    %vpi_call 2 42 "$display", "TB_SOC PASS in %0d cycles", v0x5615333746a0_0 {0 0 0};
    %vpi_call 2 43 "$finish" {0 0 0};
    %end;
    .thread T_15;
# The file index is used to find the file name in the following table.
:file_names 9;
    "N/A";
    "<interactive>";
    "tb/tb_soc.v";
    "src/simple_soc.v";
    "src/rv32_core_singlecycle.v";
    "src/rv32_alu.v";
    "src/rv32_decoder.v";
    "src/rv32_immgen.v";
    "src/rv32_regfile.v";
